fips,state,county,seat,lat,lon,int_lat,int_lon,point_source
01001,AL,Autauga County,Prattville,32.459135,-86.451305,32.532237,-86.64644,seat
01003,AL,Baldwin County,Bay Minette,30.883446,-87.777183,30.659218,-87.746067,seat
01005,AL,Barbour County,Clayton,31.877504,-85.449024,31.870253,-85.405104,seat
01007,AL,Bibb County,Centreville,32.95,-87.134708,33.015893,-87.127148,seat
01009,AL,Blount County,Oneonta,33.942222222222,-86.478888888889,33.977358,-86.56644,seat
01011,AL,Bullock County,Union Springs,32.14,-85.712777777778,32.101759,-85.717261,seat
01013,AL,Butler County,Greenville,31.831273,-86.627567,31.751667,-86.681969,seat
01015,AL,Calhoun County,Anniston,33.663003,-85.826664,33.770516,-85.827909,seat
01017,AL,Chambers County,LaFayette,32.898572,-85.400784,32.915504,-85.394032,seat
01019,AL,Cherokee County,Centre,34.159181,-85.674742,34.069515,-85.654242,seat
01021,AL,Chilton County,Clanton,32.83981,-86.628188,32.854051,-86.726607,seat
01023,AL,Choctaw County,Butler,32.091526,-88.220684,31.990954,-88.248889,seat
01025,AL,Clarke County,Grove Hill,31.706137,-87.774274,31.685521,-87.818624,seat
01027,AL,Clay County,Ashland,33.272206,-85.836925,33.2704,-85.863525,seat
01029,AL,Cleburne County,Heflin,33.643754,-85.582701,33.671964,-85.516126,seat
01031,AL,Coffee County,Elba,31.417263,-86.077442,31.402258,-85.989602,seat
01033,AL,Colbert County,Tuscumbia,34.730839,-87.702854,34.703112,-87.801457,seat
01035,AL,Conecuh County,Evergreen,31.435025,-86.954905,31.430926,-86.988722,seat
01037,AL,Coosa County,Rockford,32.888181,-86.219575,32.931445,-86.243482,seat
01039,AL,Covington County,Andalusia,31.309,-86.479,31.243987,-86.448721,seat
01041,AL,Crenshaw County,Luverne,31.7144,-86.2633,31.730311,-86.320038,seat
01043,AL,Cullman County,Cullman,34.1775,-86.8447,34.131923,-86.869267,seat
01045,AL,Dale County,Ozark,31.448169,-85.642009,31.430654,-85.609476,seat
01047,AL,Dallas County,Selma,32.416388888889,-87.024722222222,32.333526,-87.11436,seat
01049,AL,DeKalb County,Fort Payne,34.453829,-85.706648,34.460915,-85.804021,seat
01051,AL,Elmore County,Wetumpka,32.540972,-86.207726,32.597229,-86.142735,seat
01053,AL,Escambia County,Brewton,31.117706,-87.071164,31.122287,-87.16841,seat
01055,AL,Etowah County,Gadsden,34.010147,-86.010356,34.047641,-86.034263,seat
01057,AL,Fayette County,Fayette,33.692068,-87.832358,33.716157,-87.764292,seat
01059,AL,Franklin County,Russellville,34.510344,-87.728248,34.441989,-87.842814,seat
01061,AL,Geneva County,Geneva,31.0411132,-85.8764248,31.092382,-85.821022,seat
01063,AL,Greene County,Eutaw,32.840555555556,-87.889166666667,32.844497,-87.9642,seat
01065,AL,Hale County,Greensboro,32.70234,-87.596216,32.752796,-87.623061,seat
01067,AL,Henry County,Abbeville,31.566388888889,-85.251388888889,31.516978,-85.239971,seat
01069,AL,Houston County,Dothan,31.227222222222,-85.407222222222,31.158183,-85.296411,seat
01071,AL,Jackson County,Scottsboro,34.67231,-86.03415,34.764114,-85.980056,seat
01073,AL,Jefferson County,Birmingham,33.5175,-86.809444444444,33.553444,-86.896536,seat
01075,AL,Lamar County,Vernon,33.756414,-88.111409,33.787085,-88.087431,seat
01077,AL,Lauderdale County,Florence,34.820277777778,-87.662777777778,34.904168,-87.651108,seat
01079,AL,Lawrence County,Moulton,34.482307,-87.285621,34.529776,-87.321865,seat
01081,AL,Lee County,Opelika,32.647183333333,-85.389402777778,32.604064,-85.353048,seat
01083,AL,Limestone County,Athens,34.791666666667,-86.966666666667,34.810239,-86.981399,seat
01085,AL,Lowndes County,Hayneville,32.182365,-86.580468,32.147888,-86.650586,seat
01087,AL,Macon County,Tuskegee,32.431506,-85.706781,32.387027,-85.692887,seat
01089,AL,Madison County,Huntsville,34.713611111111,-86.586111111111,34.764238,-86.55108,seat
01091,AL,Marengo County,Linden,32.301111111111,-87.792777777778,32.247591,-87.791091,seat
01093,AL,Marion County,Hamilton,34.135305,-87.98898,34.138219,-87.881551,seat
01095,AL,Marshall County,Guntersville,34.348197,-86.294523,34.309564,-86.321668,seat
01097,AL,Mobile County,Mobile,30.727669444444,-88.052672222222,30.684572,-88.196568,seat
01099,AL,Monroe County,Monroeville,31.518075,-87.327543,31.580353,-87.383342,seat
01101,AL,Montgomery County,Montgomery,32.3675,-86.3,32.202881,-86.204461,seat
01103,AL,Morgan County,Decatur,34.580992,-86.983392,34.454484,-86.846402,seat
01105,AL,Perry County,Marion,32.632838,-87.317284,32.639005,-87.293827,seat
01107,AL,Pickens County,Carrollton,33.260858,-88.094452,33.2968,-88.096864,seat
01109,AL,Pike County,Troy,31.80196,-85.967317,31.798653,-85.941608,seat
01111,AL,Randolph County,Wedowee,33.308603,-85.485447,33.296461,-85.464064,seat
01113,AL,Russell County,Phenix City,32.472777777778,-85.02,32.289811,-85.18698,seat
01115,AL,St. Clair County,Pell City,33.570907,-86.273845,33.719491,-86.311327,seat
01117,AL,Shelby County,Columbiana,33.183545,-86.609365,33.266893,-86.661007,seat
01119,AL,Sumter County,Livingston,32.587332,-88.188161,32.597481,-88.200057,seat
01121,AL,Talladega County,Talladega,33.434728,-86.101299,33.369314,-86.17593,seat
01123,AL,Tallapoosa County,Dadeville,32.831388888889,-85.763611111111,32.863308,-85.799618,seat
01125,AL,Tuscaloosa County,Tuscaloosa,33.206666666667,-87.534722222222,33.29022,-87.522783,seat
01127,AL,Walker County,Jasper,33.842347,-87.277174,33.791558,-87.301094,seat
01129,AL,Washington County,Chatom,31.461666666667,-88.248055555556,31.408503,-88.212404,seat
01131,AL,Wilcox County,Camden,31.998851,-87.295743,31.990082,-87.304935,seat
01133,AL,Winston County,Double Springs,34.151642,-87.40439,34.154566,-87.365346,seat
04001,AZ,Apache County,St. Johns,34.501944444444,-109.37166666667,35.385084,-109.490172,seat
04003,AZ,Cochise County,Bisbee,31.418333333333,-109.89777777778,31.840129,-109.775163,seat
04005,AZ,Coconino County,Flagstaff,35.199166666667,-111.63111111111,35.829692,-111.773728,seat
04007,AZ,Gila County,Globe,33.399722222222,-110.78166666667,33.789618,-110.81187,seat
04009,AZ,Graham County,Safford,32.823055555556,-109.71444444444,32.931828,-109.87831,seat
04011,AZ,Greenlee County,Clifton,33.0509,-109.29618,33.238872,-109.242323,seat
04012,AZ,La Paz County,Parker,34.15,-114.28888888889,33.72761,-114.038806,seat
04013,AZ,Maricopa County,Phoenix,33.448333333333,-112.07388888889,33.345176,-112.49893,seat
04015,AZ,Mohave County,Kingman,35.208333333333,-114.025,35.717705,-113.749689,seat
04017,AZ,Navajo County,Holbrook,34.907222222222,-110.16277777778,35.390785,-110.321025,seat
04019,AZ,Pima County,Tucson,32.221666666667,-110.92638888889,32.128038,-111.783657,seat
04021,AZ,Pinal County,Florence,33.038611111111,-111.38694444444,32.918521,-111.366339,seat
04023,AZ,Santa Cruz County,Nogales,31.353888888889,-110.93916666667,31.525733,-110.845228,seat
04025,AZ,Yavapai County,Prescott,34.5400242,-112.4685025,34.631071,-112.577225,seat
04027,AZ,Yuma County,Yuma,32.692222222222,-114.61527777778,32.773942,-113.910905,seat
05001,AR,Arkansas County,DeWitt,34.291388888889,-91.336944444444,34.28957,-91.376547,seat
05003,AR,Ashley County,Hamburg,33.2275,-91.798333333333,33.190835,-91.772267,seat
05005,AR,Baxter County,Mountain Home,36.336111111111,-92.382222222222,36.280268,-92.329949,seat
05007,AR,Benton County,Bentonville,36.366666666667,-94.213333333333,36.337819,-94.256298,seat
05009,AR,Boone County,Harrison,36.237222222222,-93.113611111111,36.304299,-93.079236,seat
05011,AR,Bradley County,Warren,33.6125,-92.066666666667,33.466549,-92.169156,seat
05013,AR,Calhoun County,Hampton,33.536944444444,-92.465555555556,33.56046,-92.513879,seat
05015,AR,Carroll County,Eureka Springs,36.4031,-93.7383,36.33737,-93.540972,seat
05017,AR,Chicot County,Lake Village,33.331666666667,-91.283611111111,33.267139,-91.297158,seat
05019,AR,Clark County,Arkadelphia,34.121666666667,-93.066111111111,34.053316,-93.176208,seat
05021,AR,Clay County,Piggott,36.3839,-90.1928,36.367302,-90.418704,seat
05023,AR,Cleburne County,Heber Springs,35.494444444444,-92.039166666667,35.593628,-92.008898,seat
05025,AR,Cleveland County,Rison,33.957222222222,-92.189722222222,33.893201,-92.188714,seat
05027,AR,Columbia County,Magnolia,33.27389,-93.23333,33.223038,-93.232843,seat
05029,AR,Conway County,Morrilton,35.156388888889,-92.741944444444,35.26569,-92.689249,seat
05031,AR,Craighead County,Lake City,35.8178,-90.44,35.827729,-90.631421,seat
05033,AR,Crawford County,Van Buren,35.444444444444,-94.346666666667,35.582959,-94.236193,seat
05035,AR,Crittenden County,Marion,35.206111111111,-90.201666666667,35.197559,-90.30512,seat
05037,AR,Cross County,Wynne,35.2275,-90.7894,35.285692,-90.763984,seat
05039,AR,Dallas County,Fordyce,33.814722222222,-92.414444444444,33.967823,-92.653999,seat
05041,AR,Desha County,Napoleon,33.795638888889,-91.107111111111,33.828752,-91.244103,seat
05043,AR,Drew County,Monticello,33.627222222222,-91.793888888889,33.587242,-91.722778,seat
05045,AR,Faulkner County,Conway,35.087222222222,-92.453333333333,35.146548,-92.336928,seat
05047,AR,Franklin County,Charleston,35.298611111111,-94.040833333333,35.508558,-93.887665,seat
05049,AR,Fulton County,Salem,36.370555555556,-91.823888888889,36.381322,-91.819285,seat
05051,AR,Garland County,Hot Springs,34.503611111111,-93.055277777778,34.578852,-93.146932,seat
05053,AR,Grant County,Sheridan,34.307041666667,-92.401263888889,34.285568,-92.422979,seat
05055,AR,Greene County,Paragould,36.056944444444,-90.503055555556,36.120607,-90.566346,seat
05057,AR,Hempstead County,Hope,33.667778,-93.592222,33.735953,-93.664355,seat
05059,AR,Hot Spring County,Malvern,34.363888888889,-92.810833333333,34.315177,-92.944147,seat
05061,AR,Howard County,Nashville,33.9419,-93.8481,34.083064,-93.990931,seat
05063,AR,Independence County,Batesville,35.773611111111,-91.641388888889,35.737499,-91.559942,seat
05065,AR,Izard County,Melbourne,36.059722222222,-91.894444444444,36.094879,-91.913625,seat
05067,AR,Jackson County,Newport,35.611944444444,-91.262222222222,35.596467,-91.223205,seat
05069,AR,Jefferson County,Pine Bluff,34.228444444444,-92.003194444444,34.277239,-91.929673,seat
05071,AR,Johnson County,Clarksville,35.463888888889,-93.477222222222,35.573359,-93.466322,seat
05073,AR,Lafayette County,Lewisville,33.360555555556,-93.579444444444,33.240629,-93.611514,seat
05075,AR,Lawrence County,Walnut Ridge,36.0725,-90.9569,36.041098,-91.101153,seat
05077,AR,Lee County,Marianna,34.773888888889,-90.765,34.779505,-90.779717,seat
05079,AR,Lincoln County,Star City,33.940833333333,-91.8425,33.956385,-91.742355,seat
05081,AR,Little River County,Ashdown,33.673333333333,-94.127222222222,33.701941,-94.236287,seat
05083,AR,Logan County,Booneville,35.139722222222,-93.921388888889,35.218654,-93.72091,seat
05085,AR,Lonoke County,Lonoke,34.7842,-91.9008,34.755114,-91.894132,seat
05087,AR,Madison County,Huntsville,36.089722222222,-93.735,36.012545,-93.724053,seat
05089,AR,Marion County,Yellville,36.2297,-92.6853,36.266664,-92.678577,seat
05091,AR,Miller County,Texarkana,33.433055555556,-94.020555555556,33.305505,-93.901502,seat
05093,AR,Mississippi County,Blytheville,35.930833333333,-89.913888888889,35.766944,-90.052207,seat
05095,AR,Monroe County,Clarendon,34.694166666667,-91.308333333333,34.679512,-91.20331,seat
05097,AR,Montgomery County,Mount Ida,34.5539,-93.6306,34.545656,-93.664153,seat
05099,AR,Nevada County,Prescott,33.8025,-93.381944444444,33.666699,-93.305072,seat
05101,AR,Newton County,Jasper,36.0086,-93.1856,35.910742,-93.215898,seat
05103,AR,Ouachita County,Camden,33.570833333333,-92.835,33.591168,-92.878413,seat
05105,AR,Perry County,Perryville,35.0058,-92.8031,34.946363,-92.926877,seat
05107,AR,Phillips County,Helena-West Helena,34.529166666667,-90.59,34.423687,-90.855593,seat
05109,AR,Pike County,Murfreesboro,34.0664,-93.6892,34.158191,-93.658659,seat
05111,AR,Poinsett County,Harrisburg,35.5642,-90.7222,35.56887,-90.681104,seat
05113,AR,Polk County,Mena,34.582222222222,-94.239166666667,34.49096,-94.230894,seat
05115,AR,Pope County,Russellville,35.2783,-93.1369,35.456557,-93.026818,seat
05117,AR,Prairie County,DeValls Bluff,34.784722222222,-91.460277777778,34.831116,-91.55362,seat
05119,AR,Pulaski County,Little Rock,34.744444444444,-92.288055555556,34.770311,-92.312996,seat
05121,AR,Randolph County,Pocahontas,36.2636,-90.9733,36.341298,-91.028441,seat
05123,AR,St. Francis County,Forrest City,35.01,-90.7875,35.022838,-90.751506,seat
05125,AR,Saline County,Benton,34.570833333333,-92.576944444444,34.648525,-92.674463,seat
05127,AR,Scott County,Waldron,34.899166666667,-94.091388888889,34.858869,-94.063641,seat
05129,AR,Searcy County,Marshall,35.90972,-92.63611,35.896387,-92.695888,seat
05131,AR,Sebastian County,Greenwood,35.215555555556,-94.253333333333,35.196981,-94.274989,seat
05133,AR,Sevier County,De Queen,34.04,-94.341944444444,33.994877,-94.243279,seat
05135,AR,Sharp County,Ash Flat,36.231111111111,-91.609166666667,36.173399,-91.471069,seat
05137,AR,Stone County,Mountain View,35.865,-92.108611111111,35.857001,-92.140482,seat
05139,AR,Union County,El Dorado,33.213611111111,-92.6625,33.168219,-92.598145,seat
05141,AR,Van Buren County,Clinton,35.586388888889,-92.457777777778,35.582953,-92.515976,seat
05143,AR,Washington County,Fayetteville,36.076388888889,-94.160833333333,35.978001,-94.217269,seat
05145,AR,White County,Searcy,35.246944444444,-91.733611111111,35.255118,-91.753034,seat
05147,AR,Woodruff County,Augusta,35.286388888889,-91.360833333333,35.192777,-91.244535,seat
05149,AR,Yell County,Dardanelle,35.2225,-93.160277777778,34.997713,-93.408303,seat
06001,CA,Alameda County,Oakland,37.8,-122.25,37.647139,-121.912488,seat
06003,CA,Alpine County,Markleeville,38.695,-119.78027777778,38.621783,-119.798352,seat
06005,CA,Amador County,Jackson,38.348888888889,-120.77416666667,38.443549,-120.653858,seat
06007,CA,Butte County,Oroville,39.513611111111,-121.55666666667,39.665336,-121.603209,seat
06009,CA,Calaveras County,San Andreas,38.196111111111,-120.68055555556,38.191068,-120.554107,seat
06011,CA,Colusa County,Colusa,39.214444444444,-122.00944444444,39.177739,-122.237563,seat
06013,CA,Contra Costa County,Martinez,38.019444444444,-122.13416666667,37.919479,-121.951543,seat
06015,CA,Del Norte County,Crescent City,41.756111111111,-124.20166666667,41.749903,-123.980998,seat
06017,CA,El Dorado County,Placerville,38.729722222222,-120.79861111111,38.785612,-120.534225,seat
06019,CA,Fresno County,Fresno,36.781666666667,-119.79222222222,36.761006,-119.655019,seat
06021,CA,Glenn County,Willows,39.524444444444,-122.19361111111,39.602546,-122.4017,seat
06023,CA,Humboldt County,Eureka,40.801944444444,-124.16361111111,40.706655,-123.926176,seat
06025,CA,Imperial County,El Centro,32.792,-115.5630514,33.040814,-115.3554,seat
06027,CA,Inyo County,Independence,36.802777777778,-118.2,36.56216,-117.404209,seat
06029,CA,Kern County,Bakersfield,35.373333333333,-119.01888888889,35.346629,-118.729506,seat
06031,CA,Kings County,Hanford,36.3275,-119.64555555556,36.072478,-119.81553,seat
06033,CA,Lake County,Lakeport,39.043055555556,-122.91583333333,39.108009,-122.745217,seat
06035,CA,Lassen County,Susanville,40.417222222222,-120.64611111111,40.715287,-120.621223,seat
06037,CA,Los Angeles County,Los Angeles,34.05223,-118.24368,34.196398,-118.261862,seat
06039,CA,Madera County,Madera,36.961388888889,-120.06083333333,37.209821,-119.749802,seat
06041,CA,Marin County,San Rafael,37.973333333333,-122.53083333333,38.051367,-122.746396,seat
06043,CA,Mariposa County,Mariposa,37.48722,-119.96833,37.574343,-119.911721,seat
06045,CA,Mendocino County,Ukiah,39.15,-123.2075,39.432388,-123.442881,seat
06047,CA,Merced County,Merced,37.302222222222,-120.48305555556,37.194806,-120.722802,seat
06049,CA,Modoc County,Alturas,41.487222222222,-120.5425,41.592918,-120.71837,seat
06051,CA,Mono County,Bridgeport,38.255833333333,-119.23138888889,37.915836,-118.875167,seat
06053,CA,Monterey County,Salinas,36.677777777778,-121.65555555556,36.240104,-121.315578,seat
06055,CA,Napa County,Napa,38.3,-122.3,38.5071,-122.325904,seat
06057,CA,Nevada County,Nevada City,39.261388888889,-121.01861111111,39.297508,-120.771343,seat
06059,CA,Orange County,Santa Ana,33.740833333333,-117.88138888889,33.675687,-117.777207,seat
06061,CA,Placer County,Auburn,38.898611111111,-121.07444444444,39.062032,-120.722718,seat
06063,CA,Plumas County,Quincy,39.93611,-120.94778,39.992295,-120.824371,seat
06065,CA,Riverside County,Riverside,33.982222222222,-117.3725,33.729828,-116.002239,seat
06067,CA,Sacramento County,Sacramento,38.575277777778,-121.48611111111,38.450136,-121.344329,seat
06069,CA,San Benito County,Hollister,36.84694,-121.39806,36.611651,-121.085811,seat
06071,CA,San Bernardino County,San Bernardino,34.104166666667,-117.29222222222,34.856661,-116.181571,seat
06073,CA,San Diego County,San Diego,32.715,-117.1625,33.023604,-116.776117,seat
06075,CA,San Francisco County,San Francisco,37.775,-122.41944444444,37.727239,-123.032229,seat
06077,CA,San Joaquin County,Stockton,37.9575,-121.2925,37.934982,-121.272244,seat
06079,CA,San Luis Obispo County,San Luis Obispo,35.274166666667,-120.66305555556,35.388189,-120.448897,seat
06081,CA,San Mateo County,Redwood City,37.482777777778,-122.23611111111,37.414672,-122.371546,seat
06083,CA,Santa Barbara County,Santa Barbara,34.425833333333,-119.71416666667,34.536677,-120.038364,seat
06085,CA,Santa Clara County,San Jose,37.304166666667,-121.87277777778,37.221614,-121.68954,seat
06087,CA,Santa Cruz County,Santa Cruz,36.97205,-122.026252,37.012347,-122.007789,seat
06089,CA,Shasta County,Redding,40.586388888889,-122.39166666667,40.760514,-122.043556,seat
06091,CA,Sierra County,Downieville,39.5675,-120.81222222222,39.576925,-120.521993,seat
06093,CA,Siskiyou County,Yreka,41.726666666667,-122.6375,41.587986,-122.533287,seat
06095,CA,Solano County,Fairfield,38.257777777778,-122.05416666667,38.267226,-121.939594,seat
06097,CA,Sonoma County,Santa Rosa,38.448611111111,-122.70472222222,38.525182,-122.92611,seat
06099,CA,Stanislaus County,Modesto,37.661388888889,-120.99444444444,37.562316,-121.002831,seat
06101,CA,Sutter County,Yuba City,39.134722222222,-121.62611111111,39.03619,-121.70394,seat
06103,CA,Tehama County,Red Bluff,40.176666666667,-122.23805555556,40.126157,-122.232274,seat
06105,CA,Trinity County,Weaverville,40.7367,-122.936,40.647858,-123.114666,seat
06107,CA,Tulare County,Visalia,36.33023,-119.29206,36.228834,-118.781055,seat
06109,CA,Tuolumne County,Sonora,37.984444444444,-120.38166666667,38.021434,-119.964733,seat
06111,CA,Ventura County,Ventura,34.26778,-119.254206,34.358748,-119.133145,seat
06113,CA,Yolo County,Woodland,38.678611111111,-121.77333333333,38.679609,-121.90275,seat
06115,CA,Yuba County,Marysville,39.145833333333,-121.59138888889,39.27013,-121.344259,seat
08001,CO,Adams County,Brighton,39.9742,-104.81,39.874325,-104.331872,seat
08003,CO,Alamosa County,Alamosa,37.46861,-105.87361,37.568442,-105.788041,seat
08005,CO,Arapahoe County,Littleton,39.613321,-105.0166498,39.644554,-104.331706,seat
08007,CO,Archuleta County,Pagosa Springs,37.268055555556,-107.00777777778,37.202395,-107.050863,seat
08009,CO,Baca County,Springfield,37.4067,-102.617,37.30978,-102.543741,seat
08011,CO,Bent County,Las Animas,38.0669,-103.226,37.931891,-103.077584,seat
08013,CO,Boulder County,Boulder,40.019444444444,-105.29277777778,40.094966,-105.397702,seat
08014,CO,Broomfield County,(internal point),39.953593,-105.050787,39.953593,-105.050787,internal_point
08015,CO,Chaffee County,Salida,38.5314,-105.996,38.734599,-106.300025,seat
08017,CO,Cheyenne County,Cheyenne Wells,38.8211,-102.354,38.835646,-102.601791,seat
08019,CO,Clear Creek County,Georgetown,39.7125,-105.696,39.689403,-105.670783,seat
08021,CO,Conejos County,Conejos,37.0886,-106.02,37.213406,-106.176447,seat
08023,CO,Costilla County,San Luis,37.2019,-105.422,37.277547,-105.42894,seat
08025,CO,Crowley County,Ordway,38.2197,-103.757,38.30618,-103.772736,seat
08027,CO,Custer County,Westcliffe,38.1328,-105.466,38.101996,-105.373512,seat
08029,CO,Delta County,Delta,38.7408,-108.063,38.861423,-107.865043,seat
08031,CO,Denver County,Denver,39.739166666667,-104.98472222222,39.76185,-104.881105,seat
08033,CO,Dolores County,Dove Creek,37.7661,-108.906,37.733823,-108.506219,seat
08035,CO,Douglas County,Castle Rock,39.3722,-104.856,39.325414,-104.925987,seat
08037,CO,Eagle County,Eagle,39.650555555556,-106.82722222222,39.626992,-106.695169,seat
08039,CO,Elbert County,Kiowa,39.3442,-104.463,39.315157,-104.114076,seat
08041,CO,El Paso County,Colorado Springs,38.863333333333,-104.79194444444,38.827383,-104.527472,seat
08043,CO,Fremont County,Cañon City,38.4467,-105.228,38.45517,-105.424958,seat
08045,CO,Garfield County,Glenwood Springs,39.55,-107.31666666667,39.599352,-107.90978,seat
08047,CO,Gilpin County,Central City,39.802631,-105.516782,39.861156,-105.528878,seat
08049,CO,Grand County,Hot Sulphur Springs,40.0733,-106.101,40.113065,-106.110837,seat
08051,CO,Gunnison County,Gunnison,38.544444444444,-106.92833333333,38.670499,-107.05688,seat
08053,CO,Hinsdale County,Lake City,38.0319,-107.312,37.811519,-107.383974,seat
08055,CO,Huerfano County,Walsenburg,37.626666666667,-104.78388888889,37.687815,-104.959928,seat
08057,CO,Jackson County,Walden,40.7306,-106.282,40.663432,-106.329248,seat
08059,CO,Jefferson County,Golden,39.746944444444,-105.21083333333,39.579511,-105.245462,seat
08061,CO,Kiowa County,Eads,38.4806,-102.781,38.387663,-102.756849,seat
08063,CO,Kit Carson County,Burlington,39.3042,-102.269,39.30534,-102.603023,seat
08065,CO,Lake County,Leadville,39.2472,-106.292414,39.205341,-106.350079,seat
08067,CO,La Plata County,Durango,37.2753,-107.88,37.287367,-107.839718,seat
08069,CO,Larimer County,Fort Collins,40.566666666667,-105.08333333333,40.658093,-105.486764,seat
08071,CO,Las Animas County,Trinidad,37.166666666667,-104.5,37.318831,-104.04411,seat
08073,CO,Lincoln County,Hugo,39.1336,-103.468,38.99374,-103.507555,seat
08075,CO,Logan County,Sterling,40.6256,-103.212,40.728091,-103.090464,seat
08077,CO,Mesa County,Grand Junction,39.0667,-108.567,39.019524,-108.460571,seat
08079,CO,Mineral County,Creede,37.85,-106.92638888889,37.549067,-107.003236,seat
08081,CO,Moffat County,Craig,40.5169,-107.55,40.610864,-108.217154,seat
08083,CO,Montezuma County,Cortez,37.3492,-108.579,37.338025,-108.595786,seat
08085,CO,Montrose County,Montrose,38.4769,-107.866,38.407507,-108.266282,seat
08087,CO,Morgan County,Fort Morgan,40.2533,-103.799,40.263159,-103.81221,seat
08089,CO,Otero County,La Junta,37.9814,-103.548,37.88417,-103.72126,seat
08091,CO,Ouray County,Ouray,38.0233,-107.672,38.154731,-107.78848,seat
08093,CO,Park County,Fairplay,39.2244,-105.998,39.118914,-105.717648,seat
08095,CO,Phillips County,Holyoke,40.5819,-102.301,40.594712,-102.345105,seat
08097,CO,Pitkin County,Aspen,39.192222222222,-106.82444444444,39.217541,-106.916162,seat
08099,CO,Prowers County,Lamar,38.0861,-102.619,37.958181,-102.392161,seat
08101,CO,Pueblo County,Pueblo,38.266944444444,-104.62027777778,38.162765,-104.484668,seat
08103,CO,Rio Blanco County,Meeker,40.03944,-107.91056,39.972622,-108.200716,seat
08105,CO,Rio Grande County,Del Norte,37.6789,-106.353,37.485853,-106.453128,seat
08107,CO,Routt County,Steamboat Springs,40.476388888889,-106.82666666667,40.483664,-106.987702,seat
08109,CO,Saguache County,Saguache,38.0872,-106.141,38.031651,-106.234666,seat
08111,CO,San Juan County,Silverton,37.8125,-107.66305555556,37.781049,-107.670257,seat
08113,CO,San Miguel County,Telluride,37.939153,-107.816317,38.009319,-108.427263,seat
08115,CO,Sedgwick County,Julesburg,40.988333333333,-102.26436111111,40.871568,-102.355358,seat
08117,CO,Summit County,Breckenridge,39.48165,-106.03835,39.621023,-106.137555,seat
08119,CO,Teller County,Cripple Creek,38.747294,-105.179283,38.869976,-105.187365,seat
08121,CO,Washington County,Akron,40.16139,-103.21167,39.96579,-103.209744,seat
08123,CO,Weld County,Greeley,40.416666666667,-104.7,40.555961,-104.383666,seat
08125,CO,Yuma County,Wray,40.0800971,-102.2283583,40.00077,-102.421649,seat
09110,CT,Capitol Planning Region,(internal point),41.81697,-72.575886,41.81697,-72.575886,internal_point
09120,CT,Greater Bridgeport Planning Region,(internal point),41.184558,-73.209401,41.184558,-73.209401,internal_point
09130,CT,Lower Connecticut River Valley Planning Region,(internal point),41.420307,-72.493525,41.420307,-72.493525,internal_point
09140,CT,Naugatuck Valley Planning Region,(internal point),41.518931,-73.087906,41.518931,-73.087906,internal_point
09150,CT,Northeastern Connecticut Planning Region,(internal point),41.842375,-71.972655,41.842375,-71.972655,internal_point
09160,CT,Northwest Hills Planning Region,(internal point),41.854809,-73.221494,41.854809,-73.221494,internal_point
09170,CT,South Central Connecticut Planning Region,(internal point),41.290167,-72.837024,41.290167,-72.837024,internal_point
09180,CT,Southeastern Connecticut Planning Region,(internal point),41.484769,-72.101666,41.484769,-72.101666,internal_point
09190,CT,Western Connecticut Planning Region,(internal point),41.279055,-73.44655,41.279055,-73.44655,internal_point
10001,DE,Kent County,Dover,39.161662,-75.525709,39.097088,-75.502982,seat
10003,DE,New Castle County,Wilmington,39.748333333333,-75.551388888889,39.575915,-75.644132,seat
10005,DE,Sussex County,Georgetown,38.690277777778,-75.386666666667,38.673227,-75.337024,seat
11001,DC,District of Columbia,(internal point),38.904247,-77.016517,38.904247,-77.016517,internal_point
12001,FL,Alachua County,Gainesville,29.665277777778,-82.336111111111,29.67574,-82.357221,seat
12003,FL,Baker County,Macclenny,30.280833333333,-82.122777777778,30.324442,-82.302284,seat
12005,FL,Bay County,Panama City,30.174167,-85.664167,30.15914,-85.534395,seat
12007,FL,Bradford County,Starke,29.947222222222,-82.108055555556,29.952386,-82.166698,seat
12009,FL,Brevard County,Titusville,28.591111111111,-80.82,28.298311,-80.700333,seat
12011,FL,Broward County,Fort Lauderdale,26.135833333333,-80.141944444444,26.193535,-80.476683,seat
12013,FL,Calhoun County,Blountstown,30.443055555556,-85.045277777778,30.388801,-85.197915,seat
12015,FL,Charlotte County,Punta Gorda,26.915833333333,-82.047777777778,26.906396,-82.003657,seat
12017,FL,Citrus County,Inverness,28.83582,-82.33037,28.850292,-82.595552,seat
12019,FL,Clay County,Green Cove Springs,29.992777777778,-81.683888888889,29.986584,-81.865036,seat
12021,FL,Collier County,East Naples,26.138055555556,-81.766666666667,26.118786,-81.400955,seat
12023,FL,Columbia County,Lake City,30.183333333333,-82.633333333333,30.221651,-82.623371,seat
12027,FL,DeSoto County,Arcadia,27.216666666667,-81.866666666667,27.190581,-81.806253,seat
12029,FL,Dixie County,Cross City,29.635277777778,-83.124722222222,29.552675,-83.236232,seat
12031,FL,Duval County,Jacksonville,30.316666666667,-81.65,30.335245,-81.648113,seat
12033,FL,Escambia County,Pensacola,30.421388888889,-87.217222222222,30.529998,-87.320322,seat
12035,FL,Flagler County,Bunnell,29.4675,-81.256944444444,29.474891,-81.286253,seat
12037,FL,Franklin County,Apalachicola,29.725277777778,-84.9925,29.677794,-84.815213,seat
12039,FL,Gadsden County,Quincy,30.583333333333,-84.583333333333,30.578687,-84.612607,seat
12041,FL,Gilchrist County,Trenton,29.615,-82.817777777778,29.723456,-82.795801,seat
12043,FL,Glades County,Moore Haven,26.833333333333,-81.1,26.95481,-81.19082,seat
12045,FL,Gulf County,Port St. Joe,29.814722222222,-85.297222222222,29.859238,-85.272013,seat
12047,FL,Hamilton County,Jasper,30.518888888889,-82.951111111111,30.498438,-82.951116,seat
12049,FL,Hardee County,Wauchula,27.546111111111,-81.814444444444,27.492846,-81.82158,seat
12051,FL,Hendry County,LaBelle,26.760555555556,-81.439166666667,26.539967,-81.152114,seat
12053,FL,Hernando County,Brooksville,28.553611111111,-82.388611111111,28.555995,-82.525969,seat
12055,FL,Highlands County,Sebring,27.495555555556,-81.444444444444,27.34108,-81.342353,seat
12057,FL,Hillsborough County,Q49255,27.9475,-82.458611111111,27.893154,-82.379991,seat
12059,FL,Holmes County,Bonifay,30.783333333333,-85.683333333333,30.862007,-85.815939,seat
12061,FL,Indian River County,Vero Beach,27.65,-80.383333333333,27.700528,-80.574789,seat
12063,FL,Jackson County,Marianna,30.776388888889,-85.238055555556,30.789249,-85.208814,seat
12065,FL,Jefferson County,Monticello,30.544722222222,-83.867222222222,30.396898,-83.921761,seat
12067,FL,Lafayette County,Mayo,30.051944444444,-83.175555555556,29.990066,-83.17851,seat
12069,FL,Lake County,Tavares,28.801666666667,-81.733611111111,28.764113,-81.712282,seat
12071,FL,Lee County,Fort Myers,26.616666666667,-81.833333333333,26.563273,-81.984182,seat
12073,FL,Leon County,Tallahassee,30.438333333333,-84.280555555556,30.45931,-84.2778,seat
12075,FL,Levy County,Bronson,29.448888888889,-82.636388888889,29.271854,-82.831233,seat
12077,FL,Liberty County,Bristol,30.426944444444,-84.979166666667,30.259849,-84.86858,seat
12079,FL,Madison County,Madison,30.466666666667,-83.416666666667,30.447233,-83.470416,seat
12081,FL,Manatee County,Bradenton,27.483333333333,-82.583333333333,27.475556,-82.393144,seat
12083,FL,Marion County,Ocala,29.1875,-82.141388888889,29.202805,-82.0431,seat
12085,FL,Martin County,Stuart,27.197222,-80.253056,27.083604,-80.398201,seat
12086,FL,Miami-Dade County,Miami,25.783333333333,-80.216666666667,25.616009,-80.50375,seat
12087,FL,Monroe County,Key West,24.559722222222,-81.783611111111,25.58612,-81.022603,seat
12089,FL,Nassau County,Fernandina Beach,30.669444444444,-81.461666666667,30.605963,-81.765087,seat
12091,FL,Okaloosa County,Crestview,30.754166666667,-86.572777777778,30.614325,-86.59108,seat
12093,FL,Okeechobee County,Okeechobee,27.233333333333,-80.833333333333,27.385592,-80.887388,seat
12095,FL,Orange County,Orlando,28.533611111111,-81.386666666667,28.514391,-81.323284,seat
12097,FL,Osceola County,Kissimmee,28.303888888889,-81.412777777778,28.059027,-81.139312,seat
12099,FL,Palm Beach County,West Palm Beach,26.709722222222,-80.064166666667,26.649126,-80.448354,seat
12101,FL,Pasco County,Dade City,28.361388888889,-82.193333333333,28.309823,-82.511006,seat
12103,FL,Pinellas County,Clearwater,27.965555555556,-82.8,27.905342,-82.798066,seat
12105,FL,Polk County,Bartow,27.8925,-81.839722222222,27.953685,-81.693493,seat
12107,FL,Putnam County,Palatka,29.647777777778,-81.651388888889,29.593896,-81.732039,seat
12109,FL,St. Johns County,St. Augustine,29.894722222222,-81.314444444444,29.890487,-81.40004,seat
12111,FL,St. Lucie County,Fort Pierce,27.438888888889,-80.335555555556,27.379814,-80.443536,seat
12113,FL,Santa Rosa County,Milton,30.630277777778,-87.046388888889,30.675348,-87.018919,seat
12115,FL,Sarasota County,Sarasota,27.337222222222,-82.535277777778,27.225327,-82.423714,seat
12117,FL,Seminole County,Sanford,28.789444444444,-81.275555555556,28.690065,-81.131975,seat
12119,FL,Sumter County,Bushnell,28.663888888889,-82.114166666667,28.713976,-82.069684,seat
12121,FL,Suwannee County,Live Oak,30.294444444444,-82.985833333333,30.189244,-82.992754,seat
12123,FL,Taylor County,Perry,30.114444444444,-83.5825,29.967146,-83.639573,seat
12125,FL,Union County,Lake Butler,30.021666666667,-82.340833333333,30.05428,-82.366918,seat
12127,FL,Volusia County,DeLand,29.028947222222,-81.300447222222,29.057769,-81.161792,seat
12129,FL,Wakulla County,Crawfordville,30.176111111111,-84.375277777778,30.091335,-84.359111,seat
12131,FL,Walton County,DeFuniak Springs,30.716666666667,-86.116666666667,30.571247,-86.162798,seat
12133,FL,Washington County,Chipley,30.779166666667,-85.539166666667,30.602102,-85.655805,seat
13001,GA,Appling County,Baxley,31.7753,-82.3475,31.739712,-82.290103,seat
13003,GA,Atkinson County,Pearson,31.2983,-82.8528,31.296806,-82.878151,seat
13005,GA,Bacon County,Alma,31.541666666667,-82.466666666667,31.55021,-82.451433,seat
13007,GA,Baker County,Newton,31.3167,-84.3394,31.31958,-84.454881,seat
13009,GA,Baldwin County,Milledgeville,33.080269,-83.232098,33.05949,-83.255457,seat
13011,GA,Banks County,Homer,34.3339,-83.4997,34.351922,-83.498441,seat
13013,GA,Barrow County,Winder,33.9964,-83.7208,33.992009,-83.712303,seat
13015,GA,Bartow County,Cartersville,34.183333333333,-84.8,34.240917,-84.838188,seat
13017,GA,Ben Hill County,Fitzgerald,31.7156,-83.2564,31.740772,-83.147197,seat
13019,GA,Berrien County,Nashville,31.2069,-83.2467,31.288652,-83.22787,seat
13021,GA,Bibb County,Macon,32.84069,-83.6324,32.808845,-83.694194,seat
13023,GA,Bleckley County,Cochran,32.3867,-83.3506,32.435403,-83.331717,seat
13025,GA,Brantley County,Nahunta,31.204444444444,-81.982222222222,31.197334,-81.982978,seat
13027,GA,Brooks County,Quitman,30.7847,-83.5608,30.822934,-83.581905,seat
13029,GA,Bryan County,Pembroke,32.14,-81.6236,32.017969,-81.438543,seat
13031,GA,Bulloch County,Statesboro,32.448611111111,-81.781388888889,32.394481,-81.741618,seat
13033,GA,Burke County,Waynesboro,33.0906,-82.0153,33.060181,-82.000164,seat
13035,GA,Butts County,Jackson,33.2936,-83.9625,33.290355,-83.958221,seat
13037,GA,Calhoun County,Morgan,31.5389,-84.6011,31.521279,-84.62629,seat
13039,GA,Camden County,Woodbine,30.9619,-81.72,30.913358,-81.642019,seat
13043,GA,Candler County,Metter,32.39611,-82.06222,32.40395,-82.071266,seat
13045,GA,Carroll County,Carrollton,33.5808,-85.0767,33.582237,-85.080527,seat
13047,GA,Catoosa County,Ringgold,34.9172,-85.1158,34.900212,-85.139385,seat
13049,GA,Charlton County,Folkston,30.839249,-82.007246,30.779904,-82.139644,seat
13051,GA,Chatham County,Savannah,32.050833333333,-81.103888888889,31.980404,-81.085184,seat
13053,GA,Chattahoochee County,Cusseta,32.305555555556,-84.776944444444,32.347445,-84.788021,seat
13055,GA,Chattooga County,Summerville,34.4797,-85.3481,34.474178,-85.345289,seat
13057,GA,Cherokee County,Canton,34.2272,-84.4947,34.244317,-84.475057,seat
13059,GA,Clarke County,Athens,33.955277777778,-83.383055555556,33.952185,-83.367152,seat
13061,GA,Clay County,Fort Gaines,31.6142,-85.0483,31.619831,-84.992583,seat
13063,GA,Clayton County,Jonesboro,33.5244,-84.3542,33.551603,-84.412868,seat
13065,GA,Clinch County,Homerville,31.0369,-82.7514,30.917653,-82.702614,seat
13067,GA,Cobb County,Marietta,33.953333333333,-84.540555555556,33.939926,-84.57411,seat
13069,GA,Coffee County,Douglas,31.5075,-82.8508,31.549245,-82.84494,seat
13071,GA,Colquitt County,Moultrie,31.1667,-83.7833,31.189707,-83.769773,seat
13073,GA,Columbia County,Appling,33.5458,-82.3158,33.552075,-82.249608,seat
13075,GA,Cook County,Adel,31.138333333333,-83.425833333333,31.152516,-83.429445,seat
13077,GA,Coweta County,Newnan,33.376388888889,-84.788611111111,33.352897,-84.762138,seat
13079,GA,Crawford County,Knoxville,32.724444444444,-83.997777777778,32.709428,-83.979187,seat
13081,GA,Crisp County,Cordele,31.9642,-83.7772,31.920268,-83.75653,seat
13083,GA,Dade County,Trenton,34.8756,-85.5086,34.852424,-85.506201,seat
13085,GA,Dawson County,Dawsonville,34.416666666667,-84.116666666667,34.442608,-84.173261,seat
13087,GA,Decatur County,Bainbridge,30.9047,-84.5711,30.880643,-84.58389,seat
13089,GA,DeKalb County,Decatur,33.7714,-84.2978,33.770661,-84.226343,seat
13091,GA,Dodge County,Eastman,32.1978,-83.1792,32.164369,-83.167866,seat
13093,GA,Dooly County,Vienna,32.1,-83.8,32.151995,-83.807167,seat
13095,GA,Dougherty County,Albany,31.582222222222,-84.165555555556,31.532588,-84.20904,seat
13097,GA,Douglas County,Douglasville,33.749722222222,-84.723055555556,33.701242,-84.767314,seat
13099,GA,Early County,Blakely,31.3767,-84.9339,31.324191,-84.906723,seat
13101,GA,Echols County,Statenville,30.703055555556,-83.027777777778,30.714008,-82.897376,seat
13103,GA,Effingham County,Springfield,32.3683,-81.3103,32.361688,-81.343355,seat
13105,GA,Elbert County,Elberton,34.1097,-82.8656,34.116415,-82.841892,seat
13107,GA,Emanuel County,Swainsboro,32.593611111111,-82.332222222222,32.5911,-82.299763,seat
13109,GA,Evans County,Claxton,32.1608,-81.9086,32.153083,-81.890153,seat
13111,GA,Fannin County,Blue Ridge,34.8683,-84.3211,34.866543,-84.317331,seat
13113,GA,Fayette County,Fayetteville,33.447777777778,-84.461666666667,33.412717,-84.493941,seat
13115,GA,Floyd County,Rome,34.26,-85.185,34.26369,-85.213685,seat
13117,GA,Forsyth County,Cumming,34.206944444444,-84.139166666667,34.225143,-84.127408,seat
13119,GA,Franklin County,Carnesville,34.371388888889,-83.233611111111,34.375266,-83.227532,seat
13121,GA,Fulton County,Atlanta,33.756944444444,-84.390277777778,33.790034,-84.468182,seat
13123,GA,Gilmer County,Ellijay,34.694722222222,-84.483611111111,34.690523,-84.454811,seat
13125,GA,Glascock County,Gibson,33.2328,-82.5953,33.227491,-82.606913,seat
13127,GA,Glynn County,Brunswick,31.158888888889,-81.489166666667,31.21271,-81.49645,seat
13129,GA,Gordon County,Calhoun,34.5,-84.9425,34.509667,-84.873862,seat
13131,GA,Grady County,Cairo,30.8833,-84.2167,30.8759,-84.244965,seat
13133,GA,Greene County,Greensboro,33.571666666667,-83.180833333333,33.576704,-83.166625,seat
13135,GA,Gwinnett County,Lawrenceville,33.9531,-83.9925,33.958756,-84.025735,seat
13137,GA,Habersham County,Clarkesville,34.6106,-83.525,34.634392,-83.525875,seat
13139,GA,Hall County,Gainesville,34.3044,-83.8339,34.317569,-83.8185,seat
13141,GA,Hancock County,Sparta,33.2833,-82.9667,33.26922,-83.000465,seat
13143,GA,Haralson County,Buchanan,33.8017,-85.1836,33.795165,-85.220063,seat
13145,GA,Harris County,Hamilton,32.7647,-84.8731,32.731549,-84.912432,seat
13147,GA,Hart County,Hartwell,34.3528,-82.9311,34.348733,-82.96329,seat
13149,GA,Heard County,Franklin,33.2797,-85.0983,33.291347,-85.137886,seat
13151,GA,Henry County,McDonough,33.445,-84.149166666667,33.452947,-84.154021,seat
13153,GA,Houston County,Perry,32.465,-83.721111111111,32.458147,-83.662309,seat
13155,GA,Irwin County,Ocilla,31.598611111111,-83.25,31.604306,-83.277037,seat
13157,GA,Jackson County,Jefferson,34.1267,-83.5903,34.130905,-83.562557,seat
13159,GA,Jasper County,Monticello,33.3033,-83.6858,33.316981,-83.689151,seat
13161,GA,Jeff Davis County,Hazlehurst,31.866111111111,-82.599444444444,31.811615,-82.636825,seat
13163,GA,Jefferson County,Louisville,33.0042,-82.4047,33.058176,-82.420004,seat
13165,GA,Jenkins County,Millen,32.80528,-81.94194,32.794563,-81.971524,seat
13167,GA,Johnson County,Wrightsville,32.725,-82.7203,32.694584,-82.66397,seat
13169,GA,Jones County,Gray,33.0086,-83.5342,33.021664,-83.562196,seat
13171,GA,Lamar County,Barnesville,33.0531,-84.1561,33.07444,-84.146689,seat
13173,GA,Lanier County,Lakeland,31.0392,-83.0703,31.038197,-83.063164,seat
13175,GA,Laurens County,Dublin,32.5375,-82.9183,32.39322,-82.926317,seat
13177,GA,Lee County,Leesburg,31.732777777778,-84.170833333333,31.818419,-84.146681,seat
13179,GA,Liberty County,Hinesville,31.8325,-81.6117,31.807458,-81.457871,seat
13181,GA,Lincoln County,Lincolnton,33.7944,-82.4764,33.792151,-82.448299,seat
13183,GA,Long County,Ludowici,31.707991888889,-81.742335694444,31.749563,-81.74287,seat
13185,GA,Lowndes County,Valdosta,30.846666666667,-83.283055555556,30.833145,-83.268995,seat
13187,GA,Lumpkin County,Dahlonega,34.5325,-83.985,34.56814,-83.998925,seat
13189,GA,McDuffie County,Thomson,33.4672,-82.4994,33.480613,-82.479533,seat
13191,GA,McIntosh County,Darien,31.3711,-81.4308,31.485629,-81.372141,seat
13193,GA,Macon County,Oglethorpe,32.2933,-84.0625,32.362686,-84.051231,seat
13195,GA,Madison County,Danielsville,34.1242,-83.2164,34.12748,-83.208653,seat
13197,GA,Marion County,Buena Vista,32.3183,-84.5161,32.359312,-84.528735,seat
13199,GA,Meriwether County,Greenville,33.027777777778,-84.713611111111,33.029267,-84.667058,seat
13201,GA,Miller County,Colquitt,31.1731,-84.7286,31.162931,-84.730398,seat
13205,GA,Mitchell County,Camilla,31.2303,-84.2092,31.228997,-84.192038,seat
13207,GA,Monroe County,Forsyth,33.035,-83.9381,33.018784,-83.921837,seat
13209,GA,Montgomery County,Mount Vernon,32.1814,-82.5939,32.172108,-82.533349,seat
13211,GA,Morgan County,Madison,33.58778,-83.47222,33.598696,-83.499435,seat
13213,GA,Murray County,Chatsworth,34.7722,-84.7789,34.797097,-84.73799,seat
13215,GA,Muscogee County,Columbus,32.492222222222,-84.940277777778,32.510197,-84.874946,seat
13217,GA,Newton County,Covington,33.6,-83.866666666667,33.552751,-83.85136,seat
13219,GA,Oconee County,Watkinsville,33.8628,-83.4081,33.834125,-83.437728,seat
13221,GA,Oglethorpe County,Lexington,33.8703,-83.1108,33.866806,-83.074081,seat
13223,GA,Paulding County,Dallas,33.9186,-84.8408,33.92103,-84.867169,seat
13225,GA,Peach County,Fort Valley,32.55,-83.8833,32.571324,-83.831978,seat
13227,GA,Pickens County,Jasper,34.4692,-84.4342,34.456746,-84.490351,seat
13229,GA,Pierce County,Blackshear,31.2989,-82.2478,31.353998,-82.21037,seat
13231,GA,Pike County,Zebulon,33.0989,-84.3422,33.081149,-84.389462,seat
13233,GA,Polk County,Cedartown,34.015277777778,-85.253888888889,33.996015,-85.188338,seat
13235,GA,Pulaski County,Hawkinsville,32.2836,-83.4767,32.238803,-83.481845,seat
13237,GA,Putnam County,Eatonton,33.326388888889,-83.387777777778,33.32106,-83.37179,seat
13239,GA,Quitman County,Georgetown,31.883998,-85.101488,31.862938,-85.004798,seat
13241,GA,Rabun County,Clayton,34.8778,-83.4017,34.883934,-83.40487,seat
13243,GA,Randolph County,Cuthbert,31.770833333333,-84.793611111111,31.762651,-84.752311,seat
13245,GA,Richmond County,Augusta,33.47,-81.975,33.361486,-82.074998,seat
13247,GA,Rockdale County,Conyers,33.6664,-84.0075,33.652081,-84.02637,seat
13249,GA,Schley County,Ellaville,32.2389,-84.3094,32.263444,-84.322708,seat
13251,GA,Screven County,Sylvania,32.7503,-81.6397,32.744751,-81.617585,seat
13253,GA,Seminole County,Donalsonville,31.0408,-84.8783,30.93396,-84.867685,seat
13255,GA,Spalding County,Griffin,33.2475,-84.2708,33.262348,-84.284905,seat
13257,GA,Stephens County,Toccoa,34.5747,-83.32,34.553582,-83.290588,seat
13259,GA,Stewart County,Lumpkin,32.0497,-84.7958,32.073225,-84.834912,seat
13261,GA,Sumter County,Americus,32.067222,-84.234722,32.042266,-84.204294,seat
13263,GA,Talbot County,Talbotton,32.678055555556,-84.539722222222,32.704603,-84.530029,seat
13265,GA,Taliaferro County,Crawfordville,33.5547,-82.8983,33.559319,-82.875272,seat
13267,GA,Tattnall County,Reidsville,32.0839,-82.1208,32.043768,-82.059208,seat
13269,GA,Taylor County,Butler,32.55,-84.2333,32.554667,-84.251426,seat
13271,GA,Telfair County,McRae,32.06444,-82.89806,31.913641,-82.931063,seat
13273,GA,Terrell County,Dawson,31.7739,-84.4408,31.777191,-84.439446,seat
13275,GA,Thomas County,Thomasville,30.8364,-83.9783,30.864619,-83.919815,seat
13277,GA,Tift County,Tifton,31.463333333333,-83.51,31.457003,-83.525931,seat
13279,GA,Toombs County,Lyons,32.2042,-82.3228,32.117753,-82.330597,seat
13281,GA,Towns County,Hiawassee,34.9494,-83.755,34.902529,-83.732264,seat
13283,GA,Treutlen County,Soperton,32.3761,-82.5928,32.409586,-82.570882,seat
13285,GA,Troup County,LaGrange,33.03929,-85.03133,33.034482,-85.02836,seat
13287,GA,Turner County,Ashburn,31.7044,-83.6539,31.7248,-83.620319,seat
13289,GA,Twiggs County,Jeffersonville,32.6839,-83.3397,32.665847,-83.425879,seat
13291,GA,Union County,Blairsville,34.875555555556,-83.956666666667,34.833333,-83.989257,seat
13293,GA,Upson County,Thomaston,32.9,-84.333333333333,32.881837,-84.292283,seat
13295,GA,Walker County,LaFayette,34.7048022,-85.2818998,34.735802,-85.305456,seat
13297,GA,Walton County,Monroe,33.7933,-83.7108,33.783887,-83.731829,seat
13299,GA,Ware County,Waycross,31.2139,-82.355,31.050881,-82.421507,seat
13301,GA,Warren County,Warrenton,33.4075,-82.6628,33.419169,-82.688012,seat
13303,GA,Washington County,Sandersville,32.981944444444,-82.809722222222,32.971843,-82.798112,seat
13305,GA,Wayne County,Jesup,31.6019,-81.885,31.547845,-81.912376,seat
13307,GA,Webster County,Preston,32.0608,-84.5383,32.046691,-84.553828,seat
13309,GA,Wheeler County,Alamo,32.14806,-82.77833,32.105258,-82.733849,seat
13311,GA,White County,Cleveland,34.5964,-83.7639,34.644182,-83.743,seat
13313,GA,Whitfield County,Dalton,34.77111,-84.97167,34.801726,-84.968541,seat
13315,GA,Wilcox County,Abbeville,31.991666666667,-83.3075,31.96272,-83.438259,seat
13317,GA,Wilkes County,Washington,33.736805555556,-82.739305555556,33.779031,-82.747921,seat
13319,GA,Wilkinson County,Irwinton,32.8119,-83.1767,32.804266,-83.175512,seat
13321,GA,Worth County,Sylvester,31.5314,-83.8361,31.551773,-83.84996,seat
16001,ID,Ada County,Boise,43.613611111111,-116.23777777778,43.451477,-116.244376,seat
16003,ID,Adams County,Council,44.73,-116.43611111111,44.877004,-116.461624,seat
16005,ID,Bannock County,Pocatello,42.862222222222,-112.45055555556,42.692921,-112.228982,seat
16007,ID,Bear Lake County,Paris,42.2278,-111.399,42.285892,-111.327517,seat
16009,ID,Benewah County,St. Maries,47.316,-116.57,47.218451,-116.633541,seat
16011,ID,Bingham County,Blackfoot,43.19,-112.34611111111,43.216357,-112.399206,seat
16013,ID,Blaine County,Hailey,43.515,-114.306,43.394192,-113.955371,seat
16015,ID,Boise County,Idaho City,43.828611111111,-115.83222222222,43.987275,-115.71511,seat
16017,ID,Bonner County,Sandpoint,48.2765903,-116.5532476,48.324634,-116.62745,seat
16019,ID,Bonneville County,Idaho Falls,43.491666666667,-112.0325,43.395171,-111.621878,seat
16021,ID,Boundary County,Bonners Ferry,48.692222222222,-116.3175,48.773131,-116.524668,seat
16023,ID,Butte County,Arco,43.63444,-113.30111,43.685101,-113.177631,seat
16025,ID,Camas County,Fairfield,43.3461,-114.791,43.502552,-114.772135,seat
16027,ID,Canyon County,Caldwell,43.658333333333,-116.68027777778,43.625796,-116.709058,seat
16029,ID,Caribou County,Soda Springs,42.6581,-111.596,42.786072,-111.544273,seat
16031,ID,Cassia County,Burley,42.536111111111,-113.79277777778,42.282313,-113.626328,seat
16033,ID,Clark County,Dubois,44.1739,-112.232,44.290218,-112.354613,seat
16035,ID,Clearwater County,Orofino,46.485555555556,-116.25888888889,46.67257,-115.6535,seat
16037,ID,Custer County,Challis,44.5042,-114.228,44.273351,-114.252267,seat
16039,ID,Elmore County,Mountain Home,43.136944444444,-115.69444444444,43.394698,-115.471205,seat
16041,ID,Franklin County,Preston,42.0953,-111.875,42.173609,-111.822965,seat
16043,ID,Fremont County,St. Anthony,43.9661,-111.684,44.218091,-111.484429,seat
16045,ID,Gem County,Emmett,43.8728,-116.495,44.061473,-116.398784,seat
16047,ID,Gooding County,Gooding,42.9372,-114.714,42.973185,-114.82142,seat
16049,ID,Idaho County,Grangeville,45.926388888889,-116.12138888889,45.849644,-115.467337,seat
16051,ID,Jefferson County,Rigby,43.6739,-111.916,43.796965,-112.318588,seat
16053,ID,Jerome County,Jerome,42.7247,-114.518,42.691395,-114.262086,seat
16055,ID,Kootenai County,Coeur d'Alene,47.692777777778,-116.78,47.675957,-116.695919,seat
16057,ID,Latah County,Moscow,46.731666666667,-116.99722222222,46.81892,-116.730974,seat
16059,ID,Lemhi County,Salmon,45.1781,-113.903,44.928506,-113.887042,seat
16061,ID,Lewis County,Nezperce,46.2344,-116.24,46.236328,-116.42376,seat
16063,ID,Lincoln County,Shoshone,42.9367,-114.408,42.990782,-114.153089,seat
16065,ID,Madison County,Rexburg,43.826111111111,-111.78388888889,43.788614,-111.656993,seat
16067,ID,Minidoka County,Rupert,42.6181,-113.674,42.857211,-113.63984,seat
16069,ID,Nez Perce County,Lewiston,46.400245,-117.00103,46.333791,-116.760909,seat
16071,ID,Oneida County,Malad City,42.19083,-112.24917,42.183895,-112.520449,seat
16073,ID,Owyhee County,Murphy,43.2183,-116.552,42.572851,-116.18969,seat
16075,ID,Payette County,Payette,44.0753,-116.93,44.00243,-116.750238,seat
16077,ID,Power County,American Falls,42.78111,-112.85556,42.694126,-112.844407,seat
16079,ID,Shoshone County,Wallace,47.4731,-115.925,47.347694,-115.885092,seat
16081,ID,Teton County,Driggs,43.7253,-111.106,43.760994,-111.211765,seat
16083,ID,Twin Falls County,Twin Falls,42.578055555556,-114.475,42.352309,-114.665639,seat
16085,ID,Valley County,Cascade,44.5156,-116.044,44.85596,-115.618061,seat
16087,ID,Washington County,Weiser,44.2497,-116.968,44.448223,-116.797792,seat
17001,IL,Adams County,Quincy,39.932222222222,-91.388611111111,39.986052,-91.194961,seat
17003,IL,Alexander County,Cairo,37.013055555556,-89.180277777778,37.183658,-89.349516,seat
17005,IL,Bond County,Greenville,38.8833,-89.4,38.885924,-89.436592,seat
17007,IL,Boone County,Belvidere,42.256666666667,-88.840555555556,42.318983,-88.824295,seat
17009,IL,Brown County,Mount Sterling,39.9853531,-90.7641145,39.962069,-90.750309,seat
17011,IL,Bureau County,Princeton,41.3786,-89.4669,41.401304,-89.528377,seat
17013,IL,Calhoun County,Hardin,39.1583,-90.6183,39.164262,-90.666295,seat
17015,IL,Carroll County,Mount Carroll,42.095555555556,-89.976944444444,42.0709,-89.924189,seat
17017,IL,Cass County,Virginia,39.94889,-90.21167,39.969202,-90.245704,seat
17019,IL,Champaign County,Urbana,40.109722222222,-88.204166666667,40.138985,-88.196975,seat
17021,IL,Christian County,Taylorville,39.540833333333,-89.288055555556,39.545524,-89.279593,seat
17023,IL,Clark County,Marshall,39.3983665,-87.6899736,39.332334,-87.791683,seat
17025,IL,Clay County,Louisville,38.7714,-88.5064,38.746819,-88.482325,seat
17027,IL,Clinton County,Carlyle,38.6217251,-89.3735534,38.606295,-89.426228,seat
17029,IL,Coles County,Charleston,39.4886,-88.1789,39.51368,-88.220782,seat
17031,IL,Cook County,Chicago,41.881944444444,-87.627777777778,41.894294,-87.645455,seat
17033,IL,Crawford County,Robinson,39.0061,-87.7389,39.002787,-87.760619,seat
17035,IL,Cumberland County,Toledo,39.2722,-88.2428,39.273121,-88.240619,seat
17037,IL,DeKalb County,Sycamore,41.994998,-88.6812363,41.894612,-88.768991,seat
17039,IL,De Witt County,Clinton,40.1522,-88.9592,40.181499,-88.901853,seat
17041,IL,Douglas County,Tuscola,39.797777777778,-88.281666666667,39.766078,-88.222866,seat
17043,IL,DuPage County,Wheaton,41.8560731,-88.1083648,41.852058,-88.086039,seat
17045,IL,Edgar County,Paris,39.6111,-87.6961,39.679037,-87.74711,seat
17047,IL,Edwards County,Albion,38.3766672,-88.057852,38.417095,-88.047941,seat
17049,IL,Effingham County,Effingham,39.1208,-88.5458,39.047945,-88.592849,seat
17051,IL,Fayette County,Vandalia,38.9753512,-89.1116788,39.001125,-89.017923,seat
17053,IL,Ford County,Paxton,40.4586,-88.0958,40.596539,-88.224588,seat
17055,IL,Franklin County,"Benton, Illinois",37.9967163,-88.9200685,37.991852,-88.926321,seat
17057,IL,Fulton County,Lewistown,40.3964,-90.1547,40.46524,-90.202269,seat
17059,IL,Gallatin County,Shawneetown,37.7157866,-88.1865056,37.768677,-88.227964,seat
17061,IL,Greene County,Carrollton,39.2948127,-90.4062042,39.355439,-90.387682,seat
17063,IL,Grundy County,Morris,41.3753,-88.4281,41.29241,-88.401054,seat
17065,IL,Hamilton County,McLeansboro,38.0901838,-88.5386768,38.085227,-88.539009,seat
17067,IL,Hancock County,Carthage,40.4144,-91.1333,40.401318,-91.168801,seat
17069,IL,Hardin County,Elizabethtown,37.4492,-88.3036,37.517852,-88.266148,seat
17071,IL,Henderson County,Oquawka,40.938888888889,-90.949166666667,40.814471,-90.941246,seat
17073,IL,Henry County,Cambridge,41.303333333333,-90.193333333333,41.350021,-90.130838,seat
17075,IL,Iroquois County,Watseka,40.776111111111,-87.736388888889,40.748867,-87.833601,seat
17077,IL,Jackson County,Murphysboro,37.7672,-89.3372,37.786096,-89.381212,seat
17079,IL,Jasper County,Newton,38.9872484,-88.1643566,39.004886,-88.150725,seat
17081,IL,Jefferson County,Mount Vernon,38.3136,-88.9081,38.30078,-88.92421,seat
17083,IL,Jersey County,Jerseyville,39.120833333333,-90.3275,39.080195,-90.361385,seat
17085,IL,Jo Daviess County,Galena,42.4167,-90.4333,42.362391,-90.21147,seat
17087,IL,Johnson County,Vienna,37.4161,-88.8942,37.460709,-88.882131,seat
17089,IL,Kane County,Geneva,41.89,-88.31,41.939594,-88.42804,seat
17091,IL,Kankakee County,Kankakee,41.12,-87.86,41.13951,-87.861117,seat
17093,IL,Kendall County,Yorkville,41.641388888889,-88.446944444444,41.58814,-88.430626,seat
17095,IL,Knox County,Galesburg,40.952222222222,-90.368611111111,40.930945,-90.213792,seat
17097,IL,Lake County,Waukegan,42.3636331,-87.8447938,42.185968,-87.805939,seat
17099,IL,LaSalle County,Ottawa,41.351111111111,-88.837777777778,41.343341,-88.885931,seat
17101,IL,Lawrence County,Lawrenceville,38.7256,-87.6844,38.718954,-87.730221,seat
17103,IL,Lee County,Dixon,41.8461,-89.485,41.747447,-89.299362,seat
17105,IL,Livingston County,Pontiac,40.88,-88.6303,40.894376,-88.552852,seat
17107,IL,Logan County,Lincoln,40.147777777778,-89.363611111111,40.129277,-89.365309,seat
17109,IL,McDonough County,Macomb,40.4721193,-90.6816648,40.455808,-90.678954,seat
17111,IL,McHenry County,Woodstock,42.3096181,-88.4353163,42.324298,-88.452245,seat
17113,IL,McLean County,Bloomington,40.484166666667,-88.993611111111,40.494559,-88.844539,seat
17115,IL,Macon County,Decatur,39.851666666667,-88.944166666667,39.860237,-88.961529,seat
17117,IL,Macoupin County,Carlinville,39.266666666667,-89.883333333333,39.265914,-89.92633,seat
17119,IL,Madison County,Edwardsville,38.7922738,-89.9877516,38.82712,-89.900227,seat
17121,IL,Marion County,Salem,38.6269929,-88.9456158,38.648236,-88.920362,seat
17123,IL,Marshall County,Lacon,41.0239,-89.4078,41.031119,-89.342371,seat
17125,IL,Mason County,Havana,40.2969,-90.06,40.236993,-89.913575,seat
17127,IL,Massac County,Metropolis,37.15306,-88.72528,37.216119,-88.705658,seat
17129,IL,Menard County,Petersburg,40.0114,-89.8514,40.022569,-89.794133,seat
17131,IL,Mercer County,Aledo,41.2,-90.74972,41.205605,-90.74177,seat
17133,IL,Monroe County,Waterloo,38.3353,-90.1528,38.277983,-90.179078,seat
17135,IL,Montgomery County,Hillsboro,39.165,-89.4844,39.228068,-89.478141,seat
17137,IL,Morgan County,Jacksonville,39.7319,-90.2344,39.717657,-90.204993,seat
17139,IL,Moultrie County,Sullivan,39.5983,-88.61,39.636896,-88.625726,seat
17141,IL,Ogle County,Oregon,42.014608333333,-89.332536111111,42.041884,-89.320176,seat
17143,IL,Peoria County,Peoria,40.6925,-89.59,40.785972,-89.766993,seat
17145,IL,Perry County,Pinckneyville,38.076388888889,-89.382222222222,38.084381,-89.368525,seat
17147,IL,Piatt County,Monticello,40.0281,-88.5731,40.009033,-88.592355,seat
17149,IL,Pike County,Pittsfield,39.6097,-90.8083,39.625106,-90.889034,seat
17151,IL,Pope County,Golconda,37.3621442,-88.4874306,37.417169,-88.542374,seat
17153,IL,Pulaski County,Mound City,37.0852727,-89.1629306,37.215615,-89.127755,seat
17155,IL,Putnam County,Hennepin,41.2567,-89.33,41.198961,-89.298347,seat
17157,IL,Randolph County,Chester,37.91389,-89.82306,38.056515,-89.82121,seat
17159,IL,Richland County,Olney,38.7284239,-88.0838849,38.712187,-88.085452,seat
17161,IL,Rock Island County,Rock Island,41.489166666667,-90.573055555556,41.468421,-90.572125,seat
17163,IL,St. Clair County,Belleville,38.521666666667,-89.995277777778,38.470198,-89.928546,seat
17165,IL,Saline County,Harrisburg,37.733888888889,-88.545833333333,37.751508,-88.545024,seat
17167,IL,Sangamon County,Springfield,39.7975,-89.645,39.756886,-89.662435,seat
17169,IL,Schuyler County,Rushville,40.121111111111,-90.563055555556,40.156905,-90.613464,seat
17171,IL,Scott County,Winchester,39.6297778,-90.455964,39.637002,-90.477771,seat
17173,IL,Shelby County,Shelbyville,39.4081,-88.7997,39.384917,-88.798865,seat
17175,IL,Stark County,Toulon,41.0944,-89.8622,41.096908,-89.797411,seat
17177,IL,Stephenson County,Freeport,42.291944444444,-89.630277777778,42.349726,-89.665994,seat
17179,IL,Tazewell County,Pekin,40.568055555556,-89.626388888889,40.508074,-89.51626,seat
17181,IL,Union County,Jonesboro,37.4511,-89.2686,37.485652,-89.244639,seat
17183,IL,Vermilion County,Danville,40.124444444444,-87.631388888889,40.186754,-87.726778,seat
17185,IL,Wabash County,Mount Carmel,38.4187022,-87.7694086,38.445821,-87.839167,seat
17187,IL,Warren County,Monmouth,40.914089,-90.6423406,40.850441,-90.620223,seat
17189,IL,Washington County,Nashville,38.3541876,-89.3770174,38.35314,-89.417187,seat
17191,IL,Wayne County,Fairfield,38.3803,-88.3658,38.431857,-88.43243,seat
17193,IL,White County,Carmi,38.088333333333,-88.168055555556,38.087326,-88.178623,seat
17195,IL,Whiteside County,Morrison,41.8076413,-89.9617047,41.750673,-89.911005,seat
17197,IL,Will County,Joliet,41.52519,-88.0834,41.448474,-87.978456,seat
17199,IL,Williamson County,Marion,37.73028,-88.93,37.730353,-88.930018,seat
17201,IL,Winnebago County,Rockford,42.27113,-89.094,42.337396,-89.161205,seat
17203,IL,Woodford County,Eureka,40.7156,-89.2753,40.789787,-89.210587,seat
18001,IN,Adams County,Decatur,40.8294,-84.9292,40.74573,-84.936134,seat
18003,IN,Allen County,Fort Wayne,41.08045,-85.13915,41.091909,-85.071791,seat
18005,IN,Bartholomew County,Columbus,39.213998,-85.911056,39.205843,-85.897999,seat
18007,IN,Benton County,Fowler,40.6183,-87.3192,40.600939,-87.314786,seat
18009,IN,Blackford County,Hartford City,40.4525,-85.3694,40.472672,-85.32373,seat
18011,IN,Boone County,Lebanon,40.0522,-86.4717,40.050892,-86.469014,seat
18013,IN,Brown County,Nashville,39.208333333333,-86.25,39.195113,-86.230121,seat
18015,IN,Carroll County,Delphi,40.5875,-86.6717,40.58498,-86.565141,seat
18017,IN,Cass County,Logansport,40.7536,-86.3606,40.753799,-86.355168,seat
18019,IN,Clark County,Jeffersonville,38.2956,-85.7314,38.476217,-85.711122,seat
18021,IN,Clay County,Brazil,39.525,-87.1275,39.393928,-87.115858,seat
18023,IN,Clinton County,Frankfort,40.2822,-86.5114,40.305944,-86.477567,seat
18025,IN,Crawford County,English,38.3356,-86.4606,38.289433,-86.440871,seat
18027,IN,Daviess County,Washington,38.6583,-87.175,38.69609,-87.076943,seat
18029,IN,Dearborn County,Lawrenceburg,39.096111111111,-84.857777777778,39.140897,-84.975868,seat
18031,IN,Decatur County,Greensburg,39.340277777778,-85.483611111111,39.30598,-85.499831,seat
18033,IN,DeKalb County,Auburn,41.3669942,-85.0588575,41.39676,-85.002697,seat
18035,IN,Delaware County,Muncie,40.193333333333,-85.388055555556,40.227543,-85.399262,seat
18037,IN,Dubois County,Jasper,38.3953,-86.9328,38.373344,-86.873385,seat
18039,IN,Elkhart County,Goshen,41.581944444444,-85.836666666667,41.600693,-85.863986,seat
18041,IN,Fayette County,Connersville,39.653888888889,-85.137777777778,39.639654,-85.185034,seat
18043,IN,Floyd County,New Albany,38.3019,-85.8214,38.318081,-85.911847,seat
18045,IN,Fountain County,Covington,40.140555555556,-87.393055555556,40.121237,-87.234872,seat
18047,IN,Franklin County,Brookville,39.4222,-85.0094,39.409762,-85.066964,seat
18049,IN,Fulton County,Rochester,41.0619,-86.2067,41.050384,-86.265006,seat
18051,IN,Gibson County,Princeton,38.3536,-87.5706,38.317398,-87.580523,seat
18053,IN,Grant County,Marion,40.5492,-85.6647,40.515758,-85.654946,seat
18055,IN,Greene County,Bloomfield,39.0247,-86.9403,39.047147,-87.004771,seat
18057,IN,Hamilton County,Noblesville,40.05,-86.0214,40.053513,-86.021709,seat
18059,IN,Hancock County,Greenfield,39.7914,-85.7714,39.822529,-85.77315,seat
18061,IN,Harrison County,Corydon,38.210555555556,-86.126388888889,38.186454,-86.103766,seat
18063,IN,Hendricks County,Danville,39.7608,-86.5178,39.768963,-86.509908,seat
18065,IN,Henry County,New Castle,39.9236,-85.365,39.929591,-85.397363,seat
18067,IN,Howard County,Kokomo,40.482222222222,-86.131666666667,40.483537,-86.114118,seat
18069,IN,Huntington County,Huntington,40.8819,-85.4956,40.826394,-85.478597,seat
18071,IN,Jackson County,Brownstown,38.8797,-86.0461,38.911957,-86.042516,seat
18073,IN,Jasper County,Rensselaer,40.9381,-87.1514,41.017688,-87.118814,seat
18075,IN,Jay County,Portland,40.4339,-84.98,40.434956,-85.002331,seat
18077,IN,Jefferson County,Madison,38.75,-85.39528,38.783604,-85.44009,seat
18079,IN,Jennings County,Vernon,38.982778,-85.611389,38.996229,-85.628103,seat
18081,IN,Johnson County,Franklin,39.4897,-86.0567,39.496092,-86.094264,seat
18083,IN,Knox County,Vincennes,38.678333333333,-87.516111111111,38.688381,-87.420358,seat
18085,IN,Kosciusko County,Warsaw,41.2406,-85.8469,41.244293,-85.861575,seat
18087,IN,LaGrange County,LaGrange,41.6436,-85.4172,41.642462,-85.427845,seat
18089,IN,Lake County,Crown Point,41.421666666667,-87.356111111111,41.472247,-87.374337,seat
18091,IN,LaPorte County,La Porte,41.6092,-86.7175,41.549013,-86.744739,seat
18093,IN,Lawrence County,Bedford,38.8628,-86.4922,38.839815,-86.48782,seat
18095,IN,Madison County,Anderson,40.1,-85.68139,40.166203,-85.722454,seat
18097,IN,Marion County,Indianapolis,39.768611111111,-86.158055555556,39.782976,-86.135794,seat
18099,IN,Marshall County,Plymouth,41.3439,-86.3125,41.325003,-86.269036,seat
18101,IN,Martin County,Shoals,38.6664,-86.7925,38.705322,-86.801847,seat
18103,IN,Miami County,Peru,40.7578,-86.0678,40.772883,-86.044258,seat
18105,IN,Monroe County,Bloomington,39.166666666667,-86.534722222222,39.160729,-86.52331,seat
18107,IN,Montgomery County,Crawfordsville,40.038888888889,-86.896666666667,40.040296,-86.892715,seat
18109,IN,Morgan County,Martinsville,39.416666666667,-86.416666666667,39.482646,-86.447457,seat
18111,IN,Newton County,Kentland,40.7697,-87.4461,40.962399,-87.402172,seat
18113,IN,Noble County,Albion,41.395,-85.42194,41.404679,-85.417271,seat
18115,IN,Ohio County,Rising Sun,38.95,-84.8567,38.940527,-84.964299,seat
18117,IN,Orange County,Paoli,38.5578,-86.4692,38.547381,-86.489257,seat
18119,IN,Owen County,Spencer,39.2869,-86.7642,39.317339,-86.838845,seat
18121,IN,Parke County,Rockville,39.765277777778,-87.228888888889,39.77425,-87.19695,seat
18123,IN,Perry County,Tell City,37.9531,-86.7614,38.081436,-86.62654,seat
18125,IN,Pike County,Petersburg,38.4917,-87.2803,38.397961,-87.232547,seat
18127,IN,Porter County,Valparaiso,41.476111111111,-87.056944444444,41.509914,-87.071313,seat
18129,IN,Posey County,Mount Vernon,37.9367,-87.8989,38.027614,-87.868653,seat
18131,IN,Pulaski County,Winamac,41.05,-86.6,41.045272,-86.692538,seat
18133,IN,Putnam County,Greencastle,39.6422,-86.8561,39.665548,-86.853373,seat
18135,IN,Randolph County,Winchester,40.1731,-84.9775,40.164079,-85.00579,seat
18137,IN,Ripley County,Versailles,39.0675,-85.255,39.100226,-85.260494,seat
18139,IN,Rush County,Rushville,39.6144,-85.4486,39.622362,-85.466529,seat
18141,IN,St. Joseph County,South Bend,41.676388888889,-86.250277777778,41.617723,-86.288048,seat
18143,IN,Scott County,Scottsburg,38.6854,-85.7696,38.679431,-85.751898,seat
18145,IN,Shelby County,Shelbyville,39.5219,-85.7764,39.524135,-85.792174,seat
18147,IN,Spencer County,Rockport,37.8836,-87.0531,38.009697,-87.010375,seat
18149,IN,Starke County,Knox,41.2942,-86.6225,41.284478,-86.644636,seat
18151,IN,Steuben County,Angola,41.63694,-85.00083,41.643467,-85.002405,seat
18153,IN,Sullivan County,Sullivan,39.0969,-87.4064,39.089225,-87.415843,seat
18155,IN,Switzerland County,Vevay,38.7458,-85.0711,38.825854,-85.029681,seat
18157,IN,Tippecanoe County,Lafayette,40.4172,-86.8786,40.389133,-86.893554,seat
18159,IN,Tipton County,Tipton,40.285,-86.0403,40.310229,-86.056207,seat
18161,IN,Union County,Liberty,39.6358,-84.9289,39.623094,-84.925145,seat
18163,IN,Vanderburgh County,Evansville,37.974722222222,-87.555833333333,38.02007,-87.586166,seat
18165,IN,Vermillion County,Newport,39.885,-87.4064,39.854045,-87.462071,seat
18167,IN,Vigo County,Terre Haute,39.469586,-87.389762,39.430874,-87.390989,seat
18169,IN,Wabash County,Wabash,40.8008,-85.8272,40.843747,-85.795192,seat
18171,IN,Warren County,Williamsport,40.286944444444,-87.291944444444,40.352498,-87.375163,seat
18173,IN,Warrick County,Boonville,38.046111111111,-87.2725,38.097728,-87.272049,seat
18175,IN,Washington County,Salem,38.604166666667,-86.098888888889,38.600613,-86.104751,seat
18177,IN,Wayne County,Richmond,39.830277777778,-84.890555555556,39.863091,-85.006735,seat
18179,IN,Wells County,Bluffton,40.738055555556,-85.172222222222,40.735547,-85.213349,seat
18181,IN,White County,Monticello,40.7467,-86.7653,40.75095,-86.864293,seat
18183,IN,Whitley County,Columbia City,41.1586,-85.4878,41.136426,-85.501892,seat
19001,IA,Adair County,Greenfield,41.305,-94.461111111111,41.328528,-94.478164,seat
19003,IA,Adams County,Corning,40.991388888889,-94.736944444444,41.021656,-94.696906,seat
19005,IA,Allamakee County,Waukon,43.268888888889,-91.479166666667,43.274964,-91.382751,seat
19007,IA,Appanoose County,Centerville,40.729722222222,-92.871944444444,40.744249,-92.873062,seat
19009,IA,Audubon County,Audubon,41.720277777778,-94.928333333333,41.679178,-94.904312,seat
19011,IA,Benton County,Vinton,42.164166666667,-92.026111111111,42.092547,-92.05763,seat
19013,IA,Black Hawk County,Waterloo,42.492436,-92.346161,42.471132,-92.3076,seat
19015,IA,Boone County,Boone,42.061111111111,-93.886111111111,42.038623,-93.938605,seat
19017,IA,Bremer County,Waverly,42.726666666667,-92.475277777778,42.780895,-92.327356,seat
19019,IA,Buchanan County,Independence,42.470277777778,-91.893888888889,42.470328,-91.838666,seat
19021,IA,Buena Vista County,Storm Lake,42.643611111111,-95.201944444444,42.741522,-95.141432,seat
19023,IA,Butler County,Allison,42.753333333333,-92.794722222222,42.734757,-92.780153,seat
19025,IA,Calhoun County,Rockwell City,42.395833333333,-94.633055555556,42.386061,-94.643602,seat
19027,IA,Carroll County,Carroll,42.069444444444,-94.866388888889,42.039502,-94.86765,seat
19029,IA,Cass County,Atlantic,41.401388888889,-95.010833333333,41.333824,-94.933302,seat
19031,IA,Cedar County,Tipton,41.770555555556,-91.129166666667,41.77236,-91.132611,seat
19033,IA,Cerro Gordo County,Mason City,43.148611111111,-93.201944444444,43.074975,-93.250965,seat
19035,IA,Cherokee County,Cherokee,42.75,-95.55,42.742737,-95.633262,seat
19037,IA,Chickasaw County,New Hampton,43.059722222222,-92.314722222222,43.059741,-92.31721,seat
19039,IA,Clarke County,Osceola,41.034166666667,-93.768333333333,41.029726,-93.785259,seat
19041,IA,Clay County,Spencer,43.145277777778,-95.147222222222,43.081224,-95.149875,seat
19043,IA,Clayton County,Elkader,42.855833333333,-91.403055555556,42.840985,-91.323576,seat
19045,IA,Clinton County,Clinton,41.8469,-90.2072,41.898073,-90.534243,seat
19047,IA,Crawford County,Denison,42.017222222222,-95.351111111111,42.043119,-95.38909,seat
19049,IA,Dallas County,Adel,41.616666666667,-94.021666666667,41.68532,-94.040706,seat
19051,IA,Davis County,Bloomfield,40.751111111111,-92.416944444444,40.748089,-92.410345,seat
19053,IA,Decatur County,Leon,40.74,-93.746388888889,40.736379,-93.78458,seat
19055,IA,Delaware County,Manchester,42.486111111111,-91.457222222222,42.473014,-91.366767,seat
19057,IA,Des Moines County,Burlington,40.810555555556,-91.101388888889,40.915339,-91.186925,seat
19059,IA,Dickinson County,Spirit Lake,43.423055555556,-95.104166666667,43.389611,-95.196057,seat
19061,IA,Dubuque County,Dubuque,42.504321,-90.686865,42.463481,-90.878771,seat
19063,IA,Emmet County,Estherville,43.404444444444,-94.833611111111,43.377984,-94.66937,seat
19065,IA,Fayette County,West Union,42.961944444444,-91.81,42.864122,-91.840376,seat
19067,IA,Floyd County,Charles City,43.066388888889,-92.675833333333,43.052741,-92.787367,seat
19069,IA,Franklin County,Hampton,42.743055555556,-93.207777777778,42.736545,-93.271415,seat
19071,IA,Fremont County,Sidney,40.747222222222,-95.646944444444,40.74259,-95.599182,seat
19073,IA,Greene County,Jefferson,42.016666666667,-94.376666666667,42.042513,-94.388727,seat
19075,IA,Grundy County,Grundy Center,42.361111111111,-92.773611111111,42.403339,-92.790244,seat
19077,IA,Guthrie County,Guthrie Center,41.679722222222,-94.500833333333,41.683573,-94.501272,seat
19079,IA,Hamilton County,Webster City,42.466388888889,-93.820555555556,42.390789,-93.70913,seat
19081,IA,Hancock County,Garner,43.098055555556,-93.604166666667,43.075411,-93.743697,seat
19083,IA,Hardin County,Eldora,42.360277777778,-93.101388888889,42.390208,-93.241669,seat
19085,IA,Harrison County,Logan,41.644722222222,-95.79,41.688584,-95.827149,seat
19087,IA,Henry County,Mount Pleasant,40.966944444444,-91.551111111111,40.984802,-91.547259,seat
19089,IA,Howard County,Cresco,43.374444444444,-92.115,43.365312,-92.321908,seat
19091,IA,Humboldt County,Dakota City,42.721944444444,-94.200277777778,42.782221,-94.202775,seat
19093,IA,Ida County,Ida Grove,42.344444444444,-95.470555555556,42.39186,-95.507421,seat
19095,IA,Iowa County,Marengo,41.797222222222,-92.069444444444,41.683918,-92.059123,seat
19097,IA,Jackson County,Maquoketa,42.066944444444,-90.666111111111,42.164226,-90.574582,seat
19099,IA,Jasper County,Newton,41.698611111111,-93.046944444444,41.685551,-93.054147,seat
19101,IA,Jefferson County,Fairfield,41.007222222222,-91.965833333333,41.006376,-91.966628,seat
19103,IA,Johnson County,Iowa City,41.655833333333,-91.525,41.670668,-91.590529,seat
19105,IA,Jones County,Anamosa,42.108888888889,-91.281388888889,42.125118,-91.116914,seat
19107,IA,Keokuk County,Sigourney,41.333333333333,-92.203333333333,41.331182,-92.167721,seat
19109,IA,Kossuth County,Algona,43.070277777778,-94.229722222222,43.212356,-94.213965,seat
19111,IA,Lee County,Fort Madison,40.628611111111,-91.338888888889,40.647588,-91.477157,seat
19113,IA,Linn County,Cedar Rapids,41.983333333333,-91.668611111111,42.077951,-91.597674,seat
19115,IA,Louisa County,Wapello,41.179722222222,-91.188333333333,41.218211,-91.256994,seat
19117,IA,Lucas County,Chariton,41.016111111111,-93.3075,41.033344,-93.331467,seat
19119,IA,Lyon County,Rock Rapids,43.428055555556,-96.168611111111,43.38358,-96.207201,seat
19121,IA,Madison County,Winterset,41.335833333333,-94.013888888889,41.330622,-94.015184,seat
19123,IA,Mahaska County,Oskaloosa,41.293888888889,-92.644444444444,41.330797,-92.636366,seat
19125,IA,Marion County,Knoxville,41.319166666667,-93.101388888889,41.331433,-93.093868,seat
19127,IA,Marshall County,Marshalltown,42.041666666667,-92.914444444444,42.0417,-92.981403,seat
19129,IA,Mills County,Glenwood,41.045555555556,-95.7425,41.033703,-95.619101,seat
19131,IA,Mitchell County,Osage,43.284722222222,-92.812222222222,43.348564,-92.784466,seat
19133,IA,Monona County,Onawa,42.0275,-96.096388888889,42.049432,-95.956566,seat
19135,IA,Monroe County,Albia,41.026666666667,-92.805277777778,41.028847,-92.869642,seat
19137,IA,Montgomery County,Red Oak,41.011666666667,-95.227222222222,41.021735,-95.15779,seat
19139,IA,Muscatine County,Muscatine,41.424444444444,-91.043333333333,41.483776,-91.118699,seat
19141,IA,O'Brien County,Primghar,43.087777777778,-95.627777777778,43.083746,-95.625624,seat
19143,IA,Osceola County,Sibley,43.403055555556,-95.746388888889,43.378542,-95.633788,seat
19145,IA,Page County,Clarinda,40.7375,-95.035833333333,40.739097,-95.144301,seat
19147,IA,Palo Alto County,Emmetsburg,43.111111111111,-94.681944444444,43.075337,-94.669055,seat
19149,IA,Plymouth County,Le Mars,42.788888888889,-96.165833333333,42.737585,-96.215864,seat
19151,IA,Pocahontas County,Pocahontas,42.734444444444,-94.673055555556,42.734033,-94.678279,seat
19153,IA,Polk County,Des Moines,41.590833333333,-93.620833333333,41.684816,-93.568971,seat
19155,IA,Pottawattamie County,Council Bluffs,41.253,-95.862,41.340184,-95.544905,seat
19157,IA,Poweshiek County,Montezuma,41.584722222222,-92.525277777778,41.684642,-92.522934,seat
19159,IA,Ringgold County,Mount Ayr,40.7142,-94.2369,40.735334,-94.244251,seat
19161,IA,Sac County,Sac City,42.421111111111,-94.995,42.387526,-95.105224,seat
19163,IA,Scott County,Davenport,41.543055555556,-90.590833333333,41.642079,-90.622289,seat
19165,IA,Shelby County,Harlan,41.654722222222,-95.321944444444,41.679014,-95.308917,seat
19167,IA,Sioux County,Orange City,43.005555555556,-96.058888888889,43.082646,-96.17801,seat
19169,IA,Story County,Nevada,42.0192,-93.4517,42.037538,-93.466093,seat
19171,IA,Tama County,Toledo,41.993333333333,-92.579166666667,42.074848,-92.529411,seat
19173,IA,Taylor County,Bedford,40.668333333333,-94.721111111111,40.737949,-94.697108,seat
19175,IA,Union County,Creston,41.059166666667,-94.364444444444,41.02855,-94.245091,seat
19177,IA,Van Buren County,Keosauqua,40.732222222222,-91.963055555556,40.754117,-91.952943,seat
19179,IA,Wapello County,Ottumwa,41.013055555556,-92.414722222222,41.031275,-92.409466,seat
19181,IA,Warren County,Indianola,41.361666666667,-93.563055555556,41.332446,-93.568751,seat
19183,IA,Washington County,Washington,41.3,-91.689166666667,41.329401,-91.725052,seat
19185,IA,Wayne County,Corydon,40.759166666667,-93.317777777778,40.739983,-93.332613,seat
19187,IA,Webster County,Fort Dodge,42.506666666667,-94.180277777778,42.433579,-94.175831,seat
19189,IA,Winnebago County,Forest City,43.261944444444,-93.640277777778,43.378124,-93.743488,seat
19191,IA,Winneshiek County,Decorah,43.3017,-91.7903,43.292989,-91.850788,seat
19193,IA,Woodbury County,Sioux City,42.498055555556,-96.395555555556,42.39322,-96.053296,seat
19195,IA,Worth County,Northwood,43.445833333333,-93.219166666667,43.373491,-93.248533,seat
19197,IA,Wright County,Clarion,42.731111111111,-93.731111111111,42.733007,-93.734735,seat
20001,KS,Allen County,Iola,37.9228,-95.4003,37.884228,-95.300945,seat
20003,KS,Anderson County,Garnett,38.2828,-95.2408,38.215114,-95.292046,seat
20005,KS,Atchison County,Atchison,39.5625,-95.1283,39.532544,-95.313397,seat
20007,KS,Barber County,Medicine Lodge,37.284444444444,-98.581111111111,37.222906,-98.685052,seat
20009,KS,Barton County,Great Bend,38.3644,-98.7647,38.481239,-98.767837,seat
20011,KS,Bourbon County,Fort Scott,37.835277777778,-94.701944444444,37.8561,-94.850928,seat
20013,KS,Brown County,Hiawatha,39.849167,-95.515833,39.825931,-95.569905,seat
20015,KS,Butler County,El Dorado,37.8211,-96.8583,37.773649,-96.83884,seat
20017,KS,Chase County,Cottonwood Falls,38.3681,-96.5431,38.299475,-96.594029,seat
20019,KS,Chautauqua County,Sedan,37.12672,-96.18694,37.154259,-96.245396,seat
20021,KS,Cherokee County,Columbus,37.1714,-94.8408,37.169392,-94.845698,seat
20023,KS,Cheyenne County,St. Francis,39.7714,-101.801,39.789901,-101.727317,seat
20025,KS,Clark County,Ashland,37.1867,-99.7692,37.233831,-99.813869,seat
20027,KS,Clay County,Clay Center,39.38,-97.1231,39.344964,-97.168853,seat
20029,KS,Cloud County,Concordia,39.5692,-97.6583,39.487329,-97.64139,seat
20031,KS,Coffey County,Burlington,38.1944,-95.7456,38.23645,-95.729137,seat
20033,KS,Comanche County,Coldwater,37.2694,-99.3261,37.181442,-99.251293,seat
20035,KS,Cowley County,Winfield,37.2478,-96.9806,37.234507,-96.837247,seat
20037,KS,Crawford County,Girard,37.5103,-94.8442,37.505821,-94.853897,seat
20039,KS,Decatur County,Oberlin,39.821111111111,-100.52833333333,39.783542,-100.459708,seat
20041,KS,Dickinson County,Abilene,38.919722222222,-97.217222222222,38.867735,-97.157943,seat
20043,KS,Doniphan County,Troy,39.7881,-95.0908,39.788502,-95.147225,seat
20045,KS,Douglas County,Lawrence,38.971666666667,-95.235277777778,38.896417,-95.290947,seat
20047,KS,Edwards County,Kinsley,37.9222,-99.4117,37.883595,-99.304746,seat
20049,KS,Elk County,Howard,37.4686,-96.2631,37.456026,-96.244642,seat
20051,KS,Ellis County,Hays,38.8794,-99.3222,38.914597,-99.317313,seat
20053,KS,Ellsworth County,Ellsworth,38.7319,-98.2292,38.700845,-98.205355,seat
20055,KS,Finney County,Garden City,37.9753,-100.864,38.049808,-100.739967,seat
20057,KS,Ford County,Dodge City,37.759722222222,-100.01833333333,37.688416,-99.884748,seat
20059,KS,Franklin County,Ottawa,38.6119,-95.2664,38.558019,-95.278962,seat
20061,KS,Geary County,Junction City,39.0275,-96.8403,39.002139,-96.7681,seat
20063,KS,Gove County,Gove City,38.9594,-100.487,38.917239,-100.48736,seat
20065,KS,Graham County,Hill City,39.3672,-99.8456,39.354972,-99.879894,seat
20067,KS,Grant County,Ulysses,37.58,-101.357,37.547537,-101.299362,seat
20069,KS,Gray County,Cimarron,37.8083,-100.348,37.744513,-100.451716,seat
20071,KS,Greeley County,Tribune,38.4703,-101.754,38.480404,-101.80597,seat
20073,KS,Greenwood County,Eureka,37.8228,-96.2894,37.879347,-96.241732,seat
20075,KS,Hamilton County,Syracuse,37.9831,-101.751,37.995244,-101.793689,seat
20077,KS,Harper County,Anthony,37.15389,-98.02917,37.188184,-98.06659,seat
20079,KS,Harvey County,Newton,38.0442,-97.3475,38.050144,-97.436706,seat
20081,KS,Haskell County,Santa Fe,37.569492,-100.870778,37.554979,-100.879952,seat
20083,KS,Hodgeman County,Jetmore,38.0842,-99.8961,38.087493,-99.898407,seat
20085,KS,Jackson County,Holton,39.4669,-95.7369,39.411145,-95.794485,seat
20087,KS,Jefferson County,Oskaloosa,39.2158,-95.3139,39.239644,-95.375314,seat
20089,KS,Jewell County,Mankato,39.78694,-98.20917,39.777005,-98.222619,seat
20091,KS,Johnson County,Olathe,38.8808,-94.8031,38.883907,-94.82233,seat
20093,KS,Kearny County,Lakin,37.940277777778,-101.25861111111,37.994461,-101.308136,seat
20095,KS,Kingman County,Kingman,37.6469,-98.1139,37.552951,-98.144529,seat
20097,KS,Kiowa County,Greensburg,37.603055555556,-99.292777777778,37.561231,-99.286539,seat
20099,KS,Labette County,Oswego,37.1678,-95.1094,37.191468,-95.297473,seat
20101,KS,Lane County,Dighton,38.4814,-100.465,38.481286,-100.466185,seat
20103,KS,Leavenworth County,Leavenworth,39.3111,-94.9225,39.189511,-95.038977,seat
20105,KS,Lincoln County,Lincoln Center,39.0417,-98.1467,39.04728,-98.214284,seat
20107,KS,Linn County,Linnville,38.224722222222,-94.797222222222,38.216549,-94.844932,seat
20109,KS,Logan County,Oakley,39.1281,-100.854,38.91327,-101.157402,seat
20111,KS,Lyon County,Emporia,38.4081,-96.1869,38.455403,-96.161641,seat
20113,KS,McPherson County,McPherson,38.37167,-97.66194,38.395812,-97.647489,seat
20115,KS,Marion County,Marion,38.34889,-97.01583,38.359647,-97.102771,seat
20117,KS,Marshall County,Marysville,39.84444,-96.6425,39.782709,-96.521243,seat
20119,KS,Meade County,Meade,37.28583,-100.33917,37.243886,-100.360094,seat
20121,KS,Miami County,Paola,38.5736,-94.8733,38.566772,-94.832963,seat
20123,KS,Mitchell County,Beloit,39.4628,-98.1094,39.393026,-98.207362,seat
20125,KS,Montgomery County,Independence,37.2283,-95.7114,37.189537,-95.742403,seat
20127,KS,Morris County,Council Grove,38.660555555556,-96.489722222222,38.688204,-96.651448,seat
20129,KS,Morton County,Elkhart,37.0031,-101.898,37.185249,-101.809516,seat
20131,KS,Nemaha County,Seneca,39.8356,-96.0661,39.791043,-96.005381,seat
20133,KS,Neosho County,Erie,37.5686,-95.2425,37.564283,-95.315682,seat
20135,KS,Ness County,Ness City,38.4522,-99.9061,38.480437,-99.908745,seat
20137,KS,Norton County,Norton,39.8333,-99.8908,39.783867,-99.899235,seat
20139,KS,Osage County,Lyndon,38.6103,-95.6853,38.650215,-95.708255,seat
20141,KS,Osborne County,Osborne,39.4406,-98.6972,39.348261,-98.767942,seat
20143,KS,Ottawa County,Minneapolis,39.12444,-97.705,39.137963,-97.654802,seat
20145,KS,Pawnee County,Larned,38.1822,-99.1017,38.181477,-99.234772,seat
20147,KS,Phillips County,Phillipsburg,39.7553,-99.3222,39.784506,-99.34215,seat
20149,KS,Pottawatomie County,Westmoreland,39.3947,-96.4142,39.382187,-96.337113,seat
20151,KS,Pratt County,Pratt,37.650277777778,-98.738055555556,37.647594,-98.74012,seat
20153,KS,Rawlins County,Atwood,39.8089,-101.041,39.786198,-101.076738,seat
20155,KS,Reno County,Hutchinson,38.0656,-97.9236,37.948185,-98.078346,seat
20157,KS,Republic County,Belleville,39.8236,-97.6303,39.828906,-97.650883,seat
20159,KS,Rice County,Lyons,38.345,-98.2025,38.347178,-98.201415,seat
20161,KS,Riley County,Manhattan,39.19,-96.58667,39.29121,-96.727488,seat
20163,KS,Rooks County,Stockton,39.4364,-99.2717,39.346006,-99.324492,seat
20165,KS,Rush County,La Crosse,38.5319,-99.3086,38.523596,-99.309184,seat
20167,KS,Russell County,Russell,38.8897,-98.8572,38.91604,-98.770949,seat
20169,KS,Saline County,Salina,38.8242,-97.6072,38.791804,-97.651478,seat
20171,KS,Scott County,Scott City,38.4797,-100.908,38.481877,-100.90636,seat
20173,KS,Sedgwick County,Wichita,37.688888888889,-97.336111111111,37.681045,-97.461054,seat
20175,KS,Seward County,Liberal,37.0433,-100.928,37.18096,-100.855257,seat
20177,KS,Shawnee County,Topeka,39.04833,-95.67804,39.041805,-95.755664,seat
20179,KS,Sheridan County,Hoxie,39.3544,-100.44,39.350547,-100.441228,seat
20181,KS,Sherman County,Goodland,39.3486,-101.711,39.351352,-101.719859,seat
20183,KS,Smith County,Smith Center,39.7786,-98.7853,39.78466,-98.785429,seat
20185,KS,Stafford County,St. John,38.0011,-98.7611,38.03563,-98.719889,seat
20187,KS,Stanton County,Johnson City,37.570555555556,-101.75111111111,37.565932,-101.789383,seat
20189,KS,Stevens County,Hugoton,37.1764,-101.346,37.2017,-101.317268,seat
20191,KS,Sumner County,Wellington,37.2672,-97.4,37.236662,-97.493352,seat
20193,KS,Thomas County,Colby,39.3922,-101.048,39.357713,-101.083386,seat
20195,KS,Trego County,WaKeeney,39.024444444444,-99.881944444444,38.921302,-99.865423,seat
20197,KS,Wabaunsee County,Alma,39.01556,-96.28889,38.955154,-96.201262,seat
20199,KS,Wallace County,Sharon Springs,38.8956,-101.751,38.926626,-101.771103,seat
20201,KS,Washington County,Washington,39.8169,-97.0525,39.776714,-97.095611,seat
20203,KS,Wichita County,Leoti,38.4842,-101.358,38.481922,-101.347434,seat
20205,KS,Wilson County,Fredonia,37.5331,-95.8258,37.558515,-95.745175,seat
20207,KS,Woodson County,Yates Center,37.88,-95.7344,37.888193,-95.758469,seat
20209,KS,Wyandotte County,Kansas City,39.106666666667,-94.676388888889,39.115384,-94.763087,seat
21001,KY,Adair County,Columbia,37.1006,-85.3061,37.105559,-85.28138,seat
21003,KY,Allen County,Scottsville,36.7514,-86.1928,36.75077,-86.192458,seat
21005,KY,Anderson County,Lawrenceburg,38.0314,-84.8961,38.005396,-84.986417,seat
21007,KY,Ballard County,Wickliffe,36.9667,-89.0869,37.051323,-89.010367,seat
21009,KY,Barren County,Glasgow,37.0003,-85.9203,36.962805,-85.932108,seat
21011,KY,Bath County,Owingsville,38.142777777778,-83.766111111111,38.152249,-83.737641,seat
21013,KY,Bell County,Pineville,36.7631,-83.6994,36.728928,-83.680718,seat
21015,KY,Boone County,Burlington,39.023888888889,-84.717222222222,38.9589,-84.736371,seat
21017,KY,Bourbon County,Paris,38.2064,-84.2578,38.202562,-84.20986,seat
21019,KY,Boyd County,Catlettsburg,38.4047,-82.6006,38.360003,-82.681406,seat
21021,KY,Boyle County,Danville,37.645833333333,-84.7725,37.618104,-84.868352,seat
21023,KY,Bracken County,Brooksville,38.6822,-84.0675,38.680365,-84.115235,seat
21025,KY,Breathitt County,Jackson,37.5531,-83.3883,37.517807,-83.317158,seat
21027,KY,Breckinridge County,Hardinsburg,37.7764,-86.455,37.777988,-86.432919,seat
21029,KY,Bullitt County,Shepherdsville,37.9881,-85.7139,37.969945,-85.702635,seat
21031,KY,Butler County,Morgantown,37.2194,-86.6925,37.207013,-86.682471,seat
21033,KY,Caldwell County,Princeton,37.1078,-87.8825,37.148642,-87.870509,seat
21035,KY,Calloway County,Murray,36.6094,-88.3156,36.620978,-88.274086,seat
21037,KY,Campbell County,Alexandria,38.95889,-84.38917,38.946981,-84.379583,seat
21039,KY,Carlisle County,Bardwell,36.8728,-89.01,36.85718,-88.976614,seat
21041,KY,Carroll County,Carrollton,38.6772,-85.1714,38.668394,-85.124024,seat
21043,KY,Carter County,Grayson,38.3347,-82.9425,38.314094,-83.038988,seat
21045,KY,Casey County,Liberty,37.3211,-84.9306,37.321962,-84.92822,seat
21047,KY,Christian County,Hopkinsville,36.85444,-87.48861,36.892059,-87.492986,seat
21049,KY,Clark County,Winchester,37.994722222222,-84.184166666667,37.970314,-84.145115,seat
21051,KY,Clay County,Manchester,37.15278,-83.76333,37.164273,-83.715454,seat
21053,KY,Clinton County,Albany,36.69306,-85.13528,36.727258,-85.136098,seat
21055,KY,Crittenden County,Marion,37.3325,-88.07889,37.358149,-88.10501,seat
21057,KY,Cumberland County,Burkesville,36.7928,-85.3694,36.782372,-85.388484,seat
21059,KY,Daviess County,Owensboro,37.757748,-87.11839,37.731671,-87.087139,seat
21061,KY,Edmonson County,Brownsville,37.1911,-86.2611,37.227514,-86.218015,seat
21063,KY,Elliott County,Sandy Hook,38.0925,-83.1239,38.116883,-83.096116,seat
21065,KY,Estill County,Irvine,37.6969,-83.9669,37.692449,-83.963983,seat
21067,KY,Fayette County,Lexington,38.049722222222,-84.458611111111,38.040678,-84.458272,seat
21069,KY,Fleming County,Flemingsburg,38.4206,-83.7375,38.367848,-83.699205,seat
21071,KY,Floyd County,Prestonsburg,37.6678,-82.7589,37.552456,-82.739724,seat
21073,KY,Franklin County,Frankfort,38.197,-84.863,38.234919,-84.868786,seat
21075,KY,Fulton County,Hickman,36.5672,-89.1864,36.552511,-89.187659,seat
21077,KY,Gallatin County,Warsaw,38.783333333333,-84.899444444444,38.755663,-84.865143,seat
21079,KY,Garrard County,Lancaster,37.6186,-84.5794,37.630162,-84.545856,seat
21081,KY,Grant County,Williamstown,38.6411,-84.5608,38.649167,-84.625924,seat
21083,KY,Graves County,Mayfield,36.741666666667,-88.635833333333,36.723344,-88.649897,seat
21085,KY,Grayson County,Leitchfield,37.483611111111,-86.293888888889,37.458577,-86.344011,seat
21087,KY,Green County,Greensburg,37.2597,-85.4978,37.278065,-85.537925,seat
21089,KY,Greenup County,Greenup,38.5736,-82.8336,38.563562,-82.93382,seat
21091,KY,Hancock County,Hawesville,37.8989,-86.7556,37.843325,-86.792761,seat
21093,KY,Hardin County,Elizabethtown,37.7,-85.866666666667,37.695836,-85.963183,seat
21095,KY,Harlan County,Harlan,36.8414,-83.32,36.859223,-83.221497,seat
21097,KY,Harrison County,Cynthiana,38.3883,-84.2969,38.444578,-84.334131,seat
21099,KY,Hart County,Munfordville,37.2767,-85.8978,37.305827,-85.878443,seat
21101,KY,Henderson County,Henderson,37.8356,-87.5808,37.792542,-87.572577,seat
21103,KY,Henry County,New Castle,38.4336,-85.1694,38.451383,-85.119647,seat
21105,KY,Hickman County,Clinton,36.6669,-88.9942,36.675896,-88.972084,seat
21107,KY,Hopkins County,Madisonville,37.3325,-87.50194,37.31107,-87.542196,seat
21109,KY,Jackson County,McKee,37.43028,-83.99333,37.403458,-84.020576,seat
21111,KY,Jefferson County,Louisville,38.256111111111,-85.751388888889,38.189532,-85.657624,seat
21113,KY,Jessamine County,Nicholasville,37.882777777778,-84.576666666667,37.873291,-84.58396,seat
21115,KY,Johnson County,Paintsville,37.811388888889,-82.806666666667,37.847756,-82.830121,seat
21117,KY,Kenton County,Independence,38.9536,-84.5469,38.930503,-84.533438,seat
21119,KY,Knott County,Hindman,37.3372,-82.9811,37.354368,-82.952546,seat
21121,KY,Knox County,Barbourville,36.861111111111,-83.879444444444,36.8885,-83.855551,seat
21123,KY,Larue County,Hodgenville,37.571111111111,-85.738611111111,37.544462,-85.696841,seat
21125,KY,Laurel County,London,37.1275,-84.0842,37.113268,-84.119395,seat
21127,KY,Lawrence County,Louisa,38.1119,-82.6058,38.074453,-82.73829,seat
21129,KY,Lee County,Beattyville,37.5772,-83.7097,37.608116,-83.719248,seat
21131,KY,Leslie County,Hyden,37.1633,-83.375,37.087846,-83.388617,seat
21133,KY,Letcher County,Whitesburg,37.1178,-82.8211,37.118536,-82.861251,seat
21135,KY,Lewis County,Vanceburg,38.5958,-83.3197,38.535047,-83.370143,seat
21137,KY,Lincoln County,Stanford,37.5322,-84.6603,37.457174,-84.658335,seat
21139,KY,Livingston County,Smithland,37.1394,-88.4028,37.209517,-88.363426,seat
21141,KY,Logan County,Russellville,36.8425,-86.892777777778,36.859607,-86.881288,seat
21143,KY,Lyon County,Eddyville,37.0806,-88.0694,37.023976,-88.083391,seat
21145,KY,McCracken County,Paducah,37.072222222222,-88.6275,37.054111,-88.712454,seat
21147,KY,McCreary County,Whitley City,36.7244,-84.4703,36.731136,-84.491052,seat
21149,KY,McLean County,Calhoun,37.5386,-87.2594,37.526707,-87.265597,seat
21151,KY,Madison County,Richmond,37.744722222222,-84.293611111111,37.725511,-84.278362,seat
21153,KY,Magoffin County,Salyersville,37.748055555556,-83.063055555556,37.698983,-83.069721,seat
21155,KY,Marion County,Lebanon,37.5706,-85.2564,37.552604,-85.268959,seat
21157,KY,Marshall County,Benton,36.8553,-88.3542,36.882017,-88.332752,seat
21159,KY,Martin County,Inez,37.8664,-82.5392,37.796774,-82.506623,seat
21161,KY,Mason County,Maysville,38.643888888889,-83.775833333333,38.594137,-83.828125,seat
21163,KY,Meade County,Brandenburg,37.9928,-86.1747,37.967476,-86.200863,seat
21165,KY,Menifee County,Frenchburg,37.9531,-83.6272,37.935485,-83.589355,seat
21167,KY,Mercer County,Harrodsburg,37.7639,-84.8461,37.812085,-84.879695,seat
21169,KY,Metcalfe County,Edmonton,36.9803,-85.6203,36.99243,-85.633456,seat
21171,KY,Monroe County,Tompkinsville,36.6994,-85.6919,36.714077,-85.713508,seat
21173,KY,Montgomery County,Mount Sterling,38.0567,-83.9444,38.038109,-83.912416,seat
21175,KY,Morgan County,West Liberty,37.9164,-83.2614,37.92294,-83.258944,seat
21177,KY,Muhlenberg County,Greenville,37.207222222222,-87.176388888889,37.213816,-87.134092,seat
21179,KY,Nelson County,Bardstown,37.81528,-85.46278,37.80312,-85.465931,seat
21181,KY,Nicholas County,Carlisle,38.315833333333,-84.031944444444,38.338031,-84.026223,seat
21183,KY,Ohio County,Hartford,37.4503,-86.9019,37.477859,-86.844871,seat
21185,KY,Oldham County,La Grange,38.4067,-85.3794,38.400127,-85.45615,seat
21187,KY,Owen County,Owenton,38.5367,-84.8394,38.499395,-84.84159,seat
21189,KY,Owsley County,Booneville,37.4747,-83.6767,37.423622,-83.691637,seat
21191,KY,Pendleton County,Falmouth,38.6739,-84.3342,38.696284,-84.351943,seat
21193,KY,Perry County,Hazard,37.2486,-83.195,37.241282,-83.217772,seat
21195,KY,Pike County,Pikeville,37.4772,-82.53,37.486031,-82.410912,seat
21197,KY,Powell County,Stanton,37.8475,-83.8592,37.809567,-83.831235,seat
21199,KY,Pulaski County,Somerset,37.0831,-84.6094,37.107428,-84.576969,seat
21201,KY,Robertson County,Mount Olivet,38.5319,-84.0372,38.513473,-84.06423,seat
21203,KY,Rockcastle County,Mount Vernon,37.3669,-84.3375,37.36105,-84.314368,seat
21205,KY,Rowan County,Morehead,38.183611111111,-83.441111111111,38.204266,-83.428079,seat
21207,KY,Russell County,Jamestown,36.9847,-85.0669,36.990587,-85.05495,seat
21209,KY,Scott County,Georgetown,38.2097,-84.56,38.28571,-84.57834,seat
21211,KY,Shelby County,Shelbyville,38.2122,-85.2258,38.239011,-85.228247,seat
21213,KY,Simpson County,Franklin,36.7225,-86.5775,36.740937,-86.581793,seat
21215,KY,Spencer County,Taylorsville,38.0347,-85.3439,38.025313,-85.317312,seat
21217,KY,Taylor County,Campbellsville,37.3458,-85.3456,37.36621,-85.328059,seat
21219,KY,Todd County,Elkton,36.8089,-87.1564,36.840338,-87.183642,seat
21221,KY,Trigg County,Cadiz,36.8678,-87.8175,36.807681,-87.858652,seat
21223,KY,Trimble County,Bedford,38.5919,-85.3172,38.62004,-85.351208,seat
21225,KY,Union County,Morganfield,37.6844,-87.9119,37.658029,-87.95165,seat
21227,KY,Warren County,Bowling Green,36.981666666667,-86.444444444444,36.995634,-86.423579,seat
21229,KY,Washington County,Springfield,37.6864,-85.2219,37.754209,-85.175416,seat
21231,KY,Wayne County,Monticello,36.8381,-84.85,36.800772,-84.82659,seat
21233,KY,Webster County,Dixon,37.51,-87.6986,37.520375,-87.685206,seat
21235,KY,Whitley County,Williamsburg,36.7367,-84.1647,36.758024,-84.144648,seat
21237,KY,Wolfe County,Campton,37.7347,-83.5483,37.743893,-83.49511,seat
21239,KY,Woodford County,Versailles,38.0547,-84.7308,38.043103,-84.748855,seat
22001,LA,Acadia Parish,Crowley,30.2136,-92.3736,30.291497,-92.411037,seat
22003,LA,Allen Parish,Oberlin,30.6194,-92.7642,30.652744,-92.819605,seat
22005,LA,Ascension Parish,Donaldsonville,30.1,-90.994166666667,30.206444,-90.912502,seat
22007,LA,Assumption Parish,Napoleonville,29.9378,-91.0267,29.9033,-91.065219,seat
22009,LA,Avoyelles Parish,Marksville,31.12639,-92.06583,31.088503,-91.983275,seat
22011,LA,Beauregard Parish,DeRidder,30.851388888889,-93.290277777778,30.645018,-93.340253,seat
22013,LA,Bienville Parish,Arcadia,32.55167,-92.92417,32.340952,-93.041151,seat
22015,LA,Bossier Parish,Benton,32.6947,-93.7406,32.698481,-93.626561,seat
22017,LA,Caddo Parish,Shreveport,32.508055555556,-93.762777777778,32.580106,-93.88497,seat
22019,LA,Calcasieu Parish,Lake Charles,30.214722222222,-93.208611111111,30.229559,-93.358015,seat
22021,LA,Caldwell Parish,Columbia,32.1042,-92.0769,32.101219,-92.114231,seat
22023,LA,Cameron Parish,Cameron,29.795833333333,-93.320833333333,29.871812,-93.164948,seat
22025,LA,Catahoula Parish,Harrisonburg,31.7722,-91.8275,31.666517,-91.846703,seat
22027,LA,Claiborne Parish,Homer,32.79181,-93.05572,32.82716,-92.989728,seat
22029,LA,Concordia Parish,Vidalia,31.5683,-91.4342,31.469805,-91.626315,seat
22031,LA,De Soto Parish,Mansfield,32.03278,-93.70222,32.059248,-93.740797,seat
22033,LA,East Baton Rouge Parish,Baton Rouge,30.4475,-91.178611111111,30.54393,-91.093131,seat
22035,LA,East Carroll Parish,Lake Providence,32.805277777778,-91.179444444444,32.73017,-91.234141,seat
22037,LA,East Feliciana Parish,Clinton,30.86574,-91.01566,30.839784,-91.043434,seat
22039,LA,Evangeline Parish,Ville Platte,30.6892,-92.2775,30.720693,-92.404086,seat
22041,LA,Franklin Parish,Winnsboro,32.1633,-91.7233,32.139076,-91.672371,seat
22043,LA,Grant Parish,Colfax,31.5197,-92.7083,31.597787,-92.561716,seat
22045,LA,Iberia Parish,New Iberia,30.0036,-91.8183,29.606013,-91.842706,seat
22047,LA,Iberville Parish,Plaquemine,30.2842,-91.2406,30.270653,-91.365872,seat
22049,LA,Jackson Parish,Jonesboro,32.241111111111,-92.715833333333,32.30429,-92.5617,seat
22051,LA,Jefferson Parish,Gretna,29.9164,-90.0542,29.5033,-90.036231,seat
22053,LA,Jefferson Davis Parish,Jennings,30.2222,-92.6569,30.269529,-92.816221,seat
22055,LA,Lafayette Parish,Lafayette,30.243062,-92.012649,30.206507,-92.06417,seat
22057,LA,Lafourche Parish,Thibodaux,29.7922,-90.82,29.491992,-90.394849,seat
22059,LA,LaSalle Parish,Jena,31.683333333333,-92.133333333333,31.680083,-92.161596,seat
22061,LA,Lincoln Parish,Ruston,32.52875,-92.638694444444,32.601823,-92.662303,seat
22063,LA,Livingston Parish,Livingston,30.4986,-90.7483,30.440419,-90.727474,seat
22065,LA,Madison Parish,Tallulah,32.4092,-91.1914,32.346878,-91.231932,seat
22067,LA,Morehouse Parish,Bastrop,32.7778,-91.915,32.820008,-91.800399,seat
22069,LA,Natchitoches Parish,Natchitoches,31.7431,-93.095,31.732509,-93.082546,seat
22071,LA,Orleans Parish,New Orleans,29.976111111111,-90.078333333333,30.05342,-89.934502,seat
22073,LA,Ouachita Parish,Monroe,32.5094,-92.1183,32.480932,-92.151581,seat
22075,LA,Plaquemines Parish,Pointe à la Hache,29.576388888889,-89.791666666667,29.282447,-89.576068,seat
22077,LA,Pointe Coupee Parish,New Roads,30.6964,-91.4389,30.708319,-91.604621,seat
22079,LA,Rapides Parish,Alexandria,31.31125,-92.445194444444,31.193204,-92.535953,seat
22081,LA,Red River Parish,Coushatta,32.0231,-93.3417,32.101213,-93.34905,seat
22083,LA,Richland Parish,Rayville,32.47736,-91.75485,32.413158,-91.748353,seat
22085,LA,Sabine Parish,Many,31.5675,-93.4775,31.560402,-93.559579,seat
22087,LA,St. Bernard Parish,Chalmette,29.9456,-89.9617,29.91811,-89.263494,seat
22089,LA,St. Charles Parish,Hahnville,29.9669,-90.41,29.905722,-90.357855,seat
22091,LA,St. Helena Parish,Greensburg,30.8281,-90.6692,30.822539,-90.708307,seat
22093,LA,St. James Parish,Convent,30.020833333333,-90.829722222222,30.024777,-90.793956,seat
22095,LA,St. John the Baptist Parish,Edgard,30.0339,-90.5539,30.144068,-90.49096,seat
22097,LA,St. Landry Parish,Opelousas,30.533527777778,-92.0815,30.583441,-91.989274,seat
22099,LA,St. Martin Parish,St. Martinville,30.125,-91.8306,30.121433,-91.611481,seat
22101,LA,St. Mary Parish,Franklin,29.7917,-91.5083,29.629349,-91.463804,seat
22103,LA,St. Tammany Parish,Covington,30.4789,-90.1042,30.410022,-89.951962,seat
22105,LA,Tangipahoa Parish,Amite City,30.72861,-90.50833,30.621348,-90.40649,seat
22107,LA,Tensas Parish,St. Joseph,31.9186,-91.2383,32.001489,-91.342576,seat
22109,LA,Terrebonne Parish,Houma,29.595777777778,-90.719527777778,29.33413,-90.843674,seat
22111,LA,Union Parish,Farmerville,32.77347,-92.4057,32.829349,-92.37565,seat
22113,LA,Vermilion Parish,Abbeville,29.9725,-92.129166666667,29.806638,-92.321394,seat
22115,LA,Vernon Parish,Leesville,31.1436,-93.2711,31.102841,-93.18833,seat
22117,LA,Washington Parish,Franklinton,30.84731,-90.15527,30.852144,-90.046253,seat
22119,LA,Webster Parish,Minden,32.615416666667,-93.286833333333,32.732152,-93.339825,seat
22121,LA,West Baton Rouge Parish,Port Allen,30.4536,-91.21,30.464052,-91.309808,seat
22123,LA,West Carroll Parish,Oak Grove,32.86111,-91.38889,32.79248,-91.451998,seat
22125,LA,West Feliciana Parish,St. Francisville,30.7847,-91.3806,30.873364,-91.421776,seat
22127,LA,Winn Parish,Winnfield,31.9233,-92.6403,31.941187,-92.641269,seat
23001,ME,Androscoggin County,Auburn,44.089166666667,-70.241388888889,44.167681,-70.207435,seat
23003,ME,Aroostook County,Houlton,46.133333333333,-67.839444444444,46.709193,-68.612409,seat
23005,ME,Cumberland County,Portland,43.66,-70.255,43.808348,-70.330375,seat
23007,ME,Franklin County,Farmington,44.665555555556,-70.146944444444,44.976724,-70.414935,seat
23009,ME,Hancock County,Ellsworth,44.543055555556,-68.420277777778,44.564906,-68.370703,seat
23011,ME,Kennebec County,Augusta,44.310555555556,-69.779444444444,44.417012,-69.765764,seat
23013,ME,Knox County,Rockland,44.109444444444,-69.114722222222,44.042045,-69.038514,seat
23015,ME,Lincoln County,Wiscasset,44.002808,-69.665864,43.994781,-69.513624,seat
23017,ME,Oxford County,Paris,44.259722222222,-70.500555555556,44.4945,-70.734421,seat
23019,ME,Penobscot County,Bangor,44.803055555556,-68.7675,45.409284,-68.666616,seat
23021,ME,Piscataquis County,Dover-Foxcroft,45.186111111111,-69.220277777778,45.915639,-69.102231,seat
23023,ME,Sagadahoc County,Bath,43.916388888889,-69.8225,43.916845,-69.844227,seat
23025,ME,Somerset County,Skowhegan,44.764809833333,-69.718388888889,45.503646,-69.95611,seat
23027,ME,Waldo County,Belfast,44.426111111111,-69.008333333333,44.505822,-69.138961,seat
23029,ME,Washington County,Machias,44.683333333333,-67.466666666667,44.967009,-67.609354,seat
23031,ME,York County,Alfred,43.4825,-70.718611111111,43.426019,-70.668425,seat
24001,MD,Allegany County,Cumberland,39.652777777778,-78.7625,39.612313,-78.703104,seat
24003,MD,Anne Arundel County,Annapolis,38.978611111111,-76.491944444444,38.991617,-76.560894,seat
24005,MD,Baltimore County,Towson,39.393055555556,-76.609444444444,39.443167,-76.616569,seat
24009,MD,Calvert County,Prince Frederick,38.548611111111,-76.588611111111,38.522719,-76.529762,seat
24011,MD,Caroline County,Denton,38.883888888889,-75.826666666667,38.871531,-75.831662,seat
24013,MD,Carroll County,Westminster,39.576666666667,-77.0,39.563328,-77.01533,seat
24015,MD,Cecil County,Elkton,39.607777777778,-75.829722222222,39.562354,-75.941585,seat
24017,MD,Charles County,La Plata,38.534166666667,-76.973333333333,38.472853,-77.015427,seat
24019,MD,Dorchester County,Cambridge,38.566388888889,-76.076944444444,38.429196,-76.047433,seat
24021,MD,Frederick County,Frederick,39.426294,-77.420403,39.470177,-77.397636,seat
24023,MD,Garrett County,Oakland,39.41048,-79.40438,39.547299,-79.274619,seat
24025,MD,Harford County,Bel Air,39.5355063,-76.3490396,39.537429,-76.299789,seat
24027,MD,Howard County,Ellicott City,39.268055555556,-76.798888888889,39.252264,-76.924406,seat
24029,MD,Kent County,Chestertown,39.209166666667,-76.066666666667,39.241279,-76.125987,seat
24031,MD,Montgomery County,Rockville,39.084,-77.15276,39.137381,-77.203063,seat
24033,MD,Prince George's County,Upper Marlboro,38.816388888889,-76.753333333333,38.829278,-76.848188,seat
24035,MD,Queen Anne's County,Centreville,39.046111111111,-76.064444444444,39.040693,-76.082405,seat
24037,MD,St. Mary's County,Leonardtown,38.295277777778,-76.638055555556,38.223077,-76.534487,seat
24039,MD,Somerset County,Princess Anne,38.209722222222,-75.695,38.07445,-75.853323,seat
24041,MD,Talbot County,Easton,38.771666666667,-76.070555555556,38.748349,-76.178476,seat
24043,MD,Washington County,Hagerstown,39.642777777778,-77.72,39.603621,-77.814671,seat
24045,MD,Wicomico County,Salisbury,38.361111111111,-75.6,38.36737,-75.632083,seat
24047,MD,Worcester County,Snow Hill,38.175,-75.390833333333,38.222133,-75.309931,seat
24510,MD,Baltimore city,(internal point),39.300032,-76.610476,39.300032,-76.610476,internal_point
25001,MA,Barnstable County,Barnstable,41.7,-70.3,41.706123,-70.164823,seat
25003,MA,Berkshire County,Pittsfield,42.45,-73.25,42.371493,-73.217928,seat
25005,MA,Bristol County,Taunton,41.9,-71.090277777778,41.748588,-71.088894,seat
25007,MA,Dukes County,Edgartown,41.388888888889,-70.513888888889,41.38097,-70.701499,seat
25009,MA,Essex County,Salem,42.516845,-70.898503,42.642708,-70.864909,seat
25011,MA,Franklin County,Greenfield,42.5875,-72.6,42.584504,-72.591792,seat
25013,MA,Hampden County,Springfield,42.112411,-72.547455,42.136198,-72.635648,seat
25015,MA,Hampshire County,Northampton,42.325,-72.641666666667,42.339459,-72.663694,seat
25017,MA,Middlesex County,Cambridge,42.375,-71.106111111111,42.481718,-71.394916,seat
25019,MA,Nantucket County,Nantucket,41.2833,-70.1,41.293392,-70.102164,seat
25021,MA,Norfolk County,Dedham,42.2417,-71.1667,42.171738,-71.18111,seat
25023,MA,Plymouth County,Plymouth,41.958611111111,-70.667777777778,41.987196,-70.741942,seat
25025,MA,Suffolk County,Boston,42.360277777778,-71.057777777778,42.338551,-71.018253,seat
25027,MA,Worcester County,Worcester,42.271388888889,-71.798888888889,42.311693,-71.940282,seat
26001,MI,Alcona County,Harrisville,44.656388888889,-83.294722222222,44.657509,-83.29458,seat
26003,MI,Alger County,Munising,46.411111111111,-86.647777777778,46.521736,-86.657119,seat
26005,MI,Allegan County,Allegan,42.529166666667,-85.855277777778,42.421251,-86.261403,seat
26007,MI,Alpena County,Alpena,45.061666666667,-83.432777777778,44.894954,-83.426574,seat
26009,MI,Antrim County,Bellaire,44.973611111111,-85.205833333333,45.005455,-85.175639,seat
26011,MI,Arenac County,Standish,43.983055555556,-83.958888888889,44.036833,-83.740675,seat
26013,MI,Baraga County,L'Anse,46.756666666667,-88.453333333333,46.695859,-88.36181,seat
26015,MI,Barry County,Hastings,42.645833333333,-85.290833333333,42.582811,-85.31455,seat
26017,MI,Bay County,Bay City,43.59505,-83.888639,43.699711,-83.978701,seat
26019,MI,Benzie County,Beulah,44.629444444444,-86.095833333333,44.636844,-86.231999,seat
26021,MI,Berrien County,St. Joseph,42.098055555556,-86.484166666667,41.791382,-86.742543,seat
26023,MI,Branch County,Coldwater,41.94,-85.0,41.918455,-85.066885,seat
26025,MI,Calhoun County,Marshall,42.274167,-84.963333,42.24299,-85.012385,seat
26027,MI,Cass County,Cassopolis,41.911666666667,-86.01,41.917243,-86.000142,seat
26029,MI,Charlevoix County,Charlevoix,45.318055555556,-85.258333333333,45.618554,-85.543684,seat
26031,MI,Cheboygan County,Cheboygan,45.646944444444,-84.474444444444,45.476022,-84.495431,seat
26033,MI,Chippewa County,Sault Ste. Marie,46.496944444444,-84.345555555556,46.321819,-84.52063,seat
26035,MI,Clare County,Harrison,44.019166666667,-84.799444444444,43.991137,-84.838325,seat
26037,MI,Clinton County,St. Johns,43.000833333333,-84.556666666667,42.950455,-84.591695,seat
26039,MI,Crawford County,Grayling,44.661388888889,-84.714722222222,44.680175,-84.611343,seat
26041,MI,Delta County,Escanaba,45.745833333333,-87.064166666667,45.805229,-86.901938,seat
26043,MI,Dickinson County,Iron Mountain,45.8225,-88.0642,46.012833,-87.866139,seat
26045,MI,Eaton County,Charlotte,42.563611111111,-84.835833333333,42.58953,-84.84645,seat
26047,MI,Emmet County,Petoskey,45.373333333333,-84.955277777778,45.590094,-84.986822,seat
26049,MI,Genesee County,Flint,43.018888888889,-83.693333333333,43.021077,-83.706372,seat
26051,MI,Gladwin County,Gladwin,43.980833333333,-84.486388888889,43.98975,-84.389816,seat
26053,MI,Gogebic County,Bessemer,46.4813363,-90.0529504,46.488054,-89.788314,seat
26055,MI,Grand Traverse County,Traverse City,44.768055555556,-85.622222222222,44.718688,-85.553848,seat
26057,MI,Gratiot County,Ithaca,43.291666666667,-84.6075,43.292326,-84.60469,seat
26059,MI,Hillsdale County,Hillsdale,41.92005,-84.63051,41.927461,-84.637479,seat
26061,MI,Houghton County,Houghton,47.121111111111,-88.569444444444,46.998427,-88.651903,seat
26063,MI,Huron County,Bad Axe,43.801944444444,-83.000833333333,43.907616,-82.857045,seat
26065,MI,Ingham County,Mason,42.579166666667,-84.443611111111,42.603534,-84.373811,seat
26067,MI,Ionia County,Ionia,42.981944444444,-85.066666666667,42.94465,-85.073766,seat
26069,MI,Iosco County,Tawas City,44.269444444444,-83.514722222222,44.386912,-83.380141,seat
26071,MI,Iron County,Crystal Falls,46.098055555556,-88.333888888889,46.170254,-88.540526,seat
26073,MI,Isabella County,Mount Pleasant,43.597777777778,-84.7675,43.645233,-84.839424,seat
26075,MI,Jackson County,Jackson,42.245833333333,-84.401388888889,42.248474,-84.420868,seat
26077,MI,Kalamazoo County,Kalamazoo,42.29,-85.59,42.246266,-85.532854,seat
26079,MI,Kalkaska County,Kalkaska,44.734166666667,-85.175833333333,44.678881,-85.088992,seat
26081,MI,Kent County,Grand Rapids,42.963333333333,-85.667777777778,43.032497,-85.547446,seat
26083,MI,Keweenaw County,Eagle River,47.413888888889,-88.295833333333,47.367297,-88.351332,seat
26085,MI,Lake County,Baldwin,43.897222222222,-85.853055555556,43.995187,-85.8114,seat
26087,MI,Lapeer County,Lapeer,43.051388888889,-83.318888888889,43.088633,-83.224325,seat
26089,MI,Leelanau County,Suttons Bay Township,44.993055555556,-85.636388888889,45.146182,-86.051574,seat
26091,MI,Lenawee County,Adrian,41.8975,-84.037222222222,41.896022,-84.074356,seat
26093,MI,Livingston County,Howell,42.607222222222,-83.929444444444,42.602532,-83.911718,seat
26095,MI,Luce County,Newberry,46.355,-85.509444444444,46.510988,-85.517552,seat
26097,MI,Mackinac County,St. Ignace,45.865833333333,-84.725833333333,46.167868,-85.303762,seat
26099,MI,Macomb County,Mount Clemens,42.597222222222,-82.878055555556,42.671553,-82.911456,seat
26101,MI,Manistee County,Manistee,44.243611111111,-86.321388888889,44.245268,-86.327537,seat
26103,MI,Marquette County,Marquette,46.543611111111,-87.395555555556,46.656596,-87.584028,seat
26105,MI,Mason County,Ludington,43.955277777778,-86.4525,43.957196,-86.442937,seat
26107,MI,Mecosta County,Big Rapids,43.69888889,-85.48111111,43.635295,-85.332751,seat
26109,MI,Menominee County,Menominee,45.107777777778,-87.614166666667,45.535568,-87.501457,seat
26111,MI,Midland County,Midland,43.615555555556,-84.247222222222,43.648203,-84.379414,seat
26113,MI,Missaukee County,Lake City,44.335277777778,-85.215,44.325424,-85.085471,seat
26115,MI,Monroe County,Monroe,41.916388888889,-83.397777777778,41.916097,-83.487106,seat
26117,MI,Montcalm County,Stanton,43.2925,-85.081388888889,43.312782,-85.149468,seat
26119,MI,Montmorency County,Atlanta,45.0047,-84.1439,45.024134,-84.130107,seat
26121,MI,Muskegon County,Muskegon,43.234166666667,-86.248333333333,43.428739,-86.420908,seat
26123,MI,Newaygo County,White Cloud,43.550277777778,-85.771944444444,43.562712,-85.791372,seat
26125,MI,Oakland County,Pontiac,42.646111111111,-83.2925,42.660452,-83.38421,seat
26127,MI,Oceana County,Hart,43.698333333333,-86.363888888889,43.603954,-86.467177,seat
26129,MI,Ogemaw County,West Branch,44.275555555556,-84.235277777778,44.33328,-84.128073,seat
26131,MI,Ontonagon County,Ontonagon,46.871111111111,-89.314166666667,46.835325,-89.276912,seat
26133,MI,Osceola County,Reed City,43.875,-85.51,43.997552,-85.322283,seat
26135,MI,Oscoda County,Mio,44.652222222222,-84.129722222222,44.687257,-84.126905,seat
26137,MI,Otsego County,Gaylord,45.0275,-84.674722222222,45.021787,-84.576603,seat
26139,MI,Ottawa County,Grand Haven,43.063055555556,-86.228333333333,43.054969,-86.219349,seat
26141,MI,Presque Isle County,Rogers City,45.421388888889,-83.818333333333,45.252397,-83.432283,seat
26143,MI,Roscommon County,Roscommon,44.498333333333,-84.591944444444,44.339517,-84.611271,seat
26145,MI,Saginaw County,Saginaw,43.4199247,-83.9500261,43.328267,-84.05541,seat
26147,MI,St. Clair County,Port Huron,42.975,-82.424444444444,42.928803,-82.668913,seat
26149,MI,St. Joseph County,Centreville,41.923333333333,-85.528333333333,41.911488,-85.52287,seat
26151,MI,Sanilac County,Sandusky,43.420277777778,-82.829722222222,43.449155,-82.642815,seat
26153,MI,Schoolcraft County,Manistique,45.957777777778,-86.249722222222,46.021122,-86.197029,seat
26155,MI,Shiawassee County,Corunna,42.981944444444,-84.117777777778,42.951545,-84.146352,seat
26157,MI,Tuscola County,Caro,43.491111111111,-83.396944444444,43.487902,-83.436618,seat
26159,MI,Van Buren County,Paw Paw,42.217777777778,-85.891111111111,42.28215,-86.306076,seat
26161,MI,Washtenaw County,Ann Arbor,42.281388888889,-83.748333333333,42.252217,-83.843423,seat
26163,MI,Wayne County,Detroit,42.331666666667,-83.0475,42.284664,-83.261953,seat
26165,MI,Wexford County,Cadillac,44.25,-85.4,44.331375,-85.570046,seat
27001,MN,Aitkin County,Aitkin,46.533055555556,-93.710277777778,46.602409,-93.419694,seat
27003,MN,Anoka County,Anoka,45.197777777778,-93.387222222222,45.27411,-93.242723,seat
27005,MN,Becker County,Detroit Lakes,46.817222222222,-95.845277777778,46.937629,-95.741757,seat
27007,MN,Beltrami County,Bemidji,47.473611111111,-94.880277777778,47.879508,-95.00505,seat
27009,MN,Benton County,Foley,45.664722222222,-93.909722222222,45.701225,-94.00144,seat
27011,MN,Big Stone County,Ortonville,45.304722222222,-96.444722222222,45.419925,-96.402226,seat
27013,MN,Blue Earth County,Mankato,44.167666666667,-94.0034,44.03371,-94.064012,seat
27015,MN,Brown County,New Ulm,44.3125,-94.460555555556,44.246541,-94.733647,seat
27017,MN,Carlton County,Carlton,46.663888888889,-92.425,46.603818,-92.671044,seat
27019,MN,Carver County,Chaska,44.789444444444,-93.601944444444,44.82132,-93.800091,seat
27021,MN,Cass County,Walker,47.101388888889,-94.587222222222,46.951745,-94.333705,seat
27023,MN,Chippewa County,Montevideo,44.9425,-95.723611111111,45.028625,-95.564108,seat
27025,MN,Chisago County,Center City,45.395,-92.817222222222,45.505444,-92.903849,seat
27027,MN,Clay County,Moorhead,46.873888888889,-96.767222222222,46.898377,-96.494901,seat
27029,MN,Clearwater County,Bagley,47.521666666667,-95.398333333333,47.575873,-95.371117,seat
27031,MN,Cook County,Grand Marais,47.749211111111,-90.3331,47.758556,-90.344319,seat
27033,MN,Cottonwood County,Windom,43.866388888889,-95.116944444444,44.010639,-95.183152,seat
27035,MN,Crow Wing County,Brainerd,46.358055555556,-94.200833333333,46.491653,-94.070718,seat
27037,MN,Dakota County,Hastings,44.73525,-92.85265,44.670893,-93.062481,seat
27039,MN,Dodge County,Mantorville,44.067222222222,-92.7575,44.020706,-92.869353,seat
27041,MN,Douglas County,Alexandria,45.885233333333,-95.377222222222,45.936835,-95.462155,seat
27043,MN,Faribault County,Blue Earth,43.6375,-94.102222222222,43.676522,-93.947234,seat
27045,MN,Fillmore County,Preston,43.669472222222,-92.081980555556,43.679187,-92.093937,seat
27047,MN,Freeborn County,Albert Lea,43.647861111111,-93.36875,43.674202,-93.350289,seat
27049,MN,Goodhue County,Red Wing,44.565555555556,-92.534722222222,44.406178,-92.716,seat
27051,MN,Grant County,Elbow Lake,45.994166666667,-95.976666666667,45.930743,-96.010699,seat
27053,MN,Hennepin County,Minneapolis,44.981944444444,-93.269166666667,45.006121,-93.475228,seat
27055,MN,Houston County,Caledonia,43.63465,-91.497,43.66699,-91.501556,seat
27057,MN,Hubbard County,Park Rapids,46.916666666667,-95.05,47.095551,-94.91329,seat
27059,MN,Isanti County,Cambridge,45.572777777778,-93.224444444444,45.562431,-93.296339,seat
27061,MN,Itasca County,Grand Rapids,47.237222222222,-93.530277777778,47.490817,-93.611102,seat
27063,MN,Jackson County,Jackson,43.620833333333,-94.988611111111,43.671111,-95.149731,seat
27065,MN,Kanabec County,Mora,45.876944444444,-93.293888888889,45.94776,-93.297788,seat
27067,MN,Kandiyohi County,Willmar,45.121944444444,-95.043333333333,45.152714,-95.004981,seat
27069,MN,Kittson County,Hallock,48.774444444444,-96.946388888889,48.77604,-96.780349,seat
27071,MN,Koochiching County,International Falls,48.601669444444,-93.403680555556,48.245374,-93.782896,seat
27073,MN,Lac qui Parle County,Madison,45.009722222222,-96.195833333333,44.999826,-96.176851,seat
27075,MN,Lake County,Two Harbors,47.02527778,-91.67388889,47.517111,-91.411704,seat
27077,MN,Lake of the Woods County,Baudette,48.7125,-94.595,48.7681,-94.904633,seat
27079,MN,Le Sueur County,Le Center,44.389444444444,-93.730277777778,44.373421,-93.730106,seat
27081,MN,Lincoln County,Ivanhoe,44.466666666667,-96.25,44.408238,-96.272032,seat
27083,MN,Lyon County,Marshall,44.446944444444,-95.788333333333,44.409195,-95.847268,seat
27085,MN,McLeod County,Glencoe,44.769166666667,-94.151666666667,44.821657,-94.272323,seat
27087,MN,Mahnomen County,Mahnomen,47.31527778,-95.96861111,47.328387,-95.811089,seat
27089,MN,Marshall County,Warren,48.196666666667,-96.772777777778,48.362728,-96.357761,seat
27091,MN,Martin County,Fairmont,43.652222222222,-94.461111111111,43.677173,-94.547096,seat
27093,MN,Meeker County,Litchfield,45.127222222222,-94.528055555556,45.123155,-94.527346,seat
27095,MN,Mille Lacs County,Milaca,45.755833333333,-93.654444444444,45.929043,-93.632996,seat
27097,MN,Morrison County,Little Falls,45.976388888889,-94.3625,46.020484,-94.266619,seat
27099,MN,Mower County,Austin,43.6666,-92.974861111111,43.666249,-92.759514,seat
27101,MN,Murray County,Slayton,43.987777777778,-95.755833333333,44.015594,-95.761581,seat
27103,MN,Nicollet County,St. Peter,44.325833333333,-93.955833333333,44.35882,-94.245684,seat
27105,MN,Nobles County,Worthington,43.62,-95.596388888889,43.677686,-95.763132,seat
27107,MN,Norman County,Ada,47.299722222222,-96.515277777778,47.329453,-96.463776,seat
27109,MN,Olmsted County,Rochester,44.0234,-92.46295,43.9995,-92.410096,seat
27111,MN,Otter Tail County,Fergus Falls,46.2830152,-96.0775581,46.405727,-95.714581,seat
27113,MN,Pennington County,Thief River Falls,48.116944444444,-96.181666666667,48.069247,-96.037725,seat
27115,MN,Pine County,Pine City,45.826111111111,-92.968611111111,46.10094,-92.763094,seat
27117,MN,Pipestone County,Pipestone,44.000555555556,-96.3175,44.015361,-96.257015,seat
27119,MN,Polk County,Crookston,47.774166666667,-96.608055555556,47.774254,-96.400027,seat
27121,MN,Pope County,Glenwood,45.650277777778,-95.389722222222,45.589623,-95.446705,seat
27123,MN,Ramsey County,Saint Paul,44.944166666667,-93.093611111111,45.015204,-93.099965,seat
27125,MN,Red Lake County,Red Lake Falls,47.882222222222,-96.274166666667,47.865487,-96.08718,seat
27127,MN,Redwood County,Redwood Falls,44.539444444444,-95.116944444444,44.403536,-95.254241,seat
27129,MN,Renville County,Olivia,44.776388888889,-94.989722222222,44.723697,-94.955617,seat
27131,MN,Rice County,Faribault,44.294972222222,-93.268833333333,44.350775,-93.298513,seat
27133,MN,Rock County,Luverne,43.655833333333,-96.210277777778,43.669587,-96.263238,seat
27135,MN,Roseau County,Roseau,48.846111111111,-95.762777777778,48.761068,-95.821504,seat
27137,MN,St. Louis County,Duluth,46.784444444444,-92.105277777778,47.578635,-92.514585,seat
27139,MN,Scott County,Shakopee,44.798055555556,-93.526944444444,44.651811,-93.533733,seat
27141,MN,Sherburne County,Elk River,45.317222222222,-93.581111111111,45.453166,-93.769164,seat
27143,MN,Sibley County,Gaylord,44.553055555556,-94.220277777778,44.575734,-94.230123,seat
27145,MN,Stearns County,St. Cloud,45.553888888889,-94.170277777778,45.555235,-94.610482,seat
27147,MN,Steele County,Owatonna,44.084288888889,-93.226,44.015261,-93.220453,seat
27149,MN,Stevens County,Morris,45.586111111111,-95.913888888889,45.593461,-95.992315,seat
27151,MN,Swift County,Benson,45.315,-95.6,45.27581,-95.690124,seat
27153,MN,Todd County,Long Prairie,45.974722222222,-94.865555555556,46.066569,-94.900576,seat
27155,MN,Traverse County,Wheaton,45.804444444444,-96.499166666667,45.769935,-96.474832,seat
27157,MN,Wabasha County,Wabasha,44.37944444,-92.03555556,44.289634,-92.233454,seat
27159,MN,Wadena County,Wadena,46.43944444,-95.13722222,46.586986,-94.988608,seat
27161,MN,Waseca County,Waseca,44.0776,-93.507477777778,44.01846,-93.589844,seat
27163,MN,Washington County,Stillwater,45.0565,-92.822175,45.037929,-92.890117,seat
27165,MN,Watonwan County,St. James,43.982222222222,-94.628055555556,43.978109,-94.613798,seat
27167,MN,Wilkin County,Breckenridge,46.2635701,-96.588129,46.362335,-96.476657,seat
27169,MN,Winona County,Winona,44.047888888889,-91.640438888889,43.981353,-91.777044,seat
27171,MN,Wright County,Buffalo,45.171944444444,-93.874722222222,45.175091,-93.966396,seat
27173,MN,Yellow Medicine County,Granite Falls,44.81,-95.545555555556,44.715736,-95.862756,seat
28001,MS,Adams County,Natchez,31.560416666667,-91.403166666667,31.486224,-91.351797,seat
28003,MS,Alcorn County,Corinth,34.937222222222,-88.515277777778,34.886569,-88.581109,seat
28005,MS,Amite County,Liberty,31.1608,-90.8039,31.203933,-90.795542,seat
28007,MS,Attala County,Kosciusko,33.0581,-89.5883,33.090468,-89.588622,seat
28009,MS,Benton County,Ashland,34.8325,-89.1792,34.809593,-89.200213,seat
28011,MS,Bolivar County,Rosedale,33.8536,-91.0269,33.799139,-90.88412,seat
28013,MS,Calhoun County,Pittsboro,33.9386,-89.3386,33.936634,-89.337114,seat
28015,MS,Carroll County,Vaiden,33.3317,-89.7469,33.440795,-89.918887,seat
28017,MS,Chickasaw County,Okolona,34.0058,-88.7506,33.933277,-88.947558,seat
28019,MS,Choctaw County,Ackerman,33.31012,-89.17284,33.345964,-89.251332,seat
28021,MS,Claiborne County,Port Gibson,31.9561,-90.9831,31.97281,-90.915424,seat
28023,MS,Clarke County,Quitman,32.0431,-88.7208,32.045374,-88.687976,seat
28025,MS,Clay County,West Point,33.6061,-88.6525,33.65967,-88.782468,seat
28027,MS,Coahoma County,Clarksdale,34.200638888889,-90.570222222222,34.230316,-90.60401,seat
28029,MS,Copiah County,Hazlehurst,31.865,-90.3914,31.866915,-90.448758,seat
28031,MS,Covington County,Collins,31.6422,-89.5594,31.633331,-89.548897,seat
28033,MS,DeSoto County,Hernando,34.8308,-89.9936,34.874922,-89.991211,seat
28035,MS,Forrest County,Hattiesburg,31.3158,-89.3086,31.18858,-89.259447,seat
28037,MS,Franklin County,Meadville,31.47278,-90.89083,31.477773,-90.895457,seat
28039,MS,George County,Lucedale,30.9197,-88.5917,30.855431,-88.642268,seat
28041,MS,Greene County,Leakesville,31.1539,-88.5558,31.212845,-88.634811,seat
28043,MS,Grenada County,Grenada,33.775,-89.8089,33.770031,-89.80274,seat
28045,MS,Hancock County,Bay St. Louis,30.314722222222,-89.344166666667,30.391641,-89.482791,seat
28047,MS,Harrison County,Gulfport,30.367416666667,-89.092805555556,30.416536,-89.083376,seat
28049,MS,Hinds County,Jackson,32.298888888889,-90.184722222222,32.267788,-90.466017,seat
28051,MS,Holmes County,Lexington,33.1144,-90.0511,33.125942,-90.091197,seat
28053,MS,Humphreys County,Belzoni,33.1817,-90.485,33.130996,-90.523421,seat
28055,MS,Issaquena County,Mayersville,32.901111111111,-91.050555555556,32.755539,-91.003535,seat
28057,MS,Itawamba County,Fulton,34.2661,-88.4014,34.281075,-88.363127,seat
28059,MS,Jackson County,Pascagoula,30.364694444444,-88.558611111111,30.456005,-88.625101,seat
28061,MS,Jasper County,Paulding,32.030833333333,-89.0375,32.016748,-89.119176,seat
28063,MS,Jefferson County,Fayette,31.7111,-91.0622,31.733633,-91.043878,seat
28065,MS,Jefferson Davis County,Prentiss,31.5969,-89.8697,31.564808,-89.827086,seat
28067,MS,Jones County,Ellisville,31.6011,-89.2022,31.616601,-89.168532,seat
28069,MS,Kemper County,De Kalb,32.7697,-88.6503,32.750136,-88.625631,seat
28071,MS,Lafayette County,Oxford,34.366666666667,-89.518611111111,34.353078,-89.485385,seat
28073,MS,Lamar County,Purvis,31.1425,-89.4078,31.197586,-89.506369,seat
28075,MS,Lauderdale County,Meridian,32.364305555556,-88.703666666667,32.403998,-88.660449,seat
28077,MS,Lawrence County,Monticello,31.5542,-90.11,31.550009,-90.10753,seat
28079,MS,Leake County,Carthage,32.7414,-89.535,32.76063,-89.52225,seat
28081,MS,Lee County,Tupelo,34.257611111111,-88.703388888889,34.29237,-88.682439,seat
28083,MS,Leflore County,Greenwood,33.5186,-90.1839,33.54979,-90.294934,seat
28085,MS,Lincoln County,Brookhaven,31.581944444444,-90.443055555556,31.535216,-90.453566,seat
28087,MS,Lowndes County,Columbus,33.501666666667,-88.415,33.471424,-88.439723,seat
28089,MS,Madison County,Canton,32.6119,-90.0317,32.63437,-90.03416,seat
28091,MS,Marion County,Columbia,31.2567,-89.8289,31.230167,-89.821712,seat
28093,MS,Marshall County,Holly Springs,34.7733,-89.4464,34.76619,-89.504231,seat
28095,MS,Monroe County,Aberdeen,33.824444444444,-88.549722222222,33.89003,-88.485038,seat
28097,MS,Montgomery County,Winona,33.482055555556,-89.728138888889,33.500714,-89.639625,seat
28099,MS,Neshoba County,Philadelphia,32.7742,-89.1128,32.752518,-89.119274,seat
28101,MS,Newton County,Decatur,32.4394,-89.1119,32.40197,-89.118412,seat
28103,MS,Noxubee County,Macon,33.1125,-88.56083,33.106606,-88.566152,seat
28105,MS,Oktibbeha County,Starkville,33.46222,-88.81972,33.422313,-88.876151,seat
28107,MS,Panola County,Sardis,34.4356,-89.9167,34.365205,-89.963065,seat
28109,MS,Pearl River County,Poplarville,30.840555555556,-89.533888888889,30.774793,-89.586904,seat
28111,MS,Perry County,New Augusta,31.2042,-89.0319,31.169307,-88.988755,seat
28113,MS,Pike County,Magnolia,31.14917,-90.46111,31.177516,-90.397725,seat
28115,MS,Pontotoc County,Pontotoc,34.2486,-89.0067,34.227081,-89.037239,seat
28117,MS,Prentiss County,Booneville,34.6611,-88.5614,34.620566,-88.522184,seat
28119,MS,Quitman County,Marks,34.25472,-90.27278,34.252833,-90.290171,seat
28121,MS,Rankin County,Brandon,32.2803,-89.9983,32.267123,-89.946063,seat
28123,MS,Scott County,Forest,32.3636,-89.4753,32.411959,-89.533486,seat
28125,MS,Sharkey County,Rolling Fork,32.906944444444,-90.878333333333,32.892395,-90.827613,seat
28127,MS,Simpson County,Mendenhall,31.96111,-89.8675,31.902505,-89.917709,seat
28129,MS,Smith County,Raleigh,32.033055555556,-89.522777777778,32.019029,-89.494876,seat
28131,MS,Stone County,Wiggins,30.858611111111,-89.137777777778,30.790184,-89.112297,seat
28133,MS,Sunflower County,Indianola,33.452777777778,-90.650833333333,33.605529,-90.59509,seat
28135,MS,Tallahatchie County,Sumner,33.97,-90.369722222222,33.954529,-90.172243,seat
28137,MS,Tate County,Senatobia,34.616388888889,-89.969444444444,34.649553,-89.943105,seat
28139,MS,Tippah County,Ripley,34.7325,-88.946944444444,34.763618,-88.918819,seat
28141,MS,Tishomingo County,Iuka,34.810555555556,-88.195833333333,34.738835,-88.234827,seat
28143,MS,Tunica County,Tunica,34.688888888889,-90.380555555556,34.652201,-90.37177,seat
28145,MS,Union County,New Albany,34.492222222222,-89.009444444444,34.489533,-89.002339,seat
28147,MS,Walthall County,Tylertown,31.1161,-90.1428,31.164492,-90.103431,seat
28149,MS,Warren County,Vicksburg,32.3525,-90.8775,32.356095,-90.852384,seat
28151,MS,Washington County,Greenville,33.399444444444,-91.051944444444,33.273174,-90.944446,seat
28153,MS,Wayne County,Waynesboro,31.673888888889,-88.643611111111,31.642503,-88.678214,seat
28155,MS,Webster County,Walthall,33.606666666667,-89.278888888889,33.612061,-89.283961,seat
28157,MS,Wilkinson County,Woodville,31.1028,-91.2997,31.161091,-91.324617,seat
28159,MS,Winston County,Louisville,33.1231,-89.0561,33.078724,-89.037391,seat
28161,MS,Yalobusha County,Coffeeville,33.977777777778,-89.677222222222,34.030666,-89.703807,seat
28163,MS,Yazoo County,Yazoo City,32.847222222222,-90.413611111111,32.765675,-90.387928,seat
29001,MO,Adair County,Kirksville,40.194722222222,-92.583333333333,40.190666,-92.603592,seat
29003,MO,Andrew County,Savannah,39.9411,-94.8308,39.988863,-94.803551,seat
29005,MO,Atchison County,Rock Port,40.4122,-95.5197,40.431846,-95.437555,seat
29007,MO,Audrain County,Mexico,39.165833333333,-91.884722222222,39.214481,-91.843418,seat
29009,MO,Barry County,Cassville,36.68,-93.869444444444,36.699376,-93.834334,seat
29011,MO,Barton County,Lamar,37.493611111111,-94.272222222222,37.500799,-94.344089,seat
29013,MO,Bates County,Butler,38.258611111111,-94.335,38.257217,-94.339246,seat
29015,MO,Benton County,Warsaw,38.245277777778,-93.377222222222,38.301036,-93.287942,seat
29017,MO,Bollinger County,Marble Hill,37.30472,-89.97611,37.318427,-90.024645,seat
29019,MO,Boone County,Columbia,38.95171,-92.33407,38.989861,-92.310202,seat
29021,MO,Buchanan County,St. Joseph,39.768611111111,-94.846638888889,39.660369,-94.808173,seat
29023,MO,Butler County,Poplar Bluff,36.759722222222,-90.402777777778,36.71518,-90.40313,seat
29025,MO,Caldwell County,Kingston,39.6431,-94.0383,39.658998,-93.979179,seat
29027,MO,Callaway County,Fulton,38.850833333333,-91.948055555556,38.835547,-91.923446,seat
29029,MO,Camden County,Camdenton,38.0089,-92.7464,38.026527,-92.765327,seat
29031,MO,Cape Girardeau County,Jackson,37.38,-89.658055555556,37.384141,-89.685658,seat
29033,MO,Carroll County,Carrollton,39.3589,-93.4956,39.427375,-93.500227,seat
29035,MO,Carter County,Van Buren,37.0036,-91.0153,36.944858,-90.945705,seat
29037,MO,Cass County,Harrisonville,38.653611111111,-94.346944444444,38.646474,-94.354547,seat
29039,MO,Cedar County,Stockton,37.6967,-93.7953,37.733655,-93.850014,seat
29041,MO,Chariton County,Keytesville,39.4342,-92.9369,39.517968,-92.96162,seat
29043,MO,Christian County,Ozark,37.027222222222,-93.209444444444,36.969739,-93.187614,seat
29045,MO,Clark County,Kahoka,40.4167,-91.7167,40.407275,-91.729472,seat
29047,MO,Clay County,Liberty,39.240833333333,-94.426388888889,39.315551,-94.421502,seat
29049,MO,Clinton County,Plattsburg,39.5644,-94.4533,39.608723,-94.395803,seat
29051,MO,Cole County,Jefferson City,38.576666666667,-92.173611111111,38.503233,-92.280027,seat
29053,MO,Cooper County,Boonville,38.965,-92.7417,38.847093,-92.810069,seat
29055,MO,Crawford County,Steelville,37.9686,-91.3553,37.966559,-91.313936,seat
29057,MO,Dade County,Greenfield,37.4153,-93.8428,37.43235,-93.854878,seat
29059,MO,Dallas County,Buffalo,37.643611111111,-93.094444444444,37.683583,-93.033815,seat
29061,MO,Daviess County,Gallatin,39.9119,-93.9619,39.962839,-93.970053,seat
29063,MO,DeKalb County,Maysville,39.88667,-94.35972,39.894665,-94.40719,seat
29065,MO,Dent County,Salem,37.6455993,-91.5359808,37.603072,-91.489717,seat
29067,MO,Douglas County,Ava,36.956388888889,-92.663055555556,36.946517,-92.515892,seat
29069,MO,Dunklin County,Kennett,36.238055555556,-90.051666666667,36.153025,-90.062254,seat
29071,MO,Franklin County,Union,38.446666666667,-91.006111111111,38.413003,-91.072832,seat
29073,MO,Gasconade County,Hermann,38.6992,-91.4392,38.441183,-91.50578,seat
29075,MO,Gentry County,Albany,40.24806,-94.33056,40.208127,-94.405321,seat
29077,MO,Greene County,Springfield,37.195,-93.286111111111,37.258196,-93.340641,seat
29079,MO,Grundy County,Trenton,40.0783,-93.6114,40.112541,-93.565054,seat
29081,MO,Harrison County,Bethany,40.266666666667,-94.033888888889,40.34562,-93.992582,seat
29083,MO,Henry County,Clinton,38.37,-93.7717,38.386491,-93.792628,seat
29085,MO,Hickory County,Hermitage,37.9419,-93.3178,37.93691,-93.322988,seat
29087,MO,Holt County,Oregon,39.9867,-95.1425,40.095724,-95.219072,seat
29089,MO,Howard County,Fayette,39.1456,-92.6861,39.143365,-92.695926,seat
29091,MO,Howell County,West Plains,36.737222222222,-91.865,36.774369,-91.887368,seat
29093,MO,Iron County,Ironton,37.6006,-90.6317,37.625971,-90.699587,seat
29095,MO,Jackson County,Kansas City,39.05,-94.583333333333,39.005364,-94.343211,seat
29097,MO,Jasper County,Carthage,37.167777777778,-94.315,37.205197,-94.337259,seat
29099,MO,Jefferson County,Hillsboro,38.2322,-90.5633,38.25763,-90.543681,seat
29101,MO,Johnson County,Warrensburg,38.7631,-93.735,38.741528,-93.811863,seat
29103,MO,Knox County,Edina,40.1689,-92.1733,40.136856,-92.146835,seat
29105,MO,Laclede County,Lebanon,37.678333333333,-92.661666666667,37.659698,-92.594843,seat
29107,MO,Lafayette County,Lexington,39.1831,-93.875,39.068705,-93.802639,seat
29109,MO,Lawrence County,Mount Vernon,37.1,-93.8181,37.10659,-93.830551,seat
29111,MO,Lewis County,Monticello,40.1178,-91.7142,40.084559,-91.728803,seat
29113,MO,Lincoln County,Troy,38.975,-90.977222222222,39.062255,-90.962916,seat
29115,MO,Linn County,Linneus,39.8781,-93.1878,39.86444,-93.108019,seat
29117,MO,Livingston County,Chillicothe,39.7931,-93.5519,39.778587,-93.548201,seat
29119,MO,McDonald County,Pineville,36.5925,-94.3825,36.627955,-94.343716,seat
29121,MO,Macon County,Macon,39.74056,-92.47056,39.829795,-92.56434,seat
29123,MO,Madison County,Fredericktown,37.5594,-90.2944,37.474481,-90.343413,seat
29125,MO,Maries County,Vienna,38.1867,-91.9481,38.162615,-91.923601,seat
29127,MO,Marion County,Palmyra,39.7975,-91.5247,39.807538,-91.635379,seat
29129,MO,Mercer County,Princeton,40.3989,-93.5858,40.421413,-93.567631,seat
29131,MO,Miller County,Tuscumbia,38.2353,-92.4597,38.21668,-92.429876,seat
29133,MO,Mississippi County,Charleston,36.921388888889,-89.346388888889,36.826264,-89.295929,seat
29135,MO,Moniteau County,California,38.63,-92.5683,38.633037,-92.583642,seat
29137,MO,Monroe County,Paris,39.4803,-92.0011,39.49827,-92.006458,seat
29139,MO,Montgomery County,Montgomery City,38.9769,-91.505,38.935184,-91.465427,seat
29141,MO,Morgan County,Versailles,38.431388888889,-92.844443888889,38.420806,-92.874835,seat
29143,MO,New Madrid County,New Madrid,36.587777777778,-89.535833333333,36.594261,-89.655948,seat
29145,MO,Newton County,Neosho,36.855555555556,-94.376388888889,36.908371,-94.335034,seat
29147,MO,Nodaway County,Maryville,40.345277777778,-94.871111111111,40.361136,-94.883146,seat
29149,MO,Oregon County,Alton,36.69389,-91.39889,36.68531,-91.401827,seat
29151,MO,Osage County,Linn,38.4831,-91.8469,38.464253,-91.859504,seat
29153,MO,Ozark County,Gainesville,36.6036,-92.4308,36.64959,-92.458549,seat
29155,MO,Pemiscot County,Caruthersville,36.1847,-89.6614,36.209916,-89.785942,seat
29157,MO,Perry County,Perryville,37.7261,-89.8717,37.71113,-89.802125,seat
29159,MO,Pettis County,Sedalia,38.709833333333,-93.229555555556,38.727367,-93.285207,seat
29161,MO,Phelps County,Rolla,37.948888888889,-91.763055555556,37.866326,-91.790349,seat
29163,MO,Pike County,Bowling Green,39.3417,-91.2,39.339959,-91.171607,seat
29165,MO,Platte County,Platte City,39.3617,-94.7747,39.37869,-94.761477,seat
29167,MO,Polk County,Bolivar,37.616666666667,-93.416666666667,37.616761,-93.400817,seat
29169,MO,Pulaski County,Waynesville,37.8203,-92.2136,37.824835,-92.207022,seat
29171,MO,Putnam County,Unionville,40.4764,-93.0061,40.478606,-93.014531,seat
29173,MO,Ralls County,New London,39.5853,-91.3992,39.553455,-91.524787,seat
29175,MO,Randolph County,Huntsville,39.4356,-92.5442,39.439249,-92.492959,seat
29177,MO,Ray County,Richmond,39.2775,-93.9758,39.308401,-93.995746,seat
29179,MO,Reynolds County,Centerville,37.436111111111,-90.961111111111,37.366464,-90.972282,seat
29181,MO,Ripley County,Doniphan,36.6222,-90.8222,36.65017,-90.874834,seat
29183,MO,St. Charles County,St. Charles,38.788611111111,-90.511666666667,38.781102,-90.674915,seat
29185,MO,St. Clair County,Osceola,38.0464,-93.6994,38.04223,-93.77656,seat
29186,MO,Ste. Genevieve County,Ste. Genevieve,37.9769,-90.0486,37.885845,-90.161531,seat
29187,MO,St. Francois County,Farmington,37.781944444444,-90.422222222222,37.810707,-90.473868,seat
29189,MO,St. Louis County,Clayton,38.645277777778,-90.331944444444,38.640688,-90.446073,seat
29195,MO,Saline County,Marshall,39.116111111111,-93.197777777778,39.13584,-93.204164,seat
29197,MO,Schuyler County,Lancaster,40.5242,-92.5292,40.469361,-92.519016,seat
29199,MO,Scotland County,Memphis,40.46083,-92.16972,40.447686,-92.142824,seat
29201,MO,Scott County,Benton,37.0969,-89.5622,37.047793,-89.568098,seat
29203,MO,Shannon County,Eminence,37.148333333333,-91.358888888889,37.152498,-91.391328,seat
29205,MO,Shelby County,Shelbyville,39.8072,-92.0411,39.797531,-92.088719,seat
29207,MO,Stoddard County,Bloomfield,36.8878,-89.93,36.851557,-89.947481,seat
29209,MO,Stone County,Galena,36.8056,-93.4672,36.745822,-93.457842,seat
29211,MO,Sullivan County,Milan,40.20139,-93.125,40.209587,-93.109783,seat
29213,MO,Taney County,Forsyth,36.6867,-93.1128,36.649827,-93.042819,seat
29215,MO,Texas County,Houston,37.3233,-91.9597,37.314257,-91.964478,seat
29217,MO,Vernon County,Nevada,37.838111111111,-94.359611111111,37.850196,-94.341597,seat
29219,MO,Warren County,Warrenton,38.8158,-91.1403,38.761902,-91.159306,seat
29221,MO,Washington County,Potosi,37.9378,-90.7819,37.942611,-90.897018,seat
29223,MO,Wayne County,Greenville,37.1272,-90.4483,37.111074,-90.453931,seat
29225,MO,Webster County,Marshfield,37.33944,-92.90722,37.280804,-92.87608,seat
29227,MO,Worth County,Grant City,40.4857785,-94.4134577,40.480499,-94.419198,seat
29229,MO,Wright County,Hartville,37.2503,-92.5119,37.267633,-92.479989,seat
29510,MO,St. Louis city,(internal point),38.635699,-90.244582,38.635699,-90.244582,internal_point
30001,MT,Beaverhead County,Dillon,45.215833333333,-112.63416666667,45.133863,-112.892869,seat
30003,MT,Big Horn County,Hardin,45.7319,-107.613,45.407868,-107.518162,seat
30005,MT,Blaine County,Chinook,48.583333333333,-109.23333333333,48.428282,-108.967648,seat
30007,MT,Broadwater County,Townsend,46.320277777778,-111.51777777778,46.329849,-111.497873,seat
30009,MT,Carbon County,Red Lodge,45.1875,-109.24861111111,45.224468,-109.028554,seat
30011,MT,Carter County,Ekalaka,45.889166666667,-104.54972222222,45.516825,-104.515324,seat
30013,MT,Cascade County,Great Falls,47.503611111111,-111.28638888889,47.316575,-111.350262,seat
30015,MT,Chouteau County,Fort Benton,47.819444444444,-110.66972222222,47.886834,-110.4362,seat
30017,MT,Custer County,Miles City,46.40833,-105.84,46.261414,-105.550352,seat
30019,MT,Daniels County,Scobey,48.790833333333,-105.42,48.794429,-105.541739,seat
30021,MT,Dawson County,Glendive,47.108333333333,-104.70833333333,47.26613,-104.898271,seat
30023,MT,Deer Lodge County,Anaconda,46.127777777778,-112.95833333333,46.094672,-113.141624,seat
30025,MT,Fallon County,Baker,46.364722222222,-104.275,46.318184,-104.405718,seat
30027,MT,Fergus County,Lewistown,47.064722222222,-109.43,47.221816,-109.232956,seat
30029,MT,Flathead County,Kalispell,48.2,-114.31666666667,48.295422,-114.052059,seat
30031,MT,Gallatin County,Bozeman,45.679444444444,-111.03722222222,45.518054,-111.163921,seat
30033,MT,Garfield County,Jordan,47.320833333333,-106.91,47.267184,-106.995991,seat
30035,MT,Glacier County,Cut Bank,48.634722222222,-112.33111111111,48.705671,-112.990502,seat
30037,MT,Golden Valley County,Ryegate,46.298888888889,-109.25555555556,46.380624,-109.174586,seat
30039,MT,Granite County,Philipsburg,46.333055555556,-113.29666666667,46.395955,-113.427356,seat
30041,MT,Hill County,Havre,48.545277777778,-109.6775,48.631959,-110.106321,seat
30043,MT,Jefferson County,Boulder,46.236388888889,-112.12194444444,46.124232,-112.059428,seat
30045,MT,Judith Basin County,Stanford,47.153055555556,-110.21916666667,47.032558,-110.30532,seat
30047,MT,Lake County,Polson,47.6881,-114.157,47.642901,-114.083687,seat
30049,MT,Lewis and Clark County,Helena,46.592777777778,-112.035,47.132013,-112.373367,seat
30051,MT,Liberty County,Chester,48.511111111111,-110.96722222222,48.559654,-111.036924,seat
30053,MT,Lincoln County,Libby,48.3882861,-115.5559988,48.552385,-115.463185,seat
30055,MT,McCone County,Circle,47.416944444444,-105.58861111111,47.629628,-105.757222,seat
30057,MT,Madison County,Virginia City,45.2942,-111.941,45.32529,-111.913791,seat
30059,MT,Meagher County,White Sulphur Springs,46.546388888889,-110.9025,46.5857,-110.92174,seat
30061,MT,Mineral County,Superior,47.193333333333,-114.89027777778,47.129687,-115.085385,seat
30063,MT,Missoula County,Missoula,46.8625,-114.01166666667,47.027263,-113.892691,seat
30065,MT,Musselshell County,Roundup,46.448333333333,-108.54277777778,46.505281,-108.439763,seat
30067,MT,Park County,Livingston,45.658333333333,-110.56666666667,45.463081,-110.53493,seat
30069,MT,Petroleum County,Winnett,47.0044,-108.351,47.141917,-108.226575,seat
30071,MT,Phillips County,Malta,48.354166666667,-107.87083333333,48.250143,-107.928897,seat
30073,MT,Pondera County,Conrad,48.1728,-111.947,48.228604,-112.220761,seat
30075,MT,Powder River County,Broadus,45.442777777778,-105.40916666667,45.408926,-105.555344,seat
30077,MT,Powell County,Deer Lodge,46.396111111111,-112.73305555556,46.844225,-112.9311,seat
30079,MT,Prairie County,Terry,46.79,-105.31333333333,46.812388,-105.503938,seat
30081,MT,Ravalli County,Hamilton,46.248333333333,-114.15972222222,46.077744,-114.105795,seat
30083,MT,Richland County,Sidney,47.7125,-104.16138888889,47.785633,-104.563408,seat
30085,MT,Roosevelt County,Wolf Point,48.091388888889,-105.6425,48.282747,-104.99517,seat
30087,MT,Rosebud County,Forsyth,46.2667,-106.678,46.173206,-106.666792,seat
30089,MT,Sanders County,Thompson Falls,47.596666666667,-115.34361111111,47.756497,-115.180306,seat
30091,MT,Sheridan County,Plentywood,48.776111111111,-104.55888888889,48.705587,-104.533916,seat
30093,MT,Silver Bow County,Butte,46.006388888889,-112.52972222222,45.896232,-112.660071,seat
30095,MT,Stillwater County,Columbus,45.6383,-109.252,45.658545,-109.381576,seat
30097,MT,Sweet Grass County,Big Timber,45.833333333333,-109.95027777778,45.811292,-109.944796,seat
30099,MT,Teton County,Choteau,47.816666666667,-112.18333333333,47.819035,-112.281725,seat
30101,MT,Toole County,Shelby,48.507222222222,-111.86027777778,48.645125,-111.733472,seat
30103,MT,Treasure County,Hysham,46.290555555556,-107.23,46.227113,-107.275296,seat
30105,MT,Valley County,Glasgow,48.195,-106.63611111111,48.34985,-106.670424,seat
30107,MT,Wheatland County,Harlowton,46.436388888889,-109.83361111111,46.496967,-109.857684,seat
30109,MT,Wibaux County,Wibaux,46.986944444444,-104.18972222222,46.962966,-104.274518,seat
30111,MT,Yellowstone County,Billings,45.786666666667,-108.53722222222,45.936987,-108.276656,seat
31001,NE,Adams County,Hastings,40.589166666667,-98.391666666667,40.520632,-98.500044,seat
31003,NE,Antelope County,Neligh,42.13,-98.029166666667,42.183225,-98.058037,seat
31005,NE,Arthur County,Arthur,41.5722,-101.691,41.57193,-101.695917,seat
31007,NE,Banner County,Harrisburg,41.554444444444,-103.74027777778,41.53975,-103.726263,seat
31009,NE,Blaine County,Brewster,41.938333333333,-99.865555555556,41.931945,-99.996407,seat
31011,NE,Boone County,Albion,41.689444444444,-98.003055555556,41.703934,-98.070476,seat
31013,NE,Box Butte County,Alliance,42.101388888889,-102.87027777778,42.21038,-103.081779,seat
31015,NE,Boyd County,Butte,42.911666666667,-98.846944444444,42.894448,-98.773022,seat
31017,NE,Brown County,Ainsworth,42.5475,-99.858888888889,42.359562,-99.92392,seat
31019,NE,Buffalo County,Kearney,40.7,-99.083333333333,40.855265,-99.074984,seat
31021,NE,Burt County,Tekamah,41.778055555556,-96.2225,41.854179,-96.337746,seat
31023,NE,Butler County,David City,41.254444444444,-97.126388888889,41.226072,-97.132039,seat
31025,NE,Cass County,Plattsmouth,41.008611111111,-95.891666666667,40.909878,-96.140609,seat
31027,NE,Cedar County,Hartington,42.621111111111,-97.263888888889,42.60456,-97.25687,seat
31029,NE,Chase County,Imperial,40.518333333333,-101.6425,40.53039,-101.694192,seat
31031,NE,Cherry County,Valentine,42.873611111111,-100.55027777778,42.571323,-101.047653,seat
31033,NE,Cheyenne County,Sidney,41.1394,-102.978,41.214236,-103.011929,seat
31035,NE,Clay County,Clay Center,40.522222222222,-98.055,40.523669,-98.050858,seat
31037,NE,Colfax County,Schuyler,41.448888888889,-97.060277777778,41.57496,-97.088945,seat
31039,NE,Cuming County,West Point,41.839722222222,-96.711388888889,41.915865,-96.788517,seat
31041,NE,Custer County,Broken Bow,41.404722222222,-99.641388888889,41.393893,-99.726866,seat
31043,NE,Dakota County,Dakota City,42.415277777778,-96.417777777778,42.391624,-96.561327,seat
31045,NE,Dawes County,Chadron,42.8275,-103.00305555556,42.713038,-103.135436,seat
31047,NE,Dawson County,Lexington,40.779444444444,-99.743888888889,40.86784,-99.815583,seat
31049,NE,Deuel County,Chappell,41.094166666667,-102.46888888889,41.111903,-102.332609,seat
31051,NE,Dixon County,Ponca,42.563888888889,-96.710555555556,42.485086,-96.855784,seat
31053,NE,Dodge County,Fremont,41.439722222222,-96.49,41.577008,-96.645852,seat
31055,NE,Douglas County,Omaha,41.258611111111,-95.9375,41.297091,-96.154066,seat
31057,NE,Dundy County,Benkelman,40.050555555556,-101.53361111111,40.180165,-101.681133,seat
31059,NE,Fillmore County,Geneva,40.526388888889,-97.601944444444,40.52504,-97.596705,seat
31061,NE,Franklin County,Franklin,40.095277777778,-98.953055555556,40.183203,-98.96208,seat
31063,NE,Frontier County,Stockville,40.53325,-100.384545,40.530947,-100.406683,seat
31065,NE,Furnas County,Beaver City,40.136666666667,-99.829166666667,40.192252,-99.908637,seat
31067,NE,Gage County,Beatrice,40.268333333333,-96.743055555556,40.255234,-96.683453,seat
31069,NE,Garden County,Oshkosh,41.408611111111,-102.34638888889,41.633364,-102.302985,seat
31071,NE,Garfield County,Burwell,41.781388888889,-99.134166666667,41.906912,-98.951283,seat
31073,NE,Gosper County,Elwood,40.588611111111,-99.860555555556,40.509095,-99.823206,seat
31075,NE,Grant County,Hyannis,42.000833333333,-101.76527777778,41.913957,-101.755965,seat
31077,NE,Greeley County,Greeley Center,41.548055555556,-98.530833333333,41.567563,-98.530567,seat
31079,NE,Hall County,Grand Island,40.924277777778,-98.338694444444,40.866027,-98.502664,seat
31081,NE,Hamilton County,Aurora,40.8667,-98.0036,40.872817,-98.022329,seat
31083,NE,Harlan County,Alma,40.100833333333,-99.3625,40.178766,-99.403418,seat
31085,NE,Hayes County,Hayes Center,40.511388888889,-101.02055555556,40.537234,-101.047963,seat
31087,NE,Hitchcock County,Trenton,40.176111111111,-101.01361111111,40.176896,-101.044217,seat
31089,NE,Holt County,O'Neill,42.460833333333,-98.646944444444,42.459287,-98.784766,seat
31091,NE,Hooker County,Mullen,42.0425,-101.04555555556,41.920317,-101.117324,seat
31093,NE,Howard County,St. Paul,41.213611111111,-98.46,41.216851,-98.513342,seat
31095,NE,Jefferson County,Fairbury,40.140833333333,-97.1775,40.175736,-97.143103,seat
31097,NE,Johnson County,Tecumseh,40.37,-96.191666666667,40.394955,-96.265264,seat
31099,NE,Kearney County,Minden,40.498527777778,-98.947694444444,40.50912,-98.947602,seat
31101,NE,Keith County,Ogallala,41.128888888889,-101.71944444444,41.194245,-101.644449,seat
31103,NE,Keya Paha County,Springview,42.823611111111,-99.748055555556,42.87548,-99.718351,seat
31105,NE,Kimball County,Kimball,41.233611111111,-103.65944444444,41.199274,-103.703153,seat
31107,NE,Knox County,Center,42.608888888889,-97.876111111111,42.634404,-97.891349,seat
31109,NE,Lancaster County,Lincoln,40.809166666667,-96.678055555556,40.783547,-96.688658,seat
31111,NE,Lincoln County,North Platte,41.135914,-100.770501,41.050322,-100.744481,seat
31113,NE,Logan County,Stapleton,41.48,-100.51277777778,41.542155,-100.443665,seat
31115,NE,Loup County,Taylor,41.769444444444,-99.380555555556,41.90279,-99.509276,seat
31117,NE,McPherson County,Tryon,41.55277,-100.95765,41.648414,-101.120851,seat
31119,NE,Madison County,Madison,41.8275,-97.456944444444,41.909929,-97.606856,seat
31121,NE,Merrick County,Central City,41.1139,-98.0025,41.16979,-98.031057,seat
31123,NE,Morrill County,Bridgeport,41.667777777778,-103.09888888889,41.732204,-102.990594,seat
31125,NE,Nance County,Fullerton,41.363055555556,-97.970833333333,41.402385,-97.991408,seat
31127,NE,Nemaha County,Auburn,40.388333333333,-95.842222222222,40.387389,-95.852721,seat
31129,NE,Nuckolls County,Nelson,40.2019,-98.0667,40.176492,-98.046842,seat
31131,NE,Otoe County,Nebraska City,40.676111111111,-95.859722222222,40.637992,-96.131027,seat
31133,NE,Pawnee County,Pawnee City,40.110555555556,-96.153611111111,40.137797,-96.245214,seat
31135,NE,Perkins County,Grant,40.844444444444,-101.72611111111,40.857646,-101.627468,seat
31137,NE,Phelps County,Holdrege,40.436388888889,-99.382222222222,40.516365,-99.406557,seat
31139,NE,Pierce County,Pierce,42.199444444444,-97.529444444444,42.271413,-97.610992,seat
31141,NE,Platte County,Columbus,41.429305555556,-97.358138888889,41.576866,-97.513467,seat
31143,NE,Polk County,Osceola,41.178055555556,-97.548611111111,41.187925,-97.570663,seat
31145,NE,Red Willow County,McCook,40.205277777778,-100.62611111111,40.16942,-100.468576,seat
31147,NE,Richardson County,Falls City,40.0625,-95.601111111111,40.123743,-95.718603,seat
31149,NE,Rock County,Bassett,42.583888888889,-99.537222222222,42.394749,-99.420851,seat
31151,NE,Saline County,Wilber,40.481944444444,-96.9625,40.516802,-97.131755,seat
31153,NE,Sarpy County,Papillion,41.155833333333,-96.040833333333,41.115064,-96.109125,seat
31155,NE,Saunders County,Wahoo,41.211111111111,-96.619805555556,41.22339,-96.6421,seat
31157,NE,Scotts Bluff County,Gering,41.824166666667,-103.665,41.850506,-103.703021,seat
31159,NE,Seward County,Seward,40.911111111111,-97.096944444444,40.871944,-97.140383,seat
31161,NE,Sheridan County,Rushville,42.717222222222,-102.46027777778,42.512289,-102.36828,seat
31163,NE,Sherman County,Loup City,41.277222222222,-98.968055555556,41.218743,-98.972849,seat
31165,NE,Sioux County,Harrison,42.688055555556,-103.88222222222,42.470668,-103.73217,seat
31167,NE,Stanton County,Stanton,41.95,-97.2231,41.905045,-97.177109,seat
31169,NE,Thayer County,Hebron,40.168333333333,-97.586666666667,40.173429,-97.596235,seat
31171,NE,Thomas County,Thedford,41.978888888889,-100.575,41.85573,-100.524703,seat
31173,NE,Thurston County,Pender,42.111666666667,-96.710555555556,42.154061,-96.533943,seat
31175,NE,Valley County,Ord,41.6025,-98.93,41.564094,-98.983484,seat
31177,NE,Washington County,Blair,41.545555555556,-96.134444444444,41.533973,-96.224577,seat
31179,NE,Wayne County,Wayne,42.236111111111,-97.016944444444,42.210746,-97.126243,seat
31181,NE,Webster County,Red Cloud,40.088333333333,-98.522777777778,40.180646,-98.49859,seat
31183,NE,Wheeler County,Bartlett,41.885,-98.5525,41.922575,-98.520853,seat
31185,NE,York County,York,40.867222222222,-97.588888888889,40.873056,-97.596742,seat
32001,NV,Churchill County,Fallon,39.4728,-118.779,39.53771,-118.264166,seat
32003,NV,Clark County,Las Vegas,36.167222222222,-115.14861111111,36.21413,-115.014398,seat
32005,NV,Douglas County,Minden,38.95583,-119.76917,38.905129,-119.609019,seat
32007,NV,Elko County,Elko,40.832472222222,-115.76316666667,41.141133,-115.351424,seat
32009,NV,Esmeralda County,Goldfield,37.7085439,-117.2356341,37.778966,-117.632382,seat
32011,NV,Eureka County,Eureka,39.5117,-115.962,39.977788,-116.272208,seat
32013,NV,Humboldt County,Winnemucca,40.968333333333,-117.72666666667,41.407914,-118.127591,seat
32015,NV,Lander County,Battle Mountain,40.639444444444,-116.93722222222,39.90021,-117.04724,seat
32017,NV,Lincoln County,Pioche,37.941388888889,-114.44888888889,37.634605,-114.863037,seat
32019,NV,Lyon County,Dayton,39.2517,-119.562,39.022213,-119.197425,seat
32021,NV,Mineral County,Hawthorne,38.5253,-118.623,38.516647,-118.416279,seat
32023,NV,Nye County,Tonopah,38.067222222222,-117.23,37.965864,-116.459011,seat
32027,NV,Pershing County,Lovelock,40.18,-118.47666666667,40.439639,-118.409477,seat
32029,NV,Storey County,Virginia City,39.310277777778,-119.64944444444,39.438385,-119.524646,seat
32031,NV,Washoe County,Reno,39.526111111111,-119.8125,40.73132,-119.663269,seat
32033,NV,White Pine County,Ely,39.253333333333,-114.87722222222,39.418176,-114.900565,seat
32510,NV,Carson City,(internal point),39.15306,-119.747368,39.15306,-119.747368,internal_point
33001,NH,Belknap County,Laconia,43.5275,-71.4703,43.519109,-71.425366,seat
33003,NH,Carroll County,Ossipee,43.684722222222,-71.117222222222,43.867774,-71.20156,seat
33005,NH,Cheshire County,Keene,42.933611111111,-72.278055555556,42.92546,-72.248183,seat
33007,NH,Coos County,Lancaster,44.488888888889,-71.569166666667,44.652548,-71.289431,seat
33009,NH,Grafton County,Haverhill,44.034166666667,-72.063888888889,43.926439,-71.842424,seat
33011,NH,Hillsborough County,Manchester,42.990833333333,-71.463611111111,42.911532,-71.723055,seat
33013,NH,Merrimack County,Concord,43.206666666667,-71.538055555556,43.299579,-71.680041,seat
33015,NH,Rockingham County,Brentwood,42.978611111111,-71.072777777778,42.988664,-71.09908,seat
33017,NH,Strafford County,Dover,43.195277777778,-70.875,43.293272,-71.035589,seat
33019,NH,Sullivan County,Newport,43.365277777778,-72.173333333333,43.361188,-72.222084,seat
34001,NJ,Atlantic County,Mays Landing,39.456111111111,-74.726944444444,39.469355,-74.633759,seat
34003,NJ,Bergen County,Hackensack,40.887777777778,-74.048055555556,40.959698,-74.074727,seat
34005,NJ,Burlington County,Mount Holly,39.9953,-74.7865,39.875786,-74.663006,seat
34007,NJ,Camden County,Camden,39.9368,-75.1066,39.802407,-74.961249,seat
34009,NJ,Cape May County,Middle Township,39.088,-74.8376,39.085841,-74.846354,seat
34011,NJ,Cumberland County,Bridgeton,39.4275,-75.228,39.328434,-75.121628,seat
34013,NJ,Essex County,Newark,40.735555555556,-74.172222222222,40.7874,-74.246292,seat
34015,NJ,Gloucester County,Woodbury,39.838055555556,-75.153055555556,39.722875,-75.145679,seat
34017,NJ,Hudson County,Jersey City,40.71,-74.06,40.731375,-74.078601,seat
34019,NJ,Hunterdon County,Flemington,40.5087,-74.8601,40.565283,-74.911969,seat
34021,NJ,Mercer County,Trenton,40.220277777778,-74.765833333333,40.282503,-74.703724,seat
34023,NJ,Middlesex County,New Brunswick,40.486666666667,-74.444444444444,40.439621,-74.40743,seat
34025,NJ,Monmouth County,Freehold,40.262862,-74.277344,40.287048,-74.152446,seat
34027,NJ,Morris County,Morristown,40.7966,-74.4773,40.858896,-74.547292,seat
34029,NJ,Ocean County,Toms River,39.9943,-74.1662,39.865669,-74.258864,seat
34031,NJ,Passaic County,Paterson,40.916666666667,-74.172222222222,41.036655,-74.299408,seat
34033,NJ,Salem County,Salem,39.5682,-75.4725,39.573828,-75.357356,seat
34035,NJ,Somerset County,Somerville,40.5698,-74.6077,40.565527,-74.619938,seat
34037,NJ,Sussex County,Newton,41.0527,-74.7548,41.137461,-74.691914,seat
34039,NJ,Union County,Elizabeth,40.662222222222,-74.209166666667,40.659871,-74.308696,seat
34041,NJ,Warren County,Belvidere,40.8298,-75.0733,40.853491,-75.009498,seat
35001,NM,Bernalillo County,Albuquerque,35.084444444444,-106.65027777778,35.053628,-106.66908,seat
35003,NM,Catron County,Reserve,33.7086,-108.761,33.901621,-108.391928,seat
35005,NM,Chaves County,Roswell,33.394166666667,-104.52277777778,33.361604,-104.469837,seat
35006,NM,Cibola County,Grants,35.155277777778,-107.84222222222,34.928272,-107.99268,seat
35007,NM,Colfax County,Raton,36.896944444444,-104.44,36.612964,-104.64011,seat
35009,NM,Curry County,Clovis,34.405472222222,-103.20508333333,34.572984,-103.346055,seat
35011,NM,De Baca County,Fort Sumner,34.471666666667,-104.24527777778,34.359273,-104.368696,seat
35013,NM,Doña Ana County,Las Cruces,32.314027777778,-106.77980555556,32.349919,-106.834968,seat
35015,NM,Eddy County,Carlsbad,32.42575,-104.23761111111,32.457835,-104.306434,seat
35017,NM,Grant County,Silver City,32.7725,-108.27936111111,32.732087,-108.381504,seat
35019,NM,Guadalupe County,Santa Rosa,34.9422,-104.684,34.869782,-104.784968,seat
35021,NM,Harding County,Mosquero,35.77611,-103.95694,35.859352,-103.853424,seat
35023,NM,Hidalgo County,Lordsburg,32.346944444444,-108.70722222222,31.898052,-108.751929,seat
35025,NM,Lea County,Lovington,32.946388888889,-103.35361111111,32.795687,-103.413271,seat
35027,NM,Lincoln County,Carrizozo,33.643888888889,-105.8775,33.740841,-105.449805,seat
35028,NM,Los Alamos County,Los Alamos,35.891111111111,-106.29777777778,35.870047,-106.307968,seat
35029,NM,Luna County,Deming,32.261111111111,-107.75583333333,32.184523,-107.747191,seat
35031,NM,McKinley County,Gallup,35.523611111111,-108.73416666667,35.584062,-108.253294,seat
35033,NM,Mora County,Mora,35.974166666667,-105.33,35.982841,-104.921898,seat
35035,NM,Otero County,Alamogordo,32.904638888889,-105.94183333333,32.615599,-105.751308,seat
35037,NM,Quay County,Tucumcari,35.169444444444,-103.72555555556,35.107018,-103.548071,seat
35039,NM,Rio Arriba County,Tierra Amarilla,36.700277777778,-106.54972222222,36.509669,-106.693983,seat
35041,NM,Roosevelt County,Portales,34.182222222222,-103.33861111111,34.021207,-103.483004,seat
35043,NM,Sandoval County,Bernalillo,35.309444444444,-106.55194444444,35.685091,-106.883119,seat
35045,NM,San Juan County,Aztec,36.822055555556,-107.99288888889,36.511624,-108.324578,seat
35047,NM,San Miguel County,Las Vegas,35.596944444444,-105.2225,35.476859,-104.803519,seat
35049,NM,Santa Fe County,Santa Fe,35.666666666667,-105.96666666667,35.514531,-105.963972,seat
35051,NM,Sierra County,Truth or Consequences,33.133611111111,-107.25277777778,33.119468,-107.188161,seat
35053,NM,Socorro County,Socorro,34.061666666667,-106.89944444444,33.991658,-106.939136,seat
35055,NM,Taos County,Taos,36.40725,-105.57327777778,36.577183,-105.638878,seat
35057,NM,Torrance County,Estancia,34.758333333333,-106.05555555556,34.554978,-105.890557,seat
35059,NM,Union County,Clayton,36.450777777778,-103.18475,36.488085,-103.475723,seat
35061,NM,Valencia County,Los Lunas,34.809444444444,-106.73527777778,34.71684,-106.806582,seat
36001,NY,Albany County,Albany,42.65,-73.766666666667,42.58824,-73.97401,seat
36003,NY,Allegany County,Belmont,42.2257,-78.0319,42.247853,-78.026153,seat
36005,NY,Bronx County,(internal point),40.848711,-73.852939,40.848711,-73.852939,internal_point
36007,NY,Broome County,Binghamton,42.098888888889,-75.910833333333,42.161977,-75.830283,seat
36009,NY,Cattaraugus County,Little Valley,42.2494,-78.7997,42.239099,-78.662332,seat
36011,NY,Cayuga County,Auburn,42.931661111111,-76.564769444444,43.008546,-76.574587,seat
36013,NY,Chautauqua County,Mayville,42.25139,-79.5,42.304216,-79.407595,seat
36015,NY,Chemung County,Elmira,42.085277777778,-76.809166666667,42.148697,-76.752471,seat
36017,NY,Chenango County,Norwich,42.531944444444,-75.521666666667,42.478024,-75.602241,seat
36019,NY,Clinton County,Plattsburgh,44.695277777778,-73.458333333333,44.752712,-73.705643,seat
36021,NY,Columbia County,Hudson,42.25,-73.789722222222,42.247696,-73.626718,seat
36023,NY,Cortland County,Cortland,42.600555555556,-76.181388888889,42.594039,-76.07624,seat
36025,NY,Delaware County,Delhi,42.2789,-74.9164,42.193986,-74.966728,seat
36027,NY,Dutchess County,Poughkeepsie,41.705277777778,-73.930555555556,41.754825,-73.740014,seat
36029,NY,Erie County,Buffalo,42.886388888889,-78.878055555556,42.752759,-78.778192,seat
36031,NY,Essex County,Elizabethtown,44.2164,-73.5906,44.109601,-73.778431,seat
36033,NY,Franklin County,Malone,44.8506,-74.2892,44.594376,-74.31067,seat
36035,NY,Fulton County,Johnstown,43.0072,-74.3722,43.115609,-74.423678,seat
36037,NY,Genesee County,Batavia,42.998611111111,-78.184166666667,43.00091,-78.192778,seat
36039,NY,Greene County,Catskill,42.2167,-73.8667,42.28697,-74.149542,seat
36041,NY,Hamilton County,Lake Pleasant,43.4709016,-74.4126461,43.657879,-74.502456,seat
36043,NY,Herkimer County,Herkimer,43.0261,-74.9903,43.571009,-74.841097,seat
36045,NY,Jefferson County,Watertown,43.9756,-75.9064,43.996389,-76.052968,seat
36047,NY,Kings County,(internal point),40.635045,-73.95064,40.635045,-73.95064,internal_point
36049,NY,Lewis County,Lowville,43.7867,-75.4878,43.782706,-75.444132,seat
36051,NY,Livingston County,Geneseo,42.7958,-77.8136,42.729042,-77.778463,seat
36053,NY,Madison County,Wampsville,43.0814,-75.7081,42.910026,-75.663575,seat
36055,NY,Monroe County,Rochester,43.165555555556,-77.611388888889,43.250347,-77.700518,seat
36057,NY,Montgomery County,Fonda,42.9544,-74.3756,42.900891,-74.435357,seat
36059,NY,Nassau County,Mineola,40.7472,-73.6381,40.729612,-73.589414,seat
36061,NY,New York County,(internal point),40.776642,-73.970187,40.776642,-73.970187,internal_point
36063,NY,Niagara County,Lockport,43.1697,-78.6911,43.272672,-78.812943,seat
36065,NY,Oneida County,Utica,43.100833333333,-75.2325,43.242727,-75.434282,seat
36067,NY,Onondaga County,Syracuse,43.046899,-76.144423,43.006516,-76.196134,seat
36069,NY,Ontario County,Canandaigua,42.8861,-77.2817,42.856357,-77.303497,seat
36071,NY,Orange County,Goshen,41.4019,-74.3231,41.40241,-74.306252,seat
36073,NY,Orleans County,Albion,43.2461,-78.1936,43.339906,-78.207028,seat
36075,NY,Oswego County,Oswego,43.454722222222,-76.506666666667,43.461443,-76.209262,seat
36077,NY,Otsego County,Cooperstown,42.697222222222,-74.926944444444,42.629776,-75.028841,seat
36079,NY,Putnam County,Carmel,41.4261,-73.6789,41.427907,-73.743861,seat
36081,NY,Queens County,(internal point),40.654658,-73.841209,40.654658,-73.841209,internal_point
36083,NY,Rensselaer County,Troy,42.731666666667,-73.6925,42.710421,-73.513845,seat
36085,NY,Richmond County,(internal point),40.561263,-74.1399,40.561263,-74.1399,internal_point
36087,NY,Rockland County,New City,41.1456,-73.995,41.154628,-74.024662,seat
36089,NY,St. Lawrence County,Canton,44.5975,-75.1711,44.488112,-75.074311,seat
36091,NY,Saratoga County,Ballston Spa,43.0072,-73.8511,43.106135,-73.855387,seat
36093,NY,Schenectady County,Schenectady,42.804166666667,-73.929166666667,42.817552,-74.043559,seat
36095,NY,Schoharie County,Schoharie,42.6669,-74.3097,42.591294,-74.438172,seat
36097,NY,Schuyler County,Watkins Glen,42.3811,-76.8711,42.419776,-76.938603,seat
36099,NY,Seneca County,Waterloo,42.903611111111,-76.859388888889,42.782294,-76.827088,seat
36101,NY,Steuben County,Bath,42.3378,-77.3169,42.266725,-77.385525,seat
36103,NY,Suffolk County,Riverhead,40.9675,-72.7025,40.943554,-72.692218,seat
36105,NY,Sullivan County,Monticello,41.6536,-74.6906,41.719993,-74.771577,seat
36107,NY,Tioga County,Owego,42.1044,-76.2633,42.178057,-76.297456,seat
36109,NY,Tompkins County,Ithaca,42.443333333333,-76.5,42.453006,-76.473483,seat
36111,NY,Ulster County,Kingston,41.925,-74.0,41.947212,-74.265458,seat
36113,NY,Warren County,Queensbury,43.359444444444,-73.656944444444,43.555105,-73.838139,seat
36115,NY,Washington County,Fort Edward,43.2724215,-73.5623968,43.312377,-73.439428,seat
36117,NY,Wayne County,Lyons,43.0597,-76.9925,43.218114,-77.049402,seat
36119,NY,Westchester County,White Plains,41.0325,-73.766666666667,41.152686,-73.745753,seat
36121,NY,Wyoming County,Warsaw,42.7411,-78.1356,42.701365,-78.228576,seat
36123,NY,Yates County,Penn Yan,42.66,-77.055555555556,42.638237,-77.104324,seat
37001,NC,Alamance County,Graham,36.064444444444,-79.398055555556,36.043954,-79.400573,seat
37003,NC,Alexander County,Taylorsville,35.9178,-81.1744,35.920951,-81.177467,seat
37005,NC,Alleghany County,Sparta,36.505555555556,-81.121666666667,36.489356,-81.132299,seat
37007,NC,Anson County,Wadesboro,34.966666666667,-80.066666666667,34.974972,-80.109763,seat
37009,NC,Ashe County,Jefferson,36.42,-81.4689,36.443469,-81.499334,seat
37011,NC,Avery County,Newland,36.086388888889,-81.926666666667,36.07209,-81.920285,seat
37013,NC,Beaufort County,Washington,35.553611111111,-77.051944444444,35.482313,-76.842014,seat
37015,NC,Bertie County,Windsor,35.998055555556,-76.948888888889,36.059043,-76.962364,seat
37017,NC,Bladen County,Elizabethtown,34.6256,-78.6122,34.591938,-78.539489,seat
37019,NC,Brunswick County,Bolivia,34.0692,-78.1478,34.038754,-78.227765,seat
37021,NC,Buncombe County,Asheville,35.595555555556,-82.551944444444,35.609371,-82.530423,seat
37023,NC,Burke County,Morganton,35.7425,-81.692222222222,35.746182,-81.70618,seat
37025,NC,Cabarrus County,Concord,35.4044,-80.6006,35.388346,-80.552728,seat
37027,NC,Caldwell County,Lenoir,35.908333333333,-81.53,35.966396,-81.51254,seat
37029,NC,Camden County,Camden,36.328611111111,-76.171944444444,36.342344,-76.162488,seat
37031,NC,Carteret County,Beaufort,34.71822,-76.66382,34.858343,-76.53586,seat
37033,NC,Caswell County,Yanceyville,36.406944444444,-79.341666666667,36.394298,-79.339609,seat
37035,NC,Catawba County,Newton,35.665,-81.224444444444,35.661883,-81.214906,seat
37037,NC,Chatham County,Pittsboro,35.720277777778,-79.176388888889,35.704994,-79.251454,seat
37039,NC,Cherokee County,Murphy,35.089722222222,-84.03,35.13715,-84.061449,seat
37041,NC,Chowan County,Edenton,36.060833333333,-76.608333333333,36.128979,-76.602752,seat
37043,NC,Clay County,Hayesville,35.0467,-83.8178,35.052997,-83.752264,seat
37045,NC,Cleveland County,Shelby,35.2883,-81.5378,35.33463,-81.557114,seat
37047,NC,Columbus County,Whiteville,34.33,-78.704444444444,34.261602,-78.639308,seat
37049,NC,Craven County,New Bern,35.108333333333,-77.044444444444,35.116829,-77.08132,seat
37051,NC,Cumberland County,Fayetteville,35.066666666667,-78.9175,35.050192,-78.828719,seat
37053,NC,Currituck County,Currituck,36.4397,-76.0053,36.372174,-75.941224,seat
37055,NC,Dare County,Manteo,35.904722222222,-75.669444444444,35.606269,-75.767536,seat
37057,NC,Davidson County,Lexington,35.816666666667,-80.258611111111,35.795131,-80.207107,seat
37059,NC,Davie County,Mocksville,35.896388888889,-80.561944444444,35.929355,-80.542552,seat
37061,NC,Duplin County,Kenansville,34.962222222222,-77.965555555556,34.934403,-77.933543,seat
37063,NC,Durham County,Durham,35.994166666667,-78.898611111111,36.033828,-78.878125,seat
37065,NC,Edgecombe County,Tarboro,35.902777777778,-77.545833333333,35.917077,-77.602742,seat
37067,NC,Forsyth County,Winston-Salem,36.1025,-80.260555555556,36.132466,-80.256961,seat
37069,NC,Franklin County,Louisburg,36.1003,-78.2989,36.088241,-78.28309,seat
37071,NC,Gaston County,Gastonia,35.255277777778,-81.180277777778,35.293344,-81.177256,seat
37073,NC,Gates County,Gatesville,36.4044,-76.7583,36.442135,-76.702355,seat
37075,NC,Graham County,Robbinsville,35.322777777778,-83.807777777778,35.348364,-83.830915,seat
37077,NC,Granville County,Oxford,36.311944444444,-78.590833333333,36.299884,-78.657634,seat
37079,NC,Greene County,Snow Hill,35.45,-77.6667,35.481959,-77.681688,seat
37081,NC,Guilford County,Martinsville,36.1327,-79.8423,36.079065,-79.788665,seat
37083,NC,Halifax County,Halifax,36.3283,-77.5908,36.251438,-77.644842,seat
37085,NC,Harnett County,Lillington,35.398611111111,-78.813611111111,35.36866,-78.871665,seat
37087,NC,Haywood County,Waynesville,35.494444,-82.990556,35.558882,-82.981307,seat
37089,NC,Henderson County,Hendersonville,35.320555555556,-82.461666666667,35.336427,-82.479583,seat
37091,NC,Hertford County,Winton,36.39,-76.935833333333,36.363517,-76.981616,seat
37093,NC,Hoke County,Raeford,34.981666666667,-79.2275,35.017233,-79.241964,seat
37095,NC,Hyde County,Swan Quarter,35.406277777778,-76.329086111111,35.408157,-76.153687,seat
37097,NC,Iredell County,Statesville,35.786666666667,-80.878611111111,35.806251,-80.874524,seat
37099,NC,Jackson County,Sylva,35.3742,-83.2178,35.285454,-83.123966,seat
37101,NC,Johnston County,Smithfield,35.509166666667,-78.346388888889,35.513419,-78.367348,seat
37103,NC,Jones County,Trenton,35.063611111111,-77.356111111111,35.032268,-77.356195,seat
37105,NC,Lee County,Sanford,35.4758,-79.1756,35.476336,-79.172117,seat
37107,NC,Lenoir County,Kinston,35.270555555556,-77.585,35.240066,-77.635514,seat
37109,NC,Lincoln County,Lincolnton,35.474166666667,-81.242777777778,35.488491,-81.226893,seat
37111,NC,McDowell County,Marion,35.683055555556,-82.005833333333,35.682271,-82.048044,seat
37113,NC,Macon County,Franklin,35.1811,-83.3817,35.152959,-83.421901,seat
37115,NC,Madison County,Marshall,35.7999,-82.6748,35.864206,-82.712631,seat
37117,NC,Martin County,Williamston,35.851388888889,-77.0625,35.847301,-77.119602,seat
37119,NC,Mecklenburg County,Charlotte,35.226944444444,-80.843333333333,35.246862,-80.833832,seat
37121,NC,Mitchell County,Bakersville,36.0139,-82.1558,36.013102,-82.163554,seat
37123,NC,Montgomery County,Troy,35.360555555556,-79.896388888889,35.327548,-79.910752,seat
37125,NC,Moore County,Carthage,35.34599,-79.41697,35.308273,-79.492723,seat
37127,NC,Nash County,Nashville,35.969444444444,-77.961388888889,35.965945,-77.987555,seat
37129,NC,New Hanover County,Wilmington,34.223333333333,-77.912222222222,34.183445,-77.864204,seat
37131,NC,Northampton County,Jackson,36.390277777778,-77.422222222222,36.421774,-77.398352,seat
37133,NC,Onslow County,Jacksonville,34.759722222222,-77.409722222222,34.763109,-77.499469,seat
37135,NC,Orange County,Hillsborough,36.070555555556,-79.104166666667,36.062525,-79.120033,seat
37137,NC,Pamlico County,Bayboro,35.1442,-76.7708,35.147575,-76.665268,seat
37139,NC,Pasquotank County,Elizabeth City,36.295555555556,-76.225,36.265199,-76.260691,seat
37141,NC,Pender County,Burgaw,34.5521113,-77.926098,34.512556,-77.888106,seat
37143,NC,Perquimans County,Hertford,36.187222222222,-76.472222222222,36.180897,-76.403244,seat
37145,NC,Person County,Roxboro,36.391666666667,-78.981944444444,36.386356,-78.96563,seat
37147,NC,Pitt County,Greenville,35.601666666667,-77.3725,35.59249,-77.372739,seat
37149,NC,Polk County,Columbus,35.2506,-82.2022,35.277901,-82.167621,seat
37151,NC,Randolph County,Asheboro,35.715277777778,-79.813055555556,35.709915,-79.806215,seat
37153,NC,Richmond County,Rockingham,34.939444444444,-79.761111111111,35.004636,-79.755695,seat
37155,NC,Robeson County,Lumberton,34.6272,-79.0119,34.63921,-79.100881,seat
37157,NC,Rockingham County,Wentworth,36.4,-79.774444444444,36.381806,-79.782754,seat
37159,NC,Rowan County,Salisbury,35.668333333333,-80.478611111111,35.641355,-80.521721,seat
37161,NC,Rutherford County,Rutherfordton,35.366388888889,-81.958888888889,35.402747,-81.919582,seat
37163,NC,Sampson County,Clinton,35.0025,-78.3289,34.989298,-78.371261,seat
37165,NC,Scotland County,Laurinburg,34.764722222222,-79.470277777778,34.840023,-79.477337,seat
37167,NC,Stanly County,Albemarle,35.358333333333,-80.195277777778,35.310449,-80.254374,seat
37169,NC,Stokes County,Danbury,36.409444444444,-80.208888888889,36.393797,-80.269921,seat
37171,NC,Surry County,Dobson,36.3917,-80.7211,36.415416,-80.686463,seat
37173,NC,Swain County,Bryson City,35.4269,-83.4478,35.568849,-83.465614,seat
37175,NC,Transylvania County,Brevard,35.2417,-82.7286,35.210103,-82.816666,seat
37177,NC,Tyrrell County,Columbia,35.917777777778,-76.249722222222,35.87042,-76.165345,seat
37179,NC,Union County,Monroe,34.988888888889,-80.549722222222,34.99182,-80.530426,seat
37181,NC,Vance County,Henderson,36.3258743,-78.4155472,36.365481,-78.405434,seat
37183,NC,Wake County,Raleigh,35.78,-78.64,35.789846,-78.650624,seat
37185,NC,Warren County,Warrenton,36.4003,-78.1569,36.398105,-78.099899,seat
37187,NC,Washington County,Plymouth,35.859722222222,-76.747777777778,35.844713,-76.572291,seat
37189,NC,Watauga County,Boone,36.21679,-81.67455,36.235368,-81.709888,seat
37191,NC,Wayne County,Goldsboro,35.383888888889,-77.995,35.35419,-78.00867,seat
37193,NC,Wilkes County,Wilkesboro,36.1425,-81.1625,36.208883,-81.166095,seat
37195,NC,Wilson County,Wilson,35.731055555556,-77.928305555556,35.700357,-77.921598,seat
37197,NC,Yadkin County,Yadkinville,36.132777777778,-80.660833333333,36.158765,-80.665164,seat
37199,NC,Yancey County,Burnsville,35.9186,-82.2975,35.889326,-82.303954,seat
38001,ND,Adams County,Hettinger,46.000833333333,-102.63333333333,46.096815,-102.533198,seat
38003,ND,Barnes County,Valley City,46.924722222222,-98.005555555556,46.94255,-98.070195,seat
38005,ND,Benson County,Minnewaukan,48.066666666667,-99.25,48.071743,-99.351152,seat
38007,ND,Billings County,Medora,46.914166666667,-103.525,47.007044,-103.364016,seat
38009,ND,Bottineau County,Bottineau,48.833333333333,-100.45,48.794412,-100.831257,seat
38011,ND,Bowman County,Bowman,46.181666666667,-103.40027777778,46.110144,-103.505943,seat
38013,ND,Burke County,Bowbells,48.8038,-102.2462,48.786453,-102.520087,seat
38015,ND,Burleigh County,Bismarck,46.808333333333,-100.78375,46.978829,-100.469533,seat
38017,ND,Cass County,Fargo,46.877222222222,-96.789444444444,46.927003,-97.252375,seat
38019,ND,Cavalier County,Langdon,48.761666666667,-98.371666666667,48.768439,-98.46379,seat
38021,ND,Dickey County,Ellendale,46.003055555556,-98.523055555556,46.107756,-98.496518,seat
38023,ND,Divide County,Crosby,48.9125,-103.29472222222,48.814754,-103.509326,seat
38025,ND,Dunn County,Manning,47.229166666667,-102.76916666667,47.354557,-102.612322,seat
38027,ND,Eddy County,New Rockford,47.680555555556,-99.136111111111,47.723436,-98.900474,seat
38029,ND,Emmons County,Linton,46.268333333333,-100.23222222222,46.284255,-100.237842,seat
38031,ND,Foster County,Carrington,47.45,-99.123888888889,47.471431,-98.872876,seat
38033,ND,Golden Valley County,Beach,46.915833333333,-104.00444444444,46.938924,-103.844612,seat
38035,ND,Grand Forks County,Grand Forks,47.925277777778,-97.0325,47.926003,-97.450851,seat
38037,ND,Grant County,Carson,46.420833333333,-101.56694444444,46.357827,-101.639049,seat
38039,ND,Griggs County,Cooperstown,47.445,-98.123333333333,47.456334,-98.232286,seat
38041,ND,Hettinger County,Mott,46.373611111111,-102.325,46.435704,-102.454238,seat
38043,ND,Kidder County,Steele,46.856066,-99.916606,46.938273,-99.731198,seat
38045,ND,LaMoure County,LaMoure,46.358611111111,-98.293611111111,46.464195,-98.526057,seat
38047,ND,Logan County,Napoleon,46.504722222222,-99.766944444444,46.469278,-99.504585,seat
38049,ND,McHenry County,Towner,48.345277777778,-100.40611111111,48.233842,-100.633267,seat
38051,ND,McIntosh County,Ashley,46.035,-99.373611111111,46.108682,-99.416487,seat
38053,ND,McKenzie County,Watford City,47.8025,-103.28055555556,47.742475,-103.403215,seat
38055,ND,McLean County,Washburn,47.291388888889,-101.02777777778,47.653206,-101.421914,seat
38057,ND,Mercer County,Stanton,47.319444444444,-101.3825,47.307147,-101.833328,seat
38059,ND,Morton County,Mandan,46.828888888889,-100.89111111111,46.710029,-101.310041,seat
38061,ND,Mountrail County,Stanley,48.314722222222,-102.38833333333,48.210073,-102.364895,seat
38063,ND,Nelson County,Lakota,48.041666666667,-98.344444444444,47.918667,-98.204428,seat
38065,ND,Oliver County,Center,47.115,-101.30027777778,47.118079,-101.33142,seat
38067,ND,Pembina County,Cavalier,48.795277777778,-97.623333333333,48.766896,-97.545405,seat
38069,ND,Pierce County,Rugby,48.367222222222,-99.996111111111,48.238883,-99.966497,seat
38071,ND,Ramsey County,Devils Lake,48.116666666667,-98.866666666667,48.266163,-98.739031,seat
38073,ND,Ransom County,Lisbon,46.439166666667,-97.683611111111,46.449276,-97.647554,seat
38075,ND,Renville County,Mohall,48.765,-101.51111111111,48.712781,-101.658152,seat
38077,ND,Richland County,Wahpeton,46.265888888889,-96.608861111111,46.265219,-96.93796,seat
38079,ND,Rolette County,Rolla,48.859722222222,-99.615277777778,48.768271,-99.840463,seat
38081,ND,Sargent County,Forman,46.105277777778,-97.637222222222,46.108204,-97.630051,seat
38083,ND,Sheridan County,McClusky,47.484166666667,-100.44222222222,47.581359,-100.330986,seat
38085,ND,Sioux County,Fort Yates,46.085,-100.63027777778,46.110618,-101.061284,seat
38087,ND,Slope County,Amidon,46.483055555556,-103.32222222222,46.445834,-103.462462,seat
38089,ND,Stark County,Dickinson,46.883611111111,-102.78888888889,46.817031,-102.662026,seat
38091,ND,Steele County,Finley,47.512777777778,-97.836944444444,47.451062,-97.71892,seat
38093,ND,Stutsman County,Jamestown,46.910555555556,-98.708444444444,46.972223,-98.956123,seat
38095,ND,Towner County,Cando,48.488611111111,-99.204444444444,48.682183,-99.248158,seat
38097,ND,Traill County,Hillsboro,47.40387,-97.06203,47.446271,-97.164636,seat
38099,ND,Walsh County,Grafton,48.416111111111,-97.410555555556,48.376979,-97.72223,seat
38101,ND,Ward County,Minot,48.2325,-101.29627777778,48.216686,-101.540537,seat
38103,ND,Wells County,Fessenden,47.649722222222,-99.626111111111,47.580851,-99.682213,seat
38105,ND,Williams County,Williston,48.156388888889,-103.62805555556,48.355765,-103.501333,seat
39001,OH,Adams County,West Union,38.7939,-83.5436,38.834468,-83.478082,seat
39003,OH,Allen County,Lima,40.74,-84.105,40.771627,-84.106103,seat
39005,OH,Ashland County,Ashland,40.866944444444,-82.315277777778,40.843273,-82.270127,seat
39007,OH,Ashtabula County,Jefferson,41.7372,-80.7719,41.906637,-80.745592,seat
39009,OH,Athens County,Athens,39.329166666667,-82.101111111111,39.332755,-82.045885,seat
39011,OH,Auglaize County,Wapakoneta,40.569167,-84.194167,40.561309,-84.224018,seat
39013,OH,Belmont County,St. Clairsville,40.0794,-80.9014,40.017682,-80.967727,seat
39015,OH,Brown County,Georgetown,38.8669,-83.9025,38.931377,-83.866772,seat
39017,OH,Butler County,Hamilton,39.395833333333,-84.565,39.439747,-84.565734,seat
39019,OH,Carroll County,Carrollton,40.578611111111,-81.086666666667,40.579884,-81.090787,seat
39021,OH,Champaign County,Urbana,40.1108,-83.7514,40.132775,-83.767604,seat
39023,OH,Clark County,Springfield,39.926944444444,-83.804166666667,39.917032,-83.783676,seat
39025,OH,Clermont County,Batavia,39.0772,-84.1792,39.052054,-84.149485,seat
39027,OH,Clinton County,Wilmington,39.4458,-83.8292,39.416681,-83.804583,seat
39029,OH,Columbiana County,Lisbon,40.7739,-80.7675,40.770073,-80.778455,seat
39031,OH,Coshocton County,Coshocton,40.2678,-81.8567,40.29671,-81.930109,seat
39033,OH,Crawford County,Bucyrus,40.8061,-82.9731,40.848524,-82.924783,seat
39035,OH,Cuyahoga County,Cleveland,41.499166666667,-81.694722222222,41.555037,-81.604957,seat
39037,OH,Darke County,Greenville,40.1025,-84.6281,40.131467,-84.621191,seat
39039,OH,Defiance County,Defiance,41.2819,-84.3628,41.321679,-84.486433,seat
39041,OH,Delaware County,Delaware,40.298888888889,-83.071944444444,40.278941,-83.007462,seat
39043,OH,Erie County,Sandusky,41.4467,-82.7092,41.394143,-82.586835,seat
39045,OH,Fairfield County,Lancaster,39.719297,-82.605293,39.747694,-82.626685,seat
39047,OH,Fayette County,Washington Court House,39.5364,-83.4356,39.555246,-83.461893,seat
39049,OH,Franklin County,Columbus,39.962222222222,-83.000555555556,39.969875,-83.009086,seat
39051,OH,Fulton County,Wauseon,41.5522,-84.1392,41.597264,-84.124267,seat
39053,OH,Gallia County,Gallipolis,38.8153,-82.1975,38.817046,-82.301746,seat
39055,OH,Geauga County,Chardon,41.579166666667,-81.204444444444,41.499322,-81.173505,seat
39057,OH,Greene County,Xenia,39.6836,-83.9381,39.687479,-83.894894,seat
39059,OH,Guernsey County,Cambridge,40.025,-81.586666666667,40.056665,-81.497875,seat
39061,OH,Hamilton County,Cincinnati,39.1,-84.5125,39.196927,-84.544187,seat
39063,OH,Hancock County,Findlay,41.042777777778,-83.642222222222,41.000217,-83.665947,seat
39065,OH,Hardin County,Kenton,40.647222222222,-83.608055555556,40.660415,-83.664077,seat
39067,OH,Harrison County,Cadiz,40.27056,-80.99556,40.292318,-81.091565,seat
39069,OH,Henry County,Napoleon,41.391944444444,-84.126666666667,41.331584,-84.0689,seat
39071,OH,Highland County,Hillsboro,39.2058,-83.6139,39.184422,-83.601359,seat
39073,OH,Hocking County,Logan,39.5392,-82.4061,39.490342,-82.483447,seat
39075,OH,Holmes County,Millersburg,40.55472,-81.91778,40.565597,-81.930001,seat
39077,OH,Huron County,Norwalk,41.2431,-82.6114,41.14508,-82.594641,seat
39079,OH,Jackson County,Jackson,39.0508,-82.6397,39.013477,-82.614142,seat
39081,OH,Jefferson County,Steubenville,40.365277777778,-80.631111111111,40.399384,-80.763527,seat
39083,OH,Knox County,Mount Vernon,40.3928,-82.4811,40.40362,-82.422393,seat
39085,OH,Lake County,Painesville,41.722777777778,-81.249722222222,41.778142,-81.19733,seat
39087,OH,Lawrence County,Ironton,38.5308,-82.6783,38.603866,-82.517186,seat
39089,OH,Licking County,Newark,40.063014,-82.416779,40.091505,-82.483435,seat
39091,OH,Logan County,Bellefontaine,40.3608,-83.7581,40.387553,-83.766343,seat
39093,OH,Lorain County,Elyria,41.373333333333,-82.101666666667,41.438805,-82.179722,seat
39095,OH,Lucas County,Toledo,41.652777777778,-83.537777777778,41.682321,-83.468903,seat
39097,OH,Madison County,London,39.887466,-83.445041,39.89661,-83.400887,seat
39099,OH,Mahoning County,Youngstown,41.096388888889,-80.649166666667,41.01088,-80.770396,seat
39101,OH,Marion County,Marion,40.588611111111,-83.128888888889,40.588034,-83.168803,seat
39103,OH,Medina County,Medina,41.13583,-81.86389,41.116174,-81.899764,seat
39105,OH,Meigs County,Pomeroy,39.0281,-82.0319,39.089807,-82.028397,seat
39107,OH,Mercer County,Celina,40.551388888889,-84.57,40.535333,-84.632059,seat
39109,OH,Miami County,Troy,40.0417,-84.2086,40.053326,-84.228413,seat
39111,OH,Monroe County,Woodsfield,39.7636,-81.1147,39.726253,-81.090983,seat
39113,OH,Montgomery County,Dayton,39.766666666667,-84.2,39.753736,-84.290591,seat
39115,OH,Morgan County,McConnelsville,39.64889,-81.85194,39.624946,-81.861697,seat
39117,OH,Morrow County,Mount Gilead,40.5522,-82.8317,40.525266,-82.797729,seat
39119,OH,Muskingum County,Zanesville,39.9461,-82.0122,39.966046,-81.943506,seat
39121,OH,Noble County,Caldwell,39.7475,-81.516111111111,39.767232,-81.452493,seat
39123,OH,Ottawa County,Port Clinton,41.5097,-82.9403,41.545495,-83.012613,seat
39125,OH,Paulding County,Paulding,41.1417,-84.5814,41.118948,-84.582125,seat
39127,OH,Perry County,New Lexington,39.715833,-82.210556,39.743187,-82.237952,seat
39129,OH,Pickaway County,Circleville,39.6031,-82.9392,39.648947,-83.052827,seat
39131,OH,Pike County,Waverly,39.1261,-82.9831,39.071341,-83.052911,seat
39133,OH,Portage County,Ravenna,41.158611111111,-81.243333333333,41.16897,-81.196962,seat
39135,OH,Preble County,Eaton,39.7475,-84.6339,39.73881,-84.644758,seat
39137,OH,Putnam County,Ottawa,41.0208,-84.0414,41.024533,-84.129879,seat
39139,OH,Richland County,Mansfield,40.754856,-82.522855,40.774159,-82.542781,seat
39141,OH,Ross County,Chillicothe,39.336388888889,-82.983888888889,39.323895,-83.059538,seat
39143,OH,Sandusky County,Fremont,41.3489,-83.1172,41.355319,-83.142776,seat
39145,OH,Scioto County,Portsmouth,38.743055555556,-82.965555555556,38.814889,-82.998675,seat
39147,OH,Seneca County,Tiffin,41.1169,-83.1789,41.119992,-83.127547,seat
39149,OH,Shelby County,Sidney,40.289722222222,-84.161111111111,40.33668,-84.204142,seat
39151,OH,Stark County,Canton,40.8,-81.375,40.814131,-81.365667,seat
39153,OH,Summit County,Akron,41.073055555556,-81.517777777778,41.121847,-81.534928,seat
39155,OH,Trumbull County,Warren,41.238333333333,-80.814444444444,41.306374,-80.7704,seat
39157,OH,Tuscarawas County,New Philadelphia,40.4894,-81.4472,40.447439,-81.471166,seat
39159,OH,Union County,Marysville,40.233888888889,-83.366388888889,40.295901,-83.367042,seat
39161,OH,Van Wert County,Van Wert,40.867777777778,-84.583333333333,40.85552,-84.585775,seat
39163,OH,Vinton County,McArthur,39.24694,-82.47944,39.252042,-82.485961,seat
39165,OH,Warren County,Lebanon,39.426666666667,-84.2125,39.425663,-84.16994,seat
39167,OH,Washington County,Marietta,39.42056,-81.45028,39.450676,-81.490636,seat
39169,OH,Wayne County,Wooster,40.8092,-81.9372,40.829661,-81.887194,seat
39171,OH,Williams County,Bryan,41.472777777778,-84.551944444444,41.564959,-84.584324,seat
39173,OH,Wood County,Bowling Green,41.373888888889,-83.650833333333,41.360183,-83.622682,seat
39175,OH,Wyandot County,Upper Sandusky,40.8275,-83.281388888889,40.839782,-83.313681,seat
40001,OK,Adair County,Stilwell,35.815277777778,-94.631388888889,35.898043,-94.651026,seat
40003,OK,Alfalfa County,Cherokee,36.754166666667,-98.355277777778,36.729703,-98.323445,seat
40005,OK,Atoka County,Atoka,34.384166666667,-96.1275,34.392469,-96.036558,seat
40007,OK,Beaver County,Beaver,36.813611111111,-100.52416666667,36.748334,-100.483056,seat
40009,OK,Beckham County,Sayre,35.298888888889,-99.636666666667,35.270601,-99.690057,seat
40011,OK,Blaine County,Watonga,35.849166666667,-98.411666666667,35.877795,-98.429031,seat
40013,OK,Bryan County,Durant,33.999722222222,-96.384722222222,33.964004,-96.265135,seat
40015,OK,Caddo County,Anadarko,35.069166666667,-98.246111111111,35.16792,-98.381045,seat
40017,OK,Canadian County,El Reno,35.530277777778,-97.9575,35.543354,-97.979889,seat
40019,OK,Carter County,Ardmore,34.181111111111,-97.129444444444,34.251848,-97.287927,seat
40021,OK,Cherokee County,Tahlequah,35.912777777778,-94.971388888889,35.904367,-94.996796,seat
40023,OK,Choctaw County,Hugo,34.009444444444,-95.514722222222,34.027699,-95.554079,seat
40025,OK,Cimarron County,Boise City,36.73,-102.51138888889,36.74839,-102.517698,seat
40027,OK,Cleveland County,Norman,35.220833333333,-97.443611111111,35.206376,-97.323088,seat
40029,OK,Coal County,Coalgate,34.533611111111,-96.218611111111,34.582861,-96.288039,seat
40031,OK,Comanche County,Lawton,34.608694444444,-98.390333333333,34.66263,-98.476612,seat
40033,OK,Cotton County,Walters,34.359805555556,-98.307833333333,34.290676,-98.373438,seat
40035,OK,Craig County,Vinita,36.641111111111,-95.156666666667,36.76389,-95.201553,seat
40037,OK,Creek County,Sapulpa,36.003611111111,-96.104722222222,35.907398,-96.380177,seat
40039,OK,Custer County,Arapaho,35.577863888889,-98.959358333333,35.645601,-98.997386,seat
40041,OK,Delaware County,Jay,36.423888888889,-94.797777777778,36.393437,-94.808189,seat
40043,OK,Dewey County,Taloga,36.040388888889,-98.964341666667,35.97796,-99.014385,seat
40045,OK,Ellis County,Arnett,36.134444444444,-99.770833333333,36.224258,-99.750139,seat
40047,OK,Garfield County,Enid,36.39675,-97.879138888889,36.378132,-97.788741,seat
40049,OK,Garvin County,Pauls Valley,34.741388888889,-97.220555555556,34.70935,-97.312723,seat
40051,OK,Grady County,Chickasha,35.038333333333,-97.946111111111,35.021058,-97.88689,seat
40053,OK,Grant County,Medford,36.806388888889,-97.736944444444,36.788254,-97.788151,seat
40055,OK,Greer County,Mangum,34.878055555556,-99.505277777778,34.933853,-99.552968,seat
40057,OK,Harmon County,Hollis,34.686388888889,-99.916944444444,34.745971,-99.844194,seat
40059,OK,Harper County,Buffalo,36.836944444444,-99.628888888889,36.80035,-99.662805,seat
40061,OK,Haskell County,Stigler,35.25638889,-95.12416667,35.232431,-95.109642,seat
40063,OK,Hughes County,Holdenville,35.084166666667,-96.400277777778,35.052934,-96.251183,seat
40065,OK,Jackson County,Altus,34.643888888889,-99.326666666667,34.594006,-99.412235,seat
40067,OK,Jefferson County,Waurika,34.17,-98.001388888889,34.105082,-97.83889,seat
40069,OK,Johnston County,Tishomingo,34.235555555556,-96.6775,34.313455,-96.654254,seat
40071,OK,Kay County,Newkirk,36.883055555556,-97.055833333333,36.814885,-97.143862,seat
40073,OK,Kingfisher County,Kingfisher,35.856111111111,-97.934444444444,35.949436,-97.934557,seat
40075,OK,Kiowa County,Hobart,35.026388888889,-99.090833333333,34.921489,-98.981617,seat
40077,OK,Latimer County,Wilburton,34.918333333333,-95.310555555556,34.875137,-95.272262,seat
40079,OK,Le Flore County,Poteau,35.058611111111,-94.63,34.897356,-94.695074,seat
40081,OK,Lincoln County,Chandler,35.709166666667,-96.889722222222,35.703117,-96.881392,seat
40083,OK,Logan County,Guthrie,35.856388888889,-97.435833333333,35.914277,-97.450952,seat
40085,OK,Love County,Marietta,33.93528,-97.11972,33.957804,-97.245093,seat
40087,OK,McClain County,Purcell,35.0175,-97.369444444444,35.016436,-97.449803,seat
40089,OK,McCurtain County,Idabel,33.896388888889,-94.829166666667,34.117073,-94.766086,seat
40091,OK,McIntosh County,Eufaula,35.291944444444,-95.586666666667,35.369108,-95.671787,seat
40093,OK,Major County,Fairview,36.270611111111,-98.477016666667,36.313119,-98.542015,seat
40095,OK,Marshall County,Madill,34.091388888889,-96.773611111111,34.027007,-96.770533,seat
40097,OK,Mayes County,Pryor Creek,36.299722222222,-95.313888888889,36.303804,-95.235638,seat
40099,OK,Murray County,Sulphur,34.509166666667,-96.975277777778,34.485766,-97.071557,seat
40101,OK,Muskogee County,Muskogee,35.7466,-95.368,35.617551,-95.383911,seat
40103,OK,Noble County,Perry,36.2895,-97.288111111111,36.384901,-97.236335,seat
40105,OK,Nowata County,Nowata,36.695277777778,-95.6375,36.789615,-95.613312,seat
40107,OK,Okfuskee County,Okemah,35.431111111111,-96.305555555556,35.466804,-96.327762,seat
40109,OK,Oklahoma County,Oklahoma City,35.482222222222,-97.535277777778,35.554611,-97.409401,seat
40111,OK,Okmulgee County,Okmulgee,35.623472222222,-95.960333333333,35.6435,-95.965947,seat
40113,OK,Osage County,Pawhuska,36.669166666667,-96.333055555556,36.624299,-96.408112,seat
40115,OK,Ottawa County,Miami,36.883611111111,-94.876111111111,36.835764,-94.802681,seat
40117,OK,Pawnee County,Pawnee,36.336388888889,-96.801388888889,36.313704,-96.696669,seat
40119,OK,Payne County,Stillwater,36.113444444444,-97.058638888889,36.079225,-96.975255,seat
40121,OK,Pittsburg County,McAlester,34.933055555556,-95.766388888889,34.92554,-95.74813,seat
40123,OK,Pontotoc County,Ada,34.763611111111,-96.668333333333,34.721421,-96.691804,seat
40125,OK,Pottawatomie County,Shawnee,35.3425,-96.933888888889,35.211391,-96.957004,seat
40127,OK,Pushmataha County,Antlers,34.231111111111,-95.620833333333,34.377899,-95.408082,seat
40129,OK,Roger Mills County,Cheyenne,35.6125,-99.673888888889,35.708554,-99.741572,seat
40131,OK,Rogers County,Claremore,36.315277777778,-95.612777777778,36.377794,-95.601383,seat
40133,OK,Seminole County,Wewoka,35.149444444444,-96.494444444444,35.158366,-96.602857,seat
40135,OK,Sequoyah County,Sallisaw,35.458055555556,-94.794444444444,35.502435,-94.750757,seat
40137,OK,Stephens County,Duncan,34.516666666667,-97.949444444444,34.481361,-97.855607,seat
40139,OK,Texas County,Guymon,36.685277777778,-101.47944444444,36.746317,-101.483855,seat
40141,OK,Tillman County,Frederick,34.390277777778,-99.016111111111,34.371085,-98.931701,seat
40143,OK,Tulsa County,Tulsa,36.131388888889,-95.937222222222,36.120318,-95.941813,seat
40145,OK,Wagoner County,Wagoner,35.955555555556,-95.378055555556,35.963388,-95.514201,seat
40147,OK,Washington County,Bartlesville,36.747222222222,-95.959444444444,36.704403,-95.906253,seat
40149,OK,Washita County,New Cordell,35.297236111111,-98.981586111111,35.290068,-98.992195,seat
40151,OK,Woods County,Alva,36.805833333333,-98.667777777778,36.726984,-98.863649,seat
40153,OK,Woodward County,Woodward,36.433055555556,-99.397777777778,36.425619,-99.273661,seat
41001,OR,Baker County,Baker City,44.775,-117.83444444444,44.703427,-117.691933,seat
41003,OR,Benton County,Corvallis,44.570780555556,-123.27599722222,44.493882,-123.424664,seat
41005,OR,Clackamas County,Oregon City,45.356944444444,-122.60666666667,45.160493,-122.195127,seat
41007,OR,Clatsop County,Astoria,46.183333333333,-123.83472222222,46.024509,-123.705037,seat
41009,OR,Columbia County,St. Helens,45.859444444444,-122.81694444444,45.941932,-123.081079,seat
41011,OR,Coos County,Coquille,43.179444444444,-124.1875,43.18591,-124.094133,seat
41013,OR,Crook County,Prineville,44.303888888889,-120.84611111111,44.163054,-120.371585,seat
41015,OR,Curry County,Gold Beach,42.402222222222,-124.41527777778,42.466439,-124.210929,seat
41017,OR,Deschutes County,Bend,44.056388888889,-121.30805555556,43.915118,-121.225575,seat
41019,OR,Douglas County,Roseburg,43.218055555556,-123.35611111111,43.286328,-123.154476,seat
41021,OR,Gilliam County,Condon,45.235555555556,-120.185,45.382955,-120.276246,seat
41023,OR,Grant County,Canyon City,44.390833333333,-118.94888888889,44.496326,-119.014057,seat
41025,OR,Harney County,Burns,43.5862607,-119.0541032,43.064449,-118.987169,seat
41027,OR,Hood River County,Hood River,45.706666666667,-121.52166666667,45.511775,-121.655976,seat
41029,OR,Jackson County,Medford,42.33194,-122.86167,42.411621,-122.675611,seat
41031,OR,Jefferson County,Madras,44.630555555556,-121.12916666667,44.645151,-121.178632,seat
41033,OR,Josephine County,Grants Pass,42.438888888889,-123.32833333333,42.386983,-123.57162,seat
41035,OR,Klamath County,Klamath Falls,42.223333333333,-121.7775,42.683761,-121.646168,seat
41037,OR,Lake County,Lakeview,42.188888888889,-120.34583333333,42.788401,-120.38979,seat
41039,OR,Lane County,Eugene,44.052222222222,-123.0925,43.928334,-122.897581,seat
41041,OR,Lincoln County,Newport,44.636666666667,-124.05333333333,44.641061,-123.911212,seat
41043,OR,Linn County,Albany,44.630277777778,-123.09611111111,44.488898,-122.537208,seat
41045,OR,Malheur County,Vale,43.982222222222,-117.24361111111,43.188625,-117.603191,seat
41047,OR,Marion County,Salem,44.94,-123.03888888889,44.900898,-122.57626,seat
41049,OR,Morrow County,Heppner,45.356111111111,-119.55277777778,45.425496,-119.602311,seat
41051,OR,Multnomah County,Portland,45.515,-122.67916666667,45.547711,-122.417363,seat
41053,OR,Polk County,Dallas,44.921111111111,-123.31638888889,44.900372,-123.39864,seat
41055,OR,Sherman County,Moro,45.485,-120.73222222222,45.399216,-120.678512,seat
41057,OR,Tillamook County,Tillamook,45.455277777778,-123.8425,45.45589,-123.759299,seat
41059,OR,Umatilla County,Pendleton,45.669722222222,-118.79138888889,45.5912,-118.73388,seat
41061,OR,Union County,La Grande,45.327222222222,-118.09333333333,45.304081,-117.999149,seat
41063,OR,Wallowa County,Enterprise,45.424166666667,-117.27694444444,45.593753,-117.18558,seat
41065,OR,Wasco County,The Dalles,45.601111111111,-121.18277777778,45.164536,-121.165069,seat
41067,OR,Washington County,Hillsboro,45.522777777778,-122.98972222222,45.553542,-123.097615,seat
41069,OR,Wheeler County,Fossil,44.998055555556,-120.21611111111,44.736415,-120.026861,seat
41071,OR,Yamhill County,McMinnville,45.211666666667,-123.19722222222,45.247827,-123.316399,seat
42001,PA,Adams County,Gettysburg,39.8283,-77.2322,39.869471,-77.21773,seat
42003,PA,Allegheny County,Pittsburgh,40.441666666667,-80.0,40.469757,-79.980451,seat
42005,PA,Armstrong County,Kittanning,40.82,-79.5214,40.81238,-79.464129,seat
42007,PA,Beaver County,Beaver,40.6947,-80.3075,40.68414,-80.350721,seat
42009,PA,Bedford County,Bedford,40.0164,-78.5042,39.998634,-78.494747,seat
42011,PA,Berks County,Reading,40.341666666667,-75.926111111111,40.413957,-75.92686,seat
42013,PA,Blair County,Hollidaysburg,40.42729,-78.3889,40.498683,-78.309597,seat
42015,PA,Bradford County,Towanda,41.7703,-76.4467,41.791504,-76.502123,seat
42017,PA,Bucks County,Doylestown,40.3128,-75.1289,40.336887,-75.10706,seat
42019,PA,Butler County,Butler,40.861111111111,-79.895277777778,40.913847,-79.918978,seat
42021,PA,Cambria County,Ebensburg,40.4864,-78.7256,40.510209,-78.710488,seat
42023,PA,Cameron County,Emporium,41.5114,-78.2364,41.438291,-78.198323,seat
42025,PA,Carbon County,Jim Thorpe,40.8731,-75.7364,40.918367,-75.705039,seat
42027,PA,Centre County,Bellefonte,40.914722222222,-77.774722222222,40.909322,-77.847667,seat
42029,PA,Chester County,West Chester,39.9586,-75.605,39.974029,-75.749751,seat
42031,PA,Clarion County,Clarion,41.2117,-79.3839,41.198159,-79.420369,seat
42033,PA,Clearfield County,Clearfield,41.0225,-78.4403,41.006862,-78.477724,seat
42035,PA,Clinton County,Lock Haven,41.137777777778,-77.450833333333,41.239508,-77.629009,seat
42037,PA,Columbia County,Bloomsburg,41.0025,-76.458055555556,41.045517,-76.40426,seat
42039,PA,Crawford County,Meadville,41.64194,-80.14722,41.687876,-80.107795,seat
42041,PA,Cumberland County,Carlisle,40.2025,-77.195,40.164805,-77.263442,seat
42043,PA,Dauphin County,Harrisburg,40.264554871391,-76.883381676723,40.412565,-76.792634,seat
42045,PA,Delaware County,Media,39.918888888889,-75.389166666667,39.916685,-75.398818,seat
42047,PA,Elk County,Ridgway,41.4203391,-78.7286388,41.427332,-78.653937,seat
42049,PA,Erie County,Erie,42.129561111111,-80.085213888889,42.117952,-80.096386,seat
42051,PA,Fayette County,Uniontown,39.9,-79.724444444444,39.918907,-79.640119,seat
42053,PA,Forest County,Tionesta,41.495,-79.4558,41.513304,-79.249705,seat
42055,PA,Franklin County,Chambersburg,39.93472,-77.65611,39.926772,-77.724521,seat
42057,PA,Fulton County,McConnellsburg,39.9325,-77.99583,39.91075,-78.122617,seat
42059,PA,Greene County,Waynesburg,39.8975,-80.1856,39.847707,-80.225655,seat
42061,PA,Huntingdon County,Huntingdon,40.4953,-78.0131,40.422311,-77.968595,seat
42063,PA,Indiana County,Indiana,40.6211,-79.155,40.651432,-79.087545,seat
42065,PA,Jefferson County,Brookville,41.1597,-79.0803,41.138028,-79.012419,seat
42067,PA,Juniata County,Mifflintown,40.57056,-77.39528,40.530673,-77.400438,seat
42069,PA,Lackawanna County,Scranton,41.408969,-75.6624122,41.436636,-75.608768,seat
42071,PA,Lancaster County,Lancaster,40.039722222222,-76.304444444444,40.041992,-76.250198,seat
42073,PA,Lawrence County,New Castle,40.9972,-80.3444,40.992735,-80.334446,seat
42075,PA,Lebanon County,Lebanon,40.3417,-76.4208,40.371448,-76.464819,seat
42077,PA,Lehigh County,Allentown,40.6,-75.483333333333,40.614241,-75.590627,seat
42079,PA,Luzerne County,Wilkes-Barre,41.244444444444,-75.878055555556,41.173078,-75.976053,seat
42081,PA,Lycoming County,Williamsport,41.2444,-77.0186,41.343882,-77.055262,seat
42083,PA,McKean County,Smethport,41.8167,-78.45,41.81459,-78.572463,seat
42085,PA,Mercer County,Mercer,41.226388888889,-80.2375,41.300014,-80.252786,seat
42087,PA,Mifflin County,Lewistown,40.5975,-77.573333333333,40.601615,-77.651832,seat
42089,PA,Monroe County,Stroudsburg,40.9858,-75.1953,41.05624,-75.329065,seat
42091,PA,Montgomery County,Norristown,40.12,-75.3417,40.209999,-75.370201,seat
42093,PA,Montour County,Danville,40.9617,-76.6119,41.029284,-76.665225,seat
42095,PA,Northampton County,Easton,40.688333333333,-75.216388888889,40.752791,-75.307447,seat
42097,PA,Northumberland County,Sunbury,40.8639,-76.7892,40.851524,-76.709877,seat
42099,PA,Perry County,Bloomfield,40.4183,-77.1883,40.39778,-77.266328,seat
42101,PA,Philadelphia County,Philadelphia,39.952777777778,-75.163611111111,40.009376,-75.133346,seat
42103,PA,Pike County,Milford,41.324166666667,-74.802777777778,41.325949,-75.031514,seat
42105,PA,Potter County,Coudersport,41.7739,-78.0186,41.748587,-77.894436,seat
42107,PA,Schuylkill County,Pottsville,40.685,-76.2028,40.703682,-76.217788,seat
42109,PA,Snyder County,Middleburg,40.788055555556,-77.043333333333,40.755412,-77.07302,seat
42111,PA,Somerset County,Somerset,40.0069,-79.0814,39.981297,-79.028486,seat
42113,PA,Sullivan County,Laporte,41.423333333333,-76.490833333333,41.439285,-76.511717,seat
42115,PA,Susquehanna County,Montrose,41.8331,-75.8772,41.819665,-75.800969,seat
42117,PA,Tioga County,Wellsboro,41.746666666667,-77.301666666667,41.766858,-77.257288,seat
42119,PA,Union County,Lewisburg,40.9639,-76.8881,40.962179,-77.055475,seat
42121,PA,Venango County,Franklin,41.3978,-79.8314,41.400714,-79.765813,seat
42123,PA,Warren County,Warren,41.8442,-79.1425,41.834298,-79.298182,seat
42125,PA,Washington County,Washington,40.175,-80.2506,40.200005,-80.252132,seat
42127,PA,Wayne County,Honesdale,41.5742,-75.2558,41.646602,-75.292493,seat
42129,PA,Westmoreland County,Greensburg,40.297777777778,-79.542222222222,40.311068,-79.466688,seat
42131,PA,Wyoming County,Tunkhannock,41.5408,-75.9478,41.525167,-76.008682,seat
42133,PA,York County,York,39.9628,-76.7281,39.921751,-76.728889,seat
44001,RI,Bristol County,Bristol,41.684166666667,-71.268611111111,41.70684,-71.286687,seat
44003,RI,Kent County,East Greenwich,41.65,-71.483333333333,41.675118,-71.580282,seat
44005,RI,Newport County,Newport,41.491666666667,-71.311944444444,41.501045,-71.283063,seat
44007,RI,Providence County,Providence,41.82399,-71.41283,41.869768,-71.578625,seat
44009,RI,Washington County,South Kingstown,41.4475,-71.527222222222,41.396792,-71.620282,seat
45001,SC,Abbeville County,Abbeville,34.178611111111,-82.379166666667,34.229041,-82.454058,seat
45003,SC,Aiken County,Aiken,33.549444444444,-81.720555555556,33.550013,-81.632983,seat
45005,SC,Allendale County,Allendale,33.008888888889,-81.308611111111,32.979757,-81.363265,seat
45007,SC,Anderson County,Anderson,34.503333333333,-82.650277777778,34.521235,-82.638603,seat
45009,SC,Bamberg County,Bamberg,33.298333333333,-81.031944444444,33.203021,-81.053161,seat
45011,SC,Barnwell County,Barnwell,33.244444444444,-81.363333333333,33.260552,-81.434228,seat
45013,SC,Beaufort County,Beaufort,32.431944444444,-80.689444444444,32.358112,-80.689422,seat
45015,SC,Berkeley County,Moncks Corner,33.19632,-80.01429,33.2077,-79.953655,seat
45017,SC,Calhoun County,St. Matthews,33.664722222222,-80.778888888889,33.67478,-80.780347,seat
45019,SC,Charleston County,Charleston,32.783333333333,-79.931944444444,32.800458,-79.94248,seat
45021,SC,Cherokee County,Gaffney,35.071944444444,-81.653055555556,35.049796,-81.607647,seat
45023,SC,Chester County,Chester,34.705555555556,-81.211666666667,34.689342,-81.161249,seat
45025,SC,Chesterfield County,Chesterfield,34.733611111111,-80.088888888889,34.637018,-80.159227,seat
45027,SC,Clarendon County,Manning,33.693997222222,-80.215408333333,33.664682,-80.217889,seat
45029,SC,Colleton County,Walterboro,32.904166666667,-80.666111111111,32.849386,-80.656402,seat
45031,SC,Darlington County,Darlington,34.301388888889,-79.868611111111,34.332185,-79.962115,seat
45033,SC,Dillon County,Dillon,34.417777777778,-79.368055555556,34.390209,-79.375294,seat
45035,SC,Dorchester County,St. George,33.186,-80.57565,33.082186,-80.404697,seat
45037,SC,Edgefield County,Edgefield,33.783333333333,-81.933333333333,33.779453,-81.959637,seat
45039,SC,Fairfield County,Winnsboro,34.377069,-81.087959,34.395669,-81.127001,seat
45041,SC,Florence County,Florence,34.183888888889,-79.774166666667,34.028535,-79.710233,seat
45043,SC,Georgetown County,Georgetown,33.3675,-79.293888888889,33.417531,-79.296333,seat
45045,SC,Greenville County,Greenville,34.844444444444,-82.385555555556,34.892645,-82.372077,seat
45047,SC,Greenwood County,Greenwood,34.189722222222,-82.154722222222,34.155796,-82.127876,seat
45049,SC,Hampton County,Hampton,32.8675,-81.111666666667,32.778334,-81.143822,seat
45051,SC,Horry County,Conway,33.838055555556,-79.056111111111,33.909269,-78.976675,seat
45053,SC,Jasper County,Ridgeland,32.48074,-80.98039,32.43059,-81.021627,seat
45055,SC,Kershaw County,Camden,34.259166666667,-80.609166666667,34.338356,-80.590885,seat
45057,SC,Lancaster County,Lancaster,34.721111111111,-80.773333333333,34.686818,-80.703688,seat
45059,SC,Laurens County,Laurens,34.500833333333,-82.018333333333,34.483676,-82.005498,seat
45061,SC,Lee County,Bishopville,34.218888888889,-80.248888888889,34.15864,-80.251209,seat
45063,SC,Lexington County,Lexington,33.981111111111,-81.230833333333,33.892373,-81.272903,seat
45065,SC,McCormick County,McCormick,33.913611111111,-82.289166666667,33.897599,-82.316196,seat
45067,SC,Marion County,Marion,34.18,-79.397222222222,34.08362,-79.354001,seat
45069,SC,Marlboro County,Bennettsville,34.621,-79.684,34.60167,-79.679435,seat
45071,SC,Newberry County,Newberry,34.277655,-81.61656,34.289881,-81.599676,seat
45073,SC,Oconee County,Walhalla,34.767222222222,-83.064444444444,34.748766,-83.06154,seat
45075,SC,Orangeburg County,Orangeburg,33.491944444444,-80.855277777778,33.436135,-80.802913,seat
45077,SC,Pickens County,Pickens,34.881666666667,-82.7075,34.885368,-82.723377,seat
45079,SC,Richland County,Columbia,34.000555555556,-81.044166666667,34.029095,-80.898037,seat
45081,SC,Saluda County,Saluda,34.003055555556,-81.771666666667,34.005278,-81.727903,seat
45083,SC,Spartanburg County,Spartanburg,34.948055555556,-81.934722222222,34.932014,-81.991624,seat
45085,SC,Sumter County,Sumter,33.920555555556,-80.344722222222,33.91614,-80.382376,seat
45087,SC,Union County,Union,34.717222222222,-81.625,34.690397,-81.615896,seat
45089,SC,Williamsburg County,Kingstree,33.671111111111,-79.828611111111,33.626462,-79.716474,seat
45091,SC,York County,York,34.994722222222,-81.239444444444,34.970188,-81.183187,seat
46003,SD,Aurora County,Plankinton,43.714722222222,-98.483055555556,43.724719,-98.577587,seat
46005,SD,Beadle County,Huron,44.359166666667,-98.218055555556,44.418265,-98.279422,seat
46007,SD,Bennett County,Martin,43.175,-101.73416666667,43.186912,-101.677181,seat
46009,SD,Bon Homme County,Tyndall,42.991666666667,-97.863611111111,42.985799,-97.884199,seat
46011,SD,Brookings County,Brookings,44.306388888889,-96.788055555556,44.376675,-96.797797,seat
46013,SD,Brown County,Aberdeen,45.464722222222,-98.486388888889,45.589254,-98.352175,seat
46015,SD,Brule County,Chamberlain,43.805555555556,-99.328333333333,43.729873,-99.092909,seat
46017,SD,Buffalo County,Gann Valley,44.033333333333,-98.9875,44.044306,-99.203998,seat
46019,SD,Butte County,Belle Fourche,44.6675,-103.85027777778,44.896226,-103.501436,seat
46021,SD,Campbell County,Mound City,45.725833333333,-100.06944444444,45.785575,-100.002107,seat
46023,SD,Charles Mix County,Lake Andes,43.156944444444,-98.538055555556,43.206185,-98.595143,seat
46025,SD,Clark County,Clark,44.879444444444,-97.734166666667,44.855211,-97.724912,seat
46027,SD,Clay County,Vermillion,42.781111111111,-96.926944444444,42.91615,-96.980468,seat
46029,SD,Codington County,Watertown,44.903333333333,-97.120555555556,44.966285,-97.198837,seat
46031,SD,Corson County,McIntosh,45.921666666667,-101.35027777778,45.685671,-101.179665,seat
46033,SD,Custer County,Custer,43.768333333333,-103.5975,43.684943,-103.46225,seat
46035,SD,Davison County,Mitchell,43.713888888889,-98.026388888889,43.680439,-98.155868,seat
46037,SD,Day County,Webster,45.333611111111,-97.519444444444,45.355161,-97.58143,seat
46039,SD,Deuel County,Clear Lake,44.755277777778,-96.685,44.75629,-96.690239,seat
46041,SD,Dewey County,Timber Lake,45.428611111111,-101.07472222222,45.148049,-100.837953,seat
46043,SD,Douglas County,Armour,43.319444444444,-98.347222222222,43.391506,-98.358433,seat
46045,SD,Edmunds County,Ipswich,45.445,-99.030277777778,45.41168,-99.205362,seat
46047,SD,Fall River County,Hot Springs,43.431666666667,-103.47416666667,43.221619,-103.512609,seat
46049,SD,Faulk County,Faulkton,45.033333333333,-99.128055555556,45.065476,-99.153564,seat
46051,SD,Grant County,Milbank,45.218611111111,-96.633611111111,45.172637,-96.772261,seat
46053,SD,Gregory County,Burke,43.183055555556,-99.291111111111,43.175142,-99.206591,seat
46055,SD,Haakon County,Philip,44.04,-101.66611111111,44.288097,-101.540856,seat
46057,SD,Hamlin County,Hayti,44.6575,-97.204444444444,44.680619,-97.178598,seat
46059,SD,Hand County,Miller,44.52,-98.986388888889,44.546713,-99.004575,seat
46061,SD,Hanson County,Alexandria,43.654722222222,-97.781388888889,43.680612,-97.796845,seat
46063,SD,Harding County,Buffalo,45.584722222222,-103.545,45.596611,-103.473871,seat
46065,SD,Hughes County,Pierre,44.368361111111,-100.35113888889,44.384452,-99.975684,seat
46067,SD,Hutchinson County,Olivet,43.241666666667,-97.675,43.33671,-97.749383,seat
46069,SD,Hyde County,Highmore,44.518611111111,-99.441111111111,44.537174,-99.472736,seat
46071,SD,Jackson County,Kadoka,43.835277777778,-101.51222222222,43.677506,-101.626323,seat
46073,SD,Jerauld County,Wessington Springs,44.081944444444,-98.570277777778,44.06341,-98.62317,seat
46075,SD,Jones County,Murdo,43.888055555556,-100.71111111111,43.951991,-100.686138,seat
46077,SD,Kingsbury County,De Smet,44.385833333333,-97.551666666667,44.362969,-97.499313,seat
46079,SD,Lake County,Madison,44.007777777778,-97.114722222222,44.02845,-97.123223,seat
46081,SD,Lawrence County,Deadwood,44.376666666667,-103.72916666667,44.348514,-103.806362,seat
46083,SD,Lincoln County,Canton,43.302222222222,-96.590833333333,43.27942,-96.722286,seat
46085,SD,Lyman County,Kennebec,43.904166666667,-99.862777777778,43.894812,-99.841925,seat
46087,SD,McCook County,Salem,43.726111111111,-97.386666666667,43.680416,-97.358048,seat
46089,SD,McPherson County,Leola,45.721111111111,-98.938611111111,45.784249,-99.211421,seat
46091,SD,Marshall County,Britton,45.792777777778,-97.752777777778,45.737044,-97.58087,seat
46093,SD,Meade County,Sturgis,44.410277777778,-103.51861111111,44.605282,-102.714169,seat
46095,SD,Mellette County,White River,43.569444444444,-100.74611111111,43.581334,-100.75521,seat
46097,SD,Miner County,Howard,44.010555555556,-97.526388888889,44.021541,-97.608122,seat
46099,SD,Minnehaha County,Sioux Falls,43.546055555556,-96.731388888889,43.667472,-96.795726,seat
46101,SD,Moody County,Flandreau,44.047777777778,-96.596388888889,44.012429,-96.676054,seat
46102,SD,Oglala Lakota County,Hot Springs,43.431666666667,-103.47416666667,43.333393,-102.561486,seat
46103,SD,Pennington County,Rapid City,44.081055555556,-103.22866666667,44.002349,-102.823801,seat
46105,SD,Perkins County,Bison,45.523888888889,-102.46472222222,45.483387,-102.467995,seat
46107,SD,Potter County,Gettysburg,45.011944444444,-99.955277777778,45.052713,-99.962003,seat
46109,SD,Roberts County,Sisseton,45.663333333333,-97.049166666667,45.623397,-96.947551,seat
46111,SD,Sanborn County,Woonsocket,44.052777777778,-98.273611111111,44.018942,-98.091709,seat
46115,SD,Spink County,Redfield,44.875277777778,-98.517777777778,44.923772,-98.339615,seat
46117,SD,Stanley County,Fort Pierre,44.358888888889,-100.37583333333,44.413984,-100.747822,seat
46119,SD,Sully County,Onida,44.705833333333,-100.06694444444,44.722325,-100.131399,seat
46121,SD,Todd County,Winner,43.373888888889,-99.857777777778,43.208794,-100.707664,seat
46123,SD,Tripp County,Winner,43.373888888889,-99.857777777778,43.349729,-99.876219,seat
46125,SD,Turner County,Parker,43.397222222222,-97.137222222222,43.30867,-97.150185,seat
46127,SD,Union County,Elk Point,42.685555555556,-96.681666666667,42.831106,-96.650829,seat
46129,SD,Walworth County,Selby,45.505555555556,-100.03138888889,45.427605,-100.027856,seat
46135,SD,Yankton County,Yankton,42.871305555556,-97.396694444444,43.006603,-97.388361,seat
46137,SD,Ziebach County,Dupree,45.05,-101.60111111111,44.989764,-101.660827,seat
47001,TN,Anderson County,Clinton,36.104772,-84.128487,36.116731,-84.195418,seat
47003,TN,Bedford County,Shelbyville,35.4889,-86.4522,35.51366,-86.458294,seat
47005,TN,Benton County,Camden,36.046344,-88.085944,36.070948,-88.071232,seat
47007,TN,Bledsoe County,Pikeville,35.6075,-85.191388888889,35.593561,-85.20591,seat
47009,TN,Blount County,Maryville,35.74972,-83.97556,35.688185,-83.922973,seat
47011,TN,Bradley County,Cleveland,35.1714,-84.8711,35.153914,-84.859414,seat
47013,TN,Campbell County,Jacksboro,36.331388888889,-84.188888888889,36.401592,-84.159249,seat
47015,TN,Cannon County,Woodbury,35.823611111111,-86.070277777778,35.808394,-86.062404,seat
47017,TN,Carroll County,Huntingdon,36.0072,-88.4206,35.965748,-88.452379,seat
47019,TN,Carter County,Elizabethton,36.336388888889,-82.239166666667,36.284744,-82.126593,seat
47021,TN,Cheatham County,Ashland City,36.267954,-87.054877,36.255169,-87.100808,seat
47023,TN,Chester County,Henderson,35.443055555556,-88.644444444444,35.420253,-88.611353,seat
47025,TN,Claiborne County,Tazewell,36.454444444444,-83.571111111111,36.501572,-83.660698,seat
47027,TN,Clay County,Celina,36.548379,-85.50198,36.545749,-85.545717,seat
47029,TN,Cocke County,Newport,35.963333333333,-83.196666666667,35.916198,-83.119224,seat
47031,TN,Coffee County,Manchester,35.473333333333,-86.085555555556,35.488765,-86.078202,seat
47033,TN,Crockett County,Alamo,35.784166666667,-89.115833333333,35.818795,-89.132494,seat
47035,TN,Cumberland County,Crossville,35.954166666667,-85.031388888889,35.952398,-84.994761,seat
47037,TN,Davidson County,Nashville,36.162222222222,-86.774444444444,36.169129,-86.78479,seat
47039,TN,Decatur County,Decaturville,35.583055555556,-88.121944444444,35.603136,-88.110292,seat
47041,TN,DeKalb County,Smithville,35.957222222222,-85.820833333333,35.982219,-85.833596,seat
47043,TN,Dickson County,Charlotte,36.178784,-87.344304,36.145533,-87.364155,seat
47045,TN,Dyer County,Dyersburg,36.039444444444,-89.382777777778,36.054196,-89.398306,seat
47047,TN,Fayette County,Somerville,35.2437,-89.35007,35.196993,-89.413803,seat
47049,TN,Fentress County,Jamestown,36.429166666667,-84.9325,36.369892,-84.937764,seat
47051,TN,Franklin County,Winchester,35.188333333333,-86.1125,35.155926,-86.099203,seat
47053,TN,Gibson County,Trenton,35.973611111111,-88.941666666667,35.991632,-88.933812,seat
47055,TN,Giles County,Pulaski,35.195833333333,-87.034444444444,35.202723,-87.035319,seat
47057,TN,Grainger County,Rutledge,36.28,-83.518055555556,36.277509,-83.509546,seat
47059,TN,Greene County,Greeneville,36.168611111111,-82.813333333333,36.179487,-82.847523,seat
47061,TN,Grundy County,Altamont,35.433954,-85.732428,35.393352,-85.710374,seat
47063,TN,Hamblen County,Morristown,36.2106,-83.2961,36.218397,-83.266071,seat
47065,TN,Hamilton County,Chattanooga,35.045555555556,-85.267222222222,35.163472,-85.201843,seat
47067,TN,Hancock County,Sneedville,36.531944444444,-83.214166666667,36.521353,-83.227493,seat
47069,TN,Hardeman County,Bolivar,35.2633,-89.0055,35.218785,-88.988697,seat
47071,TN,Hardin County,Savannah,35.223611111111,-88.236944444444,35.201893,-88.185696,seat
47073,TN,Hawkins County,Rogersville,36.416666666667,-83.0,36.452089,-82.931485,seat
47075,TN,Haywood County,Brownsville,35.590558,-89.260902,35.586678,-89.282691,seat
47077,TN,Henderson County,Lexington,35.657222222222,-88.3925,35.653994,-88.387674,seat
47079,TN,Henry County,Paris,36.301111111111,-88.313888888889,36.325295,-88.300288,seat
47081,TN,Hickman County,Centerville,35.77896,-87.46696,35.802327,-87.467116,seat
47083,TN,Houston County,Erin,36.316944444444,-87.698055555556,36.285782,-87.705598,seat
47085,TN,Humphreys County,Waverly,36.083172661659,-87.793935476799,36.040822,-87.790453,seat
47087,TN,Jackson County,Gainesboro,36.359722222222,-85.654722222222,36.35425,-85.674128,seat
47089,TN,Jefferson County,Dandridge,36.01537,-83.41489,36.048452,-83.441216,seat
47091,TN,Johnson County,Mountain City,36.468333333333,-81.803888888889,36.453203,-81.861247,seat
47093,TN,Knox County,Knoxville,35.961666666667,-83.923333333333,35.992726,-83.937721,seat
47095,TN,Lake County,Tiptonville,36.3775,-89.476111111111,36.333905,-89.485536,seat
47097,TN,Lauderdale County,Ripley,35.743055555556,-89.533888888889,35.762951,-89.627732,seat
47099,TN,Lawrence County,Lawrenceburg,35.243611111111,-87.334444444444,35.220476,-87.396546,seat
47101,TN,Lewis County,Hohenwald,35.547222222222,-87.551388888889,35.523244,-87.496983,seat
47103,TN,Lincoln County,Fayetteville,35.152777777778,-86.571388888889,35.142784,-86.593403,seat
47105,TN,Loudon County,Loudon,35.733888888889,-84.349444444444,35.735085,-84.314085,seat
47107,TN,McMinn County,Athens,35.448171,-84.602069,35.424472,-84.619949,seat
47109,TN,McNairy County,Selmer,35.172222222222,-88.593055555556,35.175375,-88.56374,seat
47111,TN,Macon County,Lafayette,36.525555555556,-86.026111111111,36.537757,-86.00096,seat
47113,TN,Madison County,Jackson,35.614444444444,-88.81775,35.606056,-88.833424,seat
47115,TN,Marion County,Jasper,35.075,-85.628055555556,35.133422,-85.618399,seat
47117,TN,Marshall County,Lewisburg,35.449166666667,-86.793055555556,35.468329,-86.765868,seat
47119,TN,Maury County,Columbia,35.615022,-87.044464,35.615696,-87.077763,seat
47121,TN,Meigs County,Decatur,35.518888888889,-84.793333333333,35.512203,-84.816102,seat
47123,TN,Monroe County,Madisonville,35.520555555556,-84.362777777778,35.447818,-84.249705,seat
47125,TN,Montgomery County,Clarksville,36.5297222,-87.3594444,36.500354,-87.380887,seat
47127,TN,Moore County,Lynchburg,35.284166666667,-86.3575,35.288888,-86.358684,seat
47129,TN,Morgan County,Wartburg,36.104166666667,-84.591944444444,36.138697,-84.639262,seat
47131,TN,Obion County,Union City,36.424444444444,-89.050833333333,36.361892,-89.148078,seat
47133,TN,Overton County,Livingston,36.386944444444,-85.325555555556,36.34485,-85.283076,seat
47135,TN,Perry County,Linden,35.612222222222,-87.841666666667,35.663752,-87.869326,seat
47137,TN,Pickett County,Byrdstown,36.572585,-85.137088,36.559364,-85.075741,seat
47139,TN,Polk County,Benton,35.173185,-84.65,35.109437,-84.541112,seat
47141,TN,Putnam County,Cookeville,36.164202,-85.504295,36.14094,-85.49618,seat
47143,TN,Rhea County,Dayton,35.5,-85.016666666667,35.60059,-84.949548,seat
47145,TN,Roane County,Kingston,35.872222222222,-84.525,35.84725,-84.523929,seat
47147,TN,Robertson County,Springfield,36.4994,-86.8786,36.524385,-86.872594,seat
47149,TN,Rutherford County,Murfreesboro,35.846111111111,-86.391944444444,35.843369,-86.417213,seat
47151,TN,Scott County,Huntsville,36.4108,-84.495,36.430592,-84.504091,seat
47153,TN,Sequatchie County,Dunlap,35.377222222222,-85.388333333333,35.372336,-85.410082,seat
47155,TN,Sevier County,Sevierville,35.8775,-83.57,35.787822,-83.5249,seat
47157,TN,Shelby County,Memphis,35.146111111111,-90.051944444444,35.184553,-89.894612,seat
47159,TN,Smith County,Carthage,36.25496,-85.949211,36.256645,-85.941915,seat
47161,TN,Stewart County,Dover,36.482222222222,-87.844722222222,36.458464,-87.811889,seat
47163,TN,Sullivan County,Blountville,36.533312,-82.326474,36.509681,-82.301336,seat
47165,TN,Sumner County,Gallatin,36.381388888889,-86.451388888889,36.472423,-86.458405,seat
47167,TN,Tipton County,Covington,35.565,-89.647222222222,35.498763,-89.747145,seat
47169,TN,Trousdale County,Hartsville,36.3917,-86.1603,36.39303,-86.156691,seat
47171,TN,Unicoi County,Erwin,36.145,-82.410833333333,36.100129,-82.418218,seat
47173,TN,Union County,Maynardville,36.245833333333,-83.807222222222,36.28414,-83.836088,seat
47175,TN,Van Buren County,Spencer,35.743611111111,-85.458333333333,35.699234,-85.458409,seat
47177,TN,Warren County,McMinnville,35.68667,-85.77917,35.67825,-85.777343,seat
47179,TN,Washington County,Jonesborough,36.294166666667,-82.4725,36.295665,-82.495037,seat
47181,TN,Wayne County,Waynesboro,35.320555555556,-87.756944444444,35.242847,-87.819843,seat
47183,TN,Weakley County,Dresden,36.283888888889,-88.698333333333,36.303596,-88.721194,seat
47185,TN,White County,Sparta,35.932222222222,-85.469722222222,35.927049,-85.455785,seat
47187,TN,Williamson County,Franklin,35.929166666667,-86.8575,35.894845,-86.897888,seat
47189,TN,Wilson County,Lebanon,36.2081,-86.3264,36.149431,-86.291181,seat
48001,TX,Anderson County,Palestine,31.758055555556,-95.638611111111,31.841261,-95.661727,seat
48003,TX,Andrews County,Andrews,32.316666666667,-102.55,32.312258,-102.640206,seat
48005,TX,Angelina County,Lufkin,31.3369,-94.7303,31.251896,-94.611134,seat
48007,TX,Aransas County,Rockport,28.031111111111,-97.05,28.122621,-96.967501,seat
48009,TX,Archer County,Archer City,33.593888888889,-98.626111111111,33.616305,-98.687267,seat
48011,TX,Armstrong County,Claude,35.1075,-101.364,34.964179,-101.356636,seat
48013,TX,Atascosa County,Jourdanton,28.9217,-98.5464,28.891478,-98.535381,seat
48015,TX,Austin County,Bellville,29.9472,-96.2586,29.891901,-96.27017,seat
48017,TX,Bailey County,Muleshoe,34.229166666667,-102.72838888889,34.067521,-102.830345,seat
48019,TX,Bandera County,Bandera,29.725,-99.075,29.756389,-99.248285,seat
48021,TX,Bastrop County,Bastrop,30.111944444444,-97.316944444444,30.100772,-97.310639,seat
48023,TX,Baylor County,Seymour,33.5917,-99.2608,33.618802,-99.208189,seat
48025,TX,Bee County,Beeville,28.405277777778,-97.750555555556,28.416077,-97.742586,seat
48027,TX,Bell County,Belton,31.0589,-97.4633,31.04275,-97.481268,seat
48029,TX,Bexar County,San Antonio,29.425,-98.493888888889,29.448671,-98.520147,seat
48031,TX,Blanco County,Johnson City,30.2764,-98.4081,30.266203,-98.399332,seat
48033,TX,Borden County,Gail,32.770277777778,-101.44527777778,32.73859,-101.439199,seat
48035,TX,Bosque County,Meridian,31.92444,-97.65667,31.900819,-97.637641,seat
48037,TX,Bowie County,Boston,33.441388888889,-94.419722222222,33.446065,-94.422393,seat
48039,TX,Brazoria County,Angleton,29.166111111111,-95.427777777778,29.167817,-95.434647,seat
48041,TX,Brazos County,Bryan,30.6656,-96.3667,30.656713,-96.302394,seat
48043,TX,Brewster County,Alpine,30.360833333333,-103.66555555556,29.808997,-103.252458,seat
48045,TX,Briscoe County,Silverton,34.471388888889,-101.30472222222,34.525172,-101.205893,seat
48047,TX,Brooks County,Falfurrias,27.224416666667,-98.145194444444,27.034994,-98.215276,seat
48049,TX,Brown County,Brownwood,31.708055555556,-98.9825,31.764137,-98.998456,seat
48051,TX,Burleson County,Caldwell,30.52833,-96.70028,30.493487,-96.622091,seat
48053,TX,Burnet County,Burnet,30.758888888889,-98.226388888889,30.78963,-98.201187,seat
48055,TX,Caldwell County,Lockhart,29.8819,-97.6761,29.832399,-97.628141,seat
48057,TX,Calhoun County,Port Lavaca,28.615,-96.62609,28.441719,-96.579574,seat
48059,TX,Callahan County,Baird,32.3961,-99.3972,32.29315,-99.372249,seat
48061,TX,Cameron County,Brownsville,25.930277777778,-97.484444444444,26.102923,-97.478958,seat
48063,TX,Camp County,Pittsburg,32.996944444444,-94.968055555556,32.974581,-94.979085,seat
48065,TX,Carson County,Panhandle,35.3475,-101.382,35.405496,-101.355356,seat
48067,TX,Cass County,Linden,33.0081,-94.3644,33.083698,-94.357579,seat
48069,TX,Castro County,Dimmitt,34.549,-102.30783333333,34.533621,-102.258786,seat
48071,TX,Chambers County,Anahuac,29.768333333333,-94.678888888889,29.696374,-94.669445,seat
48073,TX,Cherokee County,Rusk,31.7983,-95.15,31.843881,-95.156343,seat
48075,TX,Childress County,Childress,34.425,-100.21388888889,34.524624,-100.208166,seat
48077,TX,Clay County,Henrietta,33.816666666667,-98.2,33.785904,-98.212917,seat
48079,TX,Cochran County,Morton,33.725,-102.759,33.60844,-102.830449,seat
48081,TX,Coke County,Robert Lee,31.894805555556,-100.48563888889,31.87711,-100.635231,seat
48083,TX,Coleman County,Coleman,31.8278,-99.4256,31.914205,-99.346622,seat
48085,TX,Collin County,McKinney,33.2,-96.633333333333,33.194494,-96.579428,seat
48087,TX,Collingsworth County,Wellington,34.8547,-100.214,34.963358,-100.272135,seat
48089,TX,Colorado County,Columbus,29.702777777778,-96.557055555556,29.596296,-96.508935,seat
48091,TX,Comal County,New Braunfels,29.7,-98.116666666667,29.812377,-98.258129,seat
48093,TX,Comanche County,Comanche,31.8975,-98.6036,31.951645,-98.549617,seat
48095,TX,Concho County,Paint Rock,31.507777777778,-99.923333333333,31.318883,-99.863649,seat
48097,TX,Cooke County,Gainesville,33.6303,-97.1403,33.639196,-97.210343,seat
48099,TX,Coryell County,Gatesville,31.4367,-97.7353,31.391177,-97.798022,seat
48101,TX,Cottle County,Paducah,34.014,-100.30369444444,34.091906,-100.276442,seat
48103,TX,Crane County,Crane,31.3931,-102.351,31.422796,-102.487774,seat
48105,TX,Crockett County,Ozona,30.707416666667,-101.20597222222,30.717532,-101.404211,seat
48107,TX,Crosby County,Crosbyton,33.6567,-101.239,33.609144,-101.29871,seat
48109,TX,Culberson County,Van Horn,31.044166666667,-104.8325,31.445908,-104.526945,seat
48111,TX,Dallam County,Dalhart,36.060833333333,-102.51861111111,36.28637,-102.59402,seat
48113,TX,Dallas County,Dallas,32.779166666667,-96.808888888889,32.766987,-96.778424,seat
48115,TX,Dawson County,Lamesa,32.734444444444,-101.95805555556,32.742528,-101.948771,seat
48117,TX,Deaf Smith County,Hereford,34.8219,-102.399,34.940766,-102.607564,seat
48119,TX,Delta County,Cooper,33.372777777778,-95.689166666667,33.385933,-95.67335,seat
48121,TX,Denton County,Denton,33.216666666667,-97.133333333333,33.205132,-97.12114,seat
48123,TX,DeWitt County,Cuero,29.093611111111,-97.291111111111,29.082346,-97.361654,seat
48125,TX,Dickens County,Dickens,33.6214,-100.835,33.615363,-100.787617,seat
48127,TX,Dimmit County,Carrizo Springs,28.524444444444,-99.861111111111,28.423587,-99.765871,seat
48129,TX,Donley County,Clarendon,34.9364,-100.891,34.955036,-100.815846,seat
48131,TX,Duval County,San Diego,27.7625,-98.2389,27.681123,-98.497393,seat
48133,TX,Eastland County,Eastland,32.398611111111,-98.821111111111,32.324645,-98.83656,seat
48135,TX,Ector County,Odessa,31.863333333333,-102.36555555556,31.865301,-102.542507,seat
48137,TX,Edwards County,Rocksprings,30.0161,-100.209,29.985933,-100.3074,seat
48139,TX,Ellis County,Waxahachie,32.399722222222,-96.847222222222,32.346878,-96.79694,seat
48141,TX,El Paso County,El Paso,31.759166666667,-106.48861111111,31.766456,-106.24152,seat
48143,TX,Erath County,Stephenville,32.2206958,-98.2022633,32.236669,-98.220545,seat
48145,TX,Falls County,Marlin,31.30778,-96.89278,31.25193,-96.934127,seat
48147,TX,Fannin County,Bonham,33.583888888889,-96.181666666667,33.591161,-96.104988,seat
48149,TX,Fayette County,La Grange,29.9083,-96.875,29.877886,-96.921231,seat
48151,TX,Fisher County,Roby,32.7447,-100.381,32.740473,-100.40312,seat
48153,TX,Floyd County,Floydada,33.983888888889,-101.33722222222,34.07373,-101.303274,seat
48155,TX,Foard County,Crowell,33.9858,-99.7244,33.963306,-99.816828,seat
48157,TX,Fort Bend County,Richmond,29.5808,-95.7631,29.526602,-95.771015,seat
48159,TX,Franklin County,Mount Vernon,33.1819,-95.2242,33.175846,-95.219066,seat
48161,TX,Freestone County,Fairfield,31.7219,-96.1581,31.701749,-96.144957,seat
48163,TX,Frio County,Pearsall,28.8914,-99.095,28.869383,-99.109005,seat
48165,TX,Gaines County,Seminole,32.718611111111,-102.65,32.743942,-102.631561,seat
48167,TX,Galveston County,Galveston,29.3013889,-94.7977778,29.233927,-94.888197,seat
48169,TX,Garza County,Post,33.1917,-101.381,33.183792,-101.301134,seat
48171,TX,Gillespie County,Fredericksburg,30.274166666667,-98.871944444444,30.325093,-98.94185,seat
48173,TX,Glasscock County,Garden City,31.863888888889,-101.48111111111,31.868006,-101.521494,seat
48175,TX,Goliad County,Goliad,28.668888888889,-97.391944444444,28.6607,-97.430415,seat
48177,TX,Gonzales County,Gonzales,29.5089,-97.4478,29.461912,-97.49192,seat
48179,TX,Gray County,Pampa,35.5431,-100.965,35.402542,-100.812374,seat
48181,TX,Grayson County,Sherman,33.6411,-96.61,33.624548,-96.675777,seat
48183,TX,Gregg County,Longview,32.5092,-94.7539,32.486401,-94.816277,seat
48185,TX,Grimes County,Anderson,30.48694,-95.98778,30.543231,-95.988082,seat
48187,TX,Guadalupe County,Seguin,29.574444444444,-97.965277777778,29.582671,-97.948995,seat
48189,TX,Hale County,Plainview,34.1911,-101.719,34.068436,-101.822888,seat
48191,TX,Hall County,Memphis,34.72667,-100.54139,34.453189,-100.576343,seat
48193,TX,Hamilton County,Hamilton,31.7033,-98.1203,31.707342,-98.111756,seat
48195,TX,Hansford County,Spearman,36.194444444444,-101.19416666667,36.272847,-101.35693,seat
48197,TX,Hardeman County,Quanah,34.295555555556,-99.741944444444,34.289904,-99.745697,seat
48199,TX,Hardin County,Kountze,30.376666666667,-94.315277777778,30.329648,-94.393178,seat
48201,TX,Harris County,Houston,29.762777777778,-95.383055555556,29.857273,-95.393037,seat
48203,TX,Harrison County,Marshall,32.55,-94.5,32.547991,-94.374434,seat
48205,TX,Hartley County,Channing,35.683611111111,-102.33194444444,35.840244,-102.610047,seat
48207,TX,Haskell County,Haskell,33.1603,-99.7344,33.175964,-99.730774,seat
48209,TX,Hays County,San Marcos,29.879444444444,-97.938888888889,30.061225,-98.029267,seat
48211,TX,Hemphill County,Canadian,35.910833333333,-100.38388888889,35.815956,-100.27921,seat
48213,TX,Henderson County,Athens,32.2028,-95.8492,32.211633,-95.853418,seat
48215,TX,Hidalgo County,Edinburg,26.3042,-98.1639,26.396384,-98.18099,seat
48217,TX,Hill County,Hillsboro,32.0094,-97.1244,31.982681,-97.130668,seat
48219,TX,Hockley County,Levelland,33.584722222222,-102.37222222222,33.605932,-102.343398,seat
48221,TX,Hood County,Granbury,32.441944444444,-97.781388888889,32.430149,-97.831677,seat
48223,TX,Hopkins County,Sulphur Springs,33.1342,-95.6019,33.148967,-95.565434,seat
48225,TX,Houston County,Crockett,31.3169,-95.4583,31.323036,-95.4216,seat
48227,TX,Howard County,Big Spring,32.2433,-101.475,32.30343,-101.438721,seat
48229,TX,Hudspeth County,Sierra Blanca,31.1819,-105.341,31.450868,-105.377549,seat
48231,TX,Hunt County,Greenville,33.1261,-96.1097,33.123308,-96.08423,seat
48233,TX,Hutchinson County,Stinnett,35.8261,-101.444,35.837047,-101.362746,seat
48235,TX,Irion County,Mertzon,31.25972,-100.82056,31.303424,-100.981304,seat
48237,TX,Jack County,Jacksboro,33.206666666667,-98.160833333333,33.23216,-98.171177,seat
48239,TX,Jackson County,Edna,28.9767,-96.6467,28.959802,-96.58908,seat
48241,TX,Jasper County,Jasper,30.922222222222,-93.998888888889,30.752932,-94.022294,seat
48243,TX,Jeff Davis County,Fort Davis,30.578361111111,-103.89219444444,30.625357,-104.191873,seat
48245,TX,Jefferson County,Beaumont,30.08,-94.126666666667,29.854,-94.149331,seat
48247,TX,Jim Hogg County,Hebbronville,27.3114,-98.6811,27.053231,-98.747572,seat
48249,TX,Jim Wells County,Alice,27.75056,-98.07028,27.733516,-98.090814,seat
48251,TX,Johnson County,Cleburne,32.351666666667,-97.3925,32.379654,-97.364906,seat
48253,TX,Jones County,Anson,32.75528,-99.89611,32.743709,-99.87443,seat
48255,TX,Karnes County,Karnes City,28.8833,-97.9,28.908996,-97.852205,seat
48257,TX,Kaufman County,Kaufman,32.5853,-96.3078,32.598944,-96.288377,seat
48259,TX,Kendall County,Boerne,29.794445,-98.731483,29.943525,-98.709269,seat
48261,TX,Kenedy County,Sarita,27.221666666667,-97.789166666667,26.890213,-97.591143,seat
48263,TX,Kent County,Jayton,33.25,-100.567,33.18478,-100.76972,seat
48265,TX,Kerr County,Kerrville,30.046388888889,-99.140555555556,30.059953,-99.353339,seat
48267,TX,Kimble County,Junction,30.4897,-99.7714,30.479472,-99.746396,seat
48269,TX,King County,Guthrie,33.6206,-100.323,33.614268,-100.245345,seat
48271,TX,Kinney County,Brackettville,29.3153,-100.415,29.347086,-100.4177,seat
48273,TX,Kleberg County,Kingsville,27.515,-97.8656,27.438735,-97.66062,seat
48275,TX,Knox County,Benjamin,33.5833,-99.7933,33.61189,-99.730356,seat
48277,TX,Lamar County,Paris,33.662508,-95.547692,33.667263,-95.570348,seat
48279,TX,Lamb County,Littlefield,33.9172,-102.325,34.068861,-102.348018,seat
48281,TX,Lampasas County,Lampasas,31.065833333333,-98.183333333333,31.196731,-98.240889,seat
48283,TX,La Salle County,Cotulla,28.4342,-99.2364,28.351098,-99.096774,seat
48285,TX,Lavaca County,Hallettsville,29.445277777778,-96.940833333333,29.382578,-96.923633,seat
48287,TX,Lee County,Giddings,30.1831,-96.9347,30.321498,-96.976823,seat
48289,TX,Leon County,Centerville,31.256388888889,-95.979444444444,31.300493,-95.995622,seat
48291,TX,Liberty County,Liberty,30.0575,-94.7967,30.158508,-94.844061,seat
48293,TX,Limestone County,Springfield,31.65961,-96.48276,31.547543,-96.593623,seat
48295,TX,Lipscomb County,Lipscomb,36.2322,-100.272,36.2802,-100.272683,seat
48297,TX,Live Oak County,George West,28.33,-98.118305555556,28.351535,-98.126961,seat
48299,TX,Llano County,Llano,30.7508,-98.68,30.707584,-98.68469,seat
48301,TX,Loving County,Mentone,31.707444444444,-103.59888888889,31.844936,-103.561229,seat
48303,TX,Lubbock County,Lubbock,33.585,-101.845,33.611469,-101.819944,seat
48305,TX,Lynn County,Tahoka,33.163888888889,-101.795,33.178412,-101.818493,seat
48307,TX,McCulloch County,Brady,31.132222222222,-99.341388888889,31.205477,-99.359856,seat
48309,TX,McLennan County,Waco,31.549166666667,-97.147222222222,31.549596,-97.201511,seat
48311,TX,McMullen County,Tilden,28.4598553,-98.5486767,28.384922,-98.578853,seat
48313,TX,Madison County,Madisonville,30.95083,-95.9125,30.966878,-95.930372,seat
48315,TX,Marion County,Jefferson,32.7611,-94.3494,32.798182,-94.356853,seat
48317,TX,Martin County,Stanton,32.1308,-101.792,32.30983,-101.961836,seat
48319,TX,Mason County,Mason,30.74778,-99.23167,30.703916,-99.237302,seat
48321,TX,Matagorda County,Bay City,28.9808,-95.9644,28.77476,-96.001532,seat
48323,TX,Maverick County,Eagle Pass,28.7106,-100.489,28.729787,-100.316678,seat
48325,TX,Medina County,Hondo,29.3469,-99.1456,29.353661,-99.111085,seat
48327,TX,Menard County,Menard,30.91944,-99.78444,30.885268,-99.858861,seat
48329,TX,Midland County,Midland,32.005,-102.09917,31.814269,-102.002454,seat
48331,TX,Milam County,Cameron,30.8544,-96.9786,30.791242,-96.984395,seat
48333,TX,Mills County,Goldthwaite,31.453138888889,-98.569805555556,31.494888,-98.594623,seat
48335,TX,Mitchell County,Colorado City,32.3961,-100.862,32.304117,-100.924392,seat
48337,TX,Montague County,Montague,33.664722222222,-97.720555555556,33.678356,-97.725014,seat
48339,TX,Montgomery County,Conroe,30.3161,-95.4589,30.298801,-95.50295,seat
48341,TX,Moore County,Dumas,35.8625,-101.96694444444,35.835676,-101.890502,seat
48343,TX,Morris County,Daingerfield,33.030833333333,-94.724444444444,33.116466,-94.731265,seat
48345,TX,Motley County,Matador,34.01389,-100.82139,34.057899,-100.793152,seat
48347,TX,Nacogdoches County,Nacogdoches,31.608888888889,-94.650833333333,31.62056,-94.62025,seat
48349,TX,Navarro County,Corsicana,32.0925,-96.469444444444,32.048448,-96.476909,seat
48351,TX,Newton County,Newton,30.8503,-93.7542,30.786718,-93.73925,seat
48353,TX,Nolan County,Sweetwater,32.4681,-100.407,32.312338,-100.418108,seat
48355,TX,Nueces County,Corpus Christi,27.742777777778,-97.401944444444,27.740032,-97.516214,seat
48357,TX,Ochiltree County,Perryton,36.393611111111,-100.79694444444,36.278744,-100.815864,seat
48359,TX,Oldham County,Vega,35.2456,-102.425,35.401921,-102.59762,seat
48361,TX,Orange County,Orange,30.109166666667,-93.759166666667,30.122323,-93.8941,seat
48363,TX,Palo Pinto County,Palo Pinto,32.767222222222,-98.298611111111,32.752204,-98.317967,seat
48365,TX,Panola County,Carthage,32.151944444444,-94.337222222222,32.163978,-94.305156,seat
48367,TX,Parker County,Weatherford,32.759166666667,-97.785,32.777096,-97.805905,seat
48369,TX,Parmer County,Farwell,34.3831,-103.038,34.532163,-102.784853,seat
48371,TX,Pecos County,Fort Stockton,30.891388888889,-102.885,30.773298,-102.718153,seat
48373,TX,Polk County,Livingston,30.7094,-94.9344,30.784553,-94.837338,seat
48375,TX,Potter County,Amarillo,35.199166666667,-101.84527777778,35.398675,-101.893804,seat
48377,TX,Presidio County,Marfa,30.311666666667,-104.02444444444,30.005891,-104.261619,seat
48379,TX,Rains County,Emory,32.8767,-95.7664,32.870457,-95.795613,seat
48381,TX,Randall County,Canyon,34.979444444444,-101.92583333333,34.962529,-101.895547,seat
48383,TX,Reagan County,Big Lake,31.193888888889,-101.45888888889,31.375191,-101.514395,seat
48385,TX,Real County,Leakey,29.7253,-99.7614,29.830097,-99.812549,seat
48387,TX,Red River County,Clarksville,33.6111,-95.0525,33.619625,-95.048429,seat
48389,TX,Reeves County,Pecos,31.4156,-103.5,31.308366,-103.712706,seat
48391,TX,Refugio County,Refugio,28.305833333333,-97.274722222222,28.322116,-97.162472,seat
48393,TX,Roberts County,Miami,35.69278,-100.63889,35.838596,-100.836682,seat
48395,TX,Robertson County,Franklin,31.0261,-96.4861,31.025481,-96.514941,seat
48397,TX,Rockwall County,Rockwall,32.92,-96.459722222222,32.899886,-96.41205,seat
48399,TX,Runnels County,Ballinger,31.733333333333,-99.95,31.845119,-99.982715,seat
48401,TX,Rusk County,Henderson,32.1539,-94.8028,32.109423,-94.756382,seat
48403,TX,Sabine County,Hemphill,31.3425,-93.855,31.3433,-93.851913,seat
48405,TX,San Augustine County,San Augustine,31.5311,-94.1108,31.382449,-94.16318,seat
48407,TX,San Jacinto County,Coldspring,30.5881,-95.1333,30.574388,-95.163136,seat
48409,TX,San Patricio County,Sinton,28.0347,-97.5089,28.011794,-97.517157,seat
48411,TX,San Saba County,San Saba,31.1953,-98.725,31.155138,-98.819292,seat
48413,TX,Schleicher County,Eldorado,30.8608,-100.598,30.896233,-100.527216,seat
48415,TX,Scurry County,Snyder,32.715555555556,-100.91444444444,32.744353,-100.913346,seat
48417,TX,Shackelford County,Albany,32.726944444444,-99.294444444444,32.74382,-99.347005,seat
48419,TX,Shelby County,Center,31.793611111111,-94.178333333333,31.790139,-94.142579,seat
48421,TX,Sherman County,Stratford,36.3361,-102.071,36.278593,-101.899265,seat
48423,TX,Smith County,Tyler,32.350833333333,-95.300555555556,32.375105,-95.268939,seat
48425,TX,Somervell County,Glen Rose,32.246666666667,-97.7475,32.218071,-97.769217,seat
48427,TX,Starr County,Rio Grande City,26.3806,-98.8183,26.530903,-98.740235,seat
48429,TX,Stephens County,Breckenridge,32.7567,-98.9056,32.738052,-98.839344,seat
48431,TX,Sterling County,Sterling City,31.839166666667,-100.98583333333,31.835773,-101.054911,seat
48433,TX,Stonewall County,Aspermont,33.13917,-100.22806,33.17958,-100.253807,seat
48435,TX,Sutton County,Sonora,30.5681,-100.644,30.522185,-100.513359,seat
48437,TX,Swisher County,Tulia,34.5358,-101.759,34.526319,-101.743865,seat
48439,TX,Tarrant County,Fort Worth,32.756388888889,-97.3325,32.772119,-97.291224,seat
48441,TX,Taylor County,Abilene,32.446388888889,-99.745555555556,32.297126,-99.89043,seat
48443,TX,Terrell County,Sanderson,30.1411,-102.396,30.232343,-102.072513,seat
48445,TX,Terry County,Brownfield,33.179722222222,-102.27083333333,33.171229,-102.339284,seat
48447,TX,Throckmorton County,Throckmorton,33.17872,-99.17758,33.170695,-99.205796,seat
48449,TX,Titus County,Mount Pleasant,33.1578,-94.97,33.214599,-94.966783,seat
48451,TX,Tom Green County,San Angelo,31.45,-100.45,31.398295,-100.46385,seat
48453,TX,Travis County,Austin,30.3,-97.733333333333,30.239513,-97.69127,seat
48455,TX,Trinity County,Groveton,31.0561,-95.1294,31.096675,-95.151687,seat
48457,TX,Tyler County,Woodville,30.7761,-94.4211,30.769295,-94.375656,seat
48459,TX,Upshur County,Gilmer,32.7325,-94.946944444444,32.735349,-94.941184,seat
48461,TX,Upton County,Rankin,31.224444444444,-101.94083333333,31.353816,-102.041546,seat
48463,TX,Uvalde County,Uvalde,29.209722222222,-99.786111111111,29.350308,-99.768427,seat
48465,TX,Val Verde County,Del Rio,29.370833333333,-100.89583333333,29.875285,-101.143324,seat
48467,TX,Van Zandt County,Canton,32.553611111111,-95.866666666667,32.558787,-95.836906,seat
48469,TX,Victoria County,Victoria,28.816944444444,-96.993333333333,28.79637,-96.971198,seat
48471,TX,Walker County,Huntsville,30.723327777778,-95.550955555556,30.743163,-95.569825,seat
48473,TX,Waller County,Hempstead,30.0914,-96.0814,30.01359,-95.982149,seat
48475,TX,Ward County,Monahans,31.671944444444,-103.08305555556,31.513069,-103.105113,seat
48477,TX,Washington County,Brenham,30.161944444444,-96.396944444444,30.215075,-96.410272,seat
48479,TX,Webb County,Laredo,27.506111111111,-99.507222222222,27.760799,-99.340752,seat
48481,TX,Wharton County,Wharton,29.3169,-96.0969,29.27848,-96.229674,seat
48483,TX,Wheeler County,Wheeler,35.4425,-100.274,35.392593,-100.253107,seat
48485,TX,Wichita County,Wichita Falls,33.896944444444,-98.515,33.988212,-98.70801,seat
48487,TX,Wilbarger County,Vernon,34.1511,-99.2906,34.08492,-99.24244,seat
48489,TX,Willacy County,Raymondville,26.4814,-97.7831,26.481861,-97.594731,seat
48491,TX,Williamson County,Georgetown,30.6511,-97.6814,30.649082,-97.605065,seat
48493,TX,Wilson County,Floresville,29.139805555556,-98.161694444444,29.173883,-98.086734,seat
48495,TX,Winkler County,Kermit,31.8558,-103.094,31.832862,-103.054925,seat
48497,TX,Wise County,Decatur,33.233333333333,-97.583333333333,33.219095,-97.653997,seat
48499,TX,Wood County,Quitman,32.7961,-95.4444,32.783588,-95.382166,seat
48501,TX,Yoakum County,Plains,33.1903,-102.827,33.162339,-102.832241,seat
48503,TX,Young County,Graham,33.1008,-98.5792,33.158778,-98.67839,seat
48505,TX,Zapata County,Zapata,26.9061,-99.27,26.996981,-99.182603,seat
48507,TX,Zavala County,Crystal City,28.6844,-99.8278,28.864652,-99.75983,seat
49001,UT,Beaver County,Beaver,38.2764,-112.639,38.357535,-113.238948,seat
49003,UT,Box Elder County,Brigham City,41.510277777778,-112.015,41.622623,-113.060252,seat
49005,UT,Cache County,Logan,41.737777777778,-111.83083333333,41.734118,-111.745394,seat
49007,UT,Carbon County,Price,39.6,-110.80666666667,39.673284,-110.588484,seat
49009,UT,Daggett County,Manila,40.9925,-109.719444,40.890099,-109.505785,seat
49011,UT,Davis County,Farmington,40.986666666667,-111.89916666667,41.037559,-112.201943,seat
49013,UT,Duchesne County,Duchesne,40.164444444444,-110.40055555556,40.289393,-110.429584,seat
49015,UT,Emery County,Castle Dale,39.215833333333,-111.02083333333,39.009025,-110.7211,seat
49017,UT,Garfield County,Panguitch,37.822222222222,-112.43472222222,37.831663,-111.450907,seat
49019,UT,Grand County,Moab,38.5725,-109.54972222222,38.974326,-109.57345,seat
49021,UT,Iron County,Parowan,37.841111111111,-112.83111111111,37.909304,-113.30674,seat
49023,UT,Juab County,Nephi,39.709166666667,-111.83138888889,39.71412,-112.790471,seat
49025,UT,Kane County,Kanab,37.035555555556,-112.53111111111,37.275089,-111.815329,seat
49027,UT,Millard County,Fillmore,38.967777777778,-112.33083333333,38.956744,-113.133092,seat
49029,UT,Morgan County,Morgan,41.041111111111,-111.67611111111,41.091027,-111.577885,seat
49031,UT,Piute County,Junction,38.236388888889,-112.22305555556,38.335881,-112.129375,seat
49033,UT,Rich County,Randolph,41.664444444444,-111.18333333333,41.627598,-111.240227,seat
49035,UT,Salt Lake County,Salt Lake City,40.75,-111.88333333333,40.667883,-111.92424,seat
49037,UT,San Juan County,Monticello,37.869166666667,-109.34194444444,37.602633,-109.791574,seat
49039,UT,Sanpete County,Manti,39.264722222222,-111.63888888889,39.373426,-111.576933,seat
49041,UT,Sevier County,Richfield,38.765833333333,-112.0875,38.746824,-111.81193,seat
49043,UT,Summit County,Coalville,40.917222222222,-111.39833333333,40.87206,-110.968486,seat
49045,UT,Tooele County,Tooele,40.530555555556,-112.29861111111,40.467753,-113.123979,seat
49047,UT,Uintah County,Vernal,40.4547,-109.536,40.125887,-109.517748,seat
49049,UT,Utah County,Provo,40.233888888889,-111.65861111111,40.120418,-111.668563,seat
49051,UT,Wasatch County,Heber City,40.506666666667,-111.41222222222,40.334884,-111.161568,seat
49053,UT,Washington County,St. George,37.095277777778,-113.57805555556,37.262531,-113.4878,seat
49055,UT,Wayne County,Loa,38.402777777778,-111.64388888889,38.259856,-110.990872,seat
49057,UT,Weber County,Ogden,41.227777777778,-111.96111111111,41.270325,-111.876883,seat
50001,VT,Addison County,Middlebury,44.01553,-73.16937,44.031248,-73.141581,seat
50003,VT,Bennington County,Manchester,43.1653655,-73.0676568,43.035328,-73.111496,seat
50005,VT,Caledonia County,St. Johnsbury,44.4552387,-72.0115463,44.468791,-72.112168,seat
50007,VT,Chittenden County,Burlington,44.4876246,-73.2314828,44.463329,-73.06941,seat
50009,VT,Essex County,Guildhall,44.5475675,-71.6283358,44.724021,-71.732736,seat
50011,VT,Franklin County,Saint Albans,44.8097,-73.0872,44.858964,-72.909402,seat
50013,VT,Grand Isle County,North Hero,44.831666666667,-73.273888888889,44.801787,-73.300759,seat
50015,VT,Lamoille County,Hyde Park,44.6245275,-72.5647598,44.611192,-72.632659,seat
50017,VT,Orange County,Chelsea,43.9940267,-72.4571131,44.003373,-72.369579,seat
50019,VT,Orleans County,Newport,44.9442,-72.2044,44.828442,-72.25163,seat
50021,VT,Rutland County,Rutland,43.6089,-72.9797,43.612399,-73.060304,seat
50023,VT,Washington County,Montpelier,44.2658586,-72.5717415,44.274969,-72.609444,seat
50025,VT,Windham County,Newfane,42.983333333333,-72.658333333333,42.995304,-72.721877,seat
50027,VT,Windsor County,Woodstock,43.624166666667,-72.518333333333,43.572448,-72.598813,seat
51001,VA,Accomack County,Accomac,37.718611111111,-75.667222222222,37.765944,-75.757807,seat
51003,VA,Albemarle County,Charlottesville,38.0299,-78.479,38.024184,-78.553506,seat
51005,VA,Alleghany County,Covington,37.786225,-79.988817,37.787905,-80.008669,seat
51007,VA,Amelia County,Amelia Court House,37.3417,-77.9809,37.331927,-77.977462,seat
51009,VA,Amherst County,Amherst,37.58514,-79.05141,37.629304,-79.154667,seat
51011,VA,Appomattox County,Appomattox,37.3589,-78.8264,37.370725,-78.81094,seat
51013,VA,Arlington County,(internal point),38.878337,-77.100703,38.878337,-77.100703,internal_point
51015,VA,Augusta County,Staunton,38.1581,-79.0764,38.17259,-79.140975,seat
51017,VA,Bath County,Warm Springs,38.0461,-79.7906,38.068368,-79.731203,seat
51019,VA,Bedford County,Bedford,37.334591,-79.522783,37.312257,-79.527223,seat
51021,VA,Bland County,Bland,37.1021,-81.1162,37.130612,-81.125853,seat
51023,VA,Botetourt County,Fincastle,37.4994,-79.8767,37.565482,-79.797546,seat
51025,VA,Brunswick County,Lawrenceville,36.7583,-77.8506,36.764204,-77.861483,seat
51027,VA,Buchanan County,Grundy,37.2785,-82.1,37.26812,-82.038151,seat
51029,VA,Buckingham County,Buckingham,37.5501,-78.5555,37.573928,-78.529169,seat
51031,VA,Campbell County,Rustburg,37.2736,-79.0989,37.210152,-79.095428,seat
51033,VA,Caroline County,Bowling Green,38.0533,-77.3475,38.028033,-77.353736,seat
51035,VA,Carroll County,Hillsville,36.7589,-80.7344,36.731963,-80.727831,seat
51036,VA,Charles City County,Charles City,37.3436,-77.0731,37.361054,-77.05417,seat
51037,VA,Charlotte County,Charlotte Court House,37.0569,-78.6342,37.009042,-78.658568,seat
51041,VA,Chesterfield County,Chesterfield Court House,37.3764,-77.5039,37.378434,-77.585847,seat
51043,VA,Clarke County,Berryville,39.1511,-77.9825,39.115307,-77.990748,seat
51045,VA,Craig County,New Castle,37.5008,-80.1108,37.473603,-80.231051,seat
51047,VA,Culpeper County,Culpeper,38.471944444444,-77.999166666667,38.48593,-77.956476,seat
51049,VA,Cumberland County,Cumberland,37.4961,-78.2453,37.520189,-78.252836,seat
51051,VA,Dickenson County,Clintwood,37.15,-82.4567,37.136701,-82.34922,seat
51053,VA,Dinwiddie County,Dinwiddie,37.0781,-77.5867,37.073498,-77.635492,seat
51057,VA,Essex County,Tappahannock,37.9222,-76.8631,37.936389,-76.933747,seat
51059,VA,Fairfax County,Fairfax,38.852612,-77.304377,38.82952,-77.273252,seat
51061,VA,Fauquier County,Warrenton,38.71345,-77.79527,38.744096,-77.8215,seat
51063,VA,Floyd County,Floyd,36.9122,-80.3183,36.931433,-80.350266,seat
51065,VA,Fluvanna County,Palmyra,37.8611,-78.2633,37.830584,-78.283494,seat
51067,VA,Franklin County,Rocky Mount,36.9997,-79.8897,36.991186,-79.882715,seat
51069,VA,Frederick County,Winchester,39.1783,-78.1667,39.20366,-78.263829,seat
51071,VA,Giles County,Pearisburg,37.3292,-80.7325,37.318072,-80.698321,seat
51073,VA,Gloucester County,Gloucester Courthouse,37.4128,-76.5242,37.403541,-76.523505,seat
51075,VA,Goochland County,Goochland,37.6844,-77.8853,37.718814,-77.917626,seat
51077,VA,Grayson County,Independence,36.6228,-81.1517,36.652229,-81.215324,seat
51079,VA,Greene County,Stanardsville,38.2969,-78.4394,38.297981,-78.470163,seat
51081,VA,Greensville County,Emporia,36.693018,-77.53809,36.680336,-77.560277,seat
51083,VA,Halifax County,Halifax,36.76597,-78.92834,36.766461,-78.939614,seat
51085,VA,Hanover County,Hanover Courthouse,37.7719,-77.375,37.760215,-77.491317,seat
51087,VA,Henrico County,(internal point),37.43752,-77.300333,37.43752,-77.300333,internal_point
51089,VA,Henry County,Martinsville,36.686143,-79.869171,36.620612,-79.980662,seat
51091,VA,Highland County,Monterey,38.4119,-79.5806,38.366243,-79.564472,seat
51093,VA,Isle of Wight County,Isle of Wight,36.9078,-76.7078,36.901418,-76.707569,seat
51095,VA,James City County,Williamsburg,37.2708,-76.7069,37.324837,-76.777888,seat
51097,VA,King and Queen County,King and Queen Court House,37.67,-76.8775,37.717772,-76.905581,seat
51099,VA,King George County,King George,38.2807539,-77.1896138,38.27718,-77.162636,seat
51101,VA,King William County,King William,37.6875,-77.0136,37.70826,-77.091054,seat
51103,VA,Lancaster County,Lancaster,37.7697,-76.4664,37.704843,-76.412663,seat
51105,VA,Lee County,Jonesville,36.6881,-83.1164,36.701721,-83.130112,seat
51107,VA,Loudoun County,Leesburg,39.115555555556,-77.564444444444,39.0812,-77.638898,seat
51109,VA,Louisa County,Louisa,38.0242,-78.0017,37.972704,-77.959795,seat
51111,VA,Lunenburg County,Lunenburg,36.9611,-78.2656,36.945555,-78.240528,seat
51113,VA,Madison County,Madison,38.3808,-78.2581,38.412059,-78.276961,seat
51115,VA,Mathews County,Mathews,37.4369,-76.32,37.425348,-76.268808,seat
51117,VA,Mecklenburg County,Boydton,36.6681,-78.3889,36.687256,-78.368959,seat
51119,VA,Middlesex County,Saluda,37.606111111111,-76.595,37.606975,-76.528082,seat
51121,VA,Montgomery County,Christiansburg,37.1411,-80.4078,37.175538,-80.387794,seat
51125,VA,Nelson County,Lovingston,37.76,-78.8708,37.789079,-78.88344,seat
51127,VA,New Kent County,New Kent,37.5178,-76.9789,37.51016,-76.999331,seat
51131,VA,Northampton County,Eastville,37.35264,-75.94576,37.302775,-75.924018,seat
51133,VA,Northumberland County,Heathsville,37.9175,-76.4722,37.856974,-76.379687,seat
51135,VA,Nottoway County,Nottoway,37.1236,-78.0719,37.141167,-78.053866,seat
51137,VA,Orange County,Orange,38.2458,-78.1097,38.249326,-78.011092,seat
51139,VA,Page County,Luray,38.6642,-78.4544,38.623209,-78.491872,seat
51141,VA,Patrick County,Stuart,36.6403,-80.2739,36.667138,-80.286413,seat
51143,VA,Pittsylvania County,Chatham,36.8256,-79.3975,36.821721,-79.398502,seat
51145,VA,Powhatan County,Powhatan,37.5422,-77.9189,37.549404,-77.912855,seat
51147,VA,Prince Edward County,Farmville,37.3021,-78.39194,37.224881,-78.432957,seat
51149,VA,Prince George County,Prince George,37.2206,-77.2881,37.187325,-77.220993,seat
51153,VA,Prince William County,(internal point),38.701119,-77.479579,38.701119,-77.479579,internal_point
51155,VA,Pulaski County,Pulaski,37.05,-80.7722,37.063385,-80.713444,seat
51157,VA,Rappahannock County,Washington,38.7128,-78.1594,38.684522,-78.168824,seat
51159,VA,Richmond County,Warsaw,37.9575,-76.7583,37.942894,-76.730561,seat
51161,VA,Roanoke County,Salem,37.286895,-80.055836,37.330792,-80.191237,seat
51163,VA,Rockbridge County,Lexington,37.7840208,-79.4428157,37.814517,-79.447754,seat
51165,VA,Rockingham County,Harrisonburg,38.4494,-78.8689,38.507585,-78.885321,seat
51167,VA,Russell County,Lebanon,36.9008,-82.0769,36.93342,-82.095934,seat
51169,VA,Scott County,Gate City,36.6383,-82.5806,36.712776,-82.613624,seat
51171,VA,Shenandoah County,Woodstock,38.8769,-78.5114,38.856204,-78.573987,seat
51173,VA,Smyth County,Marion,36.83694,-81.51639,36.842318,-81.539786,seat
51175,VA,Southampton County,Courtland,36.7158,-77.0661,36.720068,-77.103813,seat
51177,VA,Spotsylvania County,Spotsylvania Courthouse,38.2019,-77.5875,38.182431,-77.657226,seat
51179,VA,Stafford County,Stafford,38.4153,-77.4156,38.423084,-77.458048,seat
51181,VA,Surry County,Surry,37.1358,-76.8353,37.119761,-76.880172,seat
51183,VA,Sussex County,Sussex,37.9153,-77.2792,36.926645,-77.259732,seat
51185,VA,Tazewell County,Tazewell,37.11484,-81.51955,37.125395,-81.562924,seat
51187,VA,Warren County,Front Royal,38.9258,-78.1919,38.908221,-78.207594,seat
51191,VA,Washington County,Abingdon,36.709722222222,-81.975555555556,36.747814,-81.950322,seat
51193,VA,Westmoreland County,Montross,38.0939,-76.8261,38.109311,-76.803933,seat
51195,VA,Wise County,Wise,36.9781,-82.5769,36.974561,-82.62156,seat
51197,VA,Wythe County,Wytheville,36.9478,-81.0869,36.899868,-81.08301,seat
51199,VA,York County,Yorktown,37.2344,-76.5097,37.220914,-76.395533,seat
51510,VA,Alexandria city,(internal point),38.819251,-77.08367,38.819251,-77.08367,internal_point
51520,VA,Bristol city,(internal point),36.616954,-82.157564,36.616954,-82.157564,internal_point
51530,VA,Buena Vista city,(internal point),37.729345,-79.358134,37.729345,-79.358134,internal_point
51540,VA,Charlottesville city,(internal point),38.037658,-78.485381,38.037658,-78.485381,internal_point
51550,VA,Chesapeake city,(internal point),36.679376,-76.301788,36.679376,-76.301788,internal_point
51570,VA,Colonial Heights city,(internal point),37.261685,-77.396804,37.261685,-77.396804,internal_point
51580,VA,Covington city,(internal point),37.78106,-79.985434,37.78106,-79.985434,internal_point
51590,VA,Danville city,(internal point),36.583334,-79.408071,36.583334,-79.408071,internal_point
51595,VA,Emporia city,(internal point),36.696182,-77.535975,36.696182,-77.535975,internal_point
51600,VA,Fairfax city,(internal point),38.853183,-77.299025,38.853183,-77.299025,internal_point
51610,VA,Falls Church city,(internal point),38.884722,-77.175603,38.884722,-77.175603,internal_point
51620,VA,Franklin city,(internal point),36.684014,-76.941396,36.684014,-76.941396,internal_point
51630,VA,Fredericksburg city,(internal point),38.299272,-77.486658,38.299272,-77.486658,internal_point
51640,VA,Galax city,(internal point),36.66564,-80.914308,36.66564,-80.914308,internal_point
51650,VA,Hampton city,(internal point),37.047961,-76.297293,37.047961,-76.297293,internal_point
51660,VA,Harrisonburg city,(internal point),38.436255,-78.873303,38.436255,-78.873303,internal_point
51670,VA,Hopewell city,(internal point),37.29101,-77.298944,37.29101,-77.298944,internal_point
51678,VA,Lexington city,(internal point),37.782332,-79.44432,37.782332,-79.44432,internal_point
51680,VA,Lynchburg city,(internal point),37.399016,-79.195458,37.399016,-79.195458,internal_point
51683,VA,Manassas city,(internal point),38.746808,-77.482633,38.746808,-77.482633,internal_point
51685,VA,Manassas Park city,(internal point),38.769398,-77.442323,38.769398,-77.442323,internal_point
51690,VA,Martinsville city,(internal point),36.683527,-79.863647,36.683527,-79.863647,internal_point
51700,VA,Newport News city,(internal point),37.076136,-76.52198,37.076136,-76.52198,internal_point
51710,VA,Norfolk city,(internal point),36.923015,-76.244641,36.923015,-76.244641,internal_point
51720,VA,Norton city,(internal point),36.931549,-82.625996,36.931549,-82.625996,internal_point
51730,VA,Petersburg city,(internal point),37.20473,-77.392368,37.20473,-77.392368,internal_point
51735,VA,Poquoson city,(internal point),37.12836,-76.303534,37.12836,-76.303534,internal_point
51740,VA,Portsmouth city,(internal point),36.859339,-76.356973,36.859339,-76.356973,internal_point
51750,VA,Radford city,(internal point),37.120119,-80.559147,37.120119,-80.559147,internal_point
51760,VA,Richmond city,(internal point),37.531399,-77.476009,37.531399,-77.476009,internal_point
51770,VA,Roanoke city,(internal point),37.278458,-79.958174,37.278458,-79.958174,internal_point
51775,VA,Salem city,(internal point),37.285333,-80.055241,37.285333,-80.055241,internal_point
51790,VA,Staunton city,(internal point),38.157978,-79.061876,38.157978,-79.061876,internal_point
51800,VA,Suffolk city,(internal point),36.697157,-76.634781,36.697157,-76.634781,internal_point
51810,VA,Virginia Beach city,(internal point),36.779525,-76.029142,36.779525,-76.029142,internal_point
51820,VA,Waynesboro city,(internal point),38.067157,-78.90142,38.067157,-78.90142,internal_point
51830,VA,Williamsburg city,(internal point),37.269481,-76.708193,37.269481,-76.708193,internal_point
51840,VA,Winchester city,(internal point),39.173869,-78.176356,39.173869,-78.176356,internal_point
53001,WA,Adams County,Ritzville,47.1264,-118.377,47.011238,-118.512861,seat
53003,WA,Asotin County,Asotin,46.338888888889,-117.04638888889,46.181861,-117.227781,seat
53005,WA,Benton County,Prosser,46.206944444444,-119.76555555556,46.228125,-119.516659,seat
53007,WA,Chelan County,Wenatchee,47.423333333333,-120.32527777778,47.860974,-120.619041,seat
53009,WA,Clallam County,Port Angeles,48.1131,-123.441,48.110903,-123.88986,seat
53011,WA,Clark County,Vancouver,45.631111111111,-122.67166666667,45.77173,-122.485953,seat
53013,WA,Columbia County,Dayton,46.319722222222,-117.97777777778,46.29285,-117.911634,seat
53015,WA,Cowlitz County,Kelso,46.1419,-122.906,46.196785,-122.67846,seat
53017,WA,Douglas County,Waterville,47.6478,-120.073,47.741763,-119.694622,seat
53019,WA,Ferry County,Republic,48.648055555556,-118.735,48.473256,-118.533589,seat
53021,WA,Franklin County,Pasco,46.238611111111,-119.10861111111,46.537502,-118.903891,seat
53023,WA,Garfield County,Pomeroy,46.473333333333,-117.59805555556,46.429318,-117.536705,seat
53025,WA,Grant County,Ephrata,47.316944444444,-119.54805555556,47.213633,-119.467788,seat
53027,WA,Grays Harbor County,Montesano,46.985833333333,-123.59777777778,47.113732,-123.826735,seat
53029,WA,Island County,Coupeville,48.2183,-122.684,48.158554,-122.670649,seat
53031,WA,Jefferson County,Port Townsend,48.1175,-122.76083333333,47.805708,-123.527057,seat
53033,WA,King County,Seattle,47.605,-122.33,47.490552,-121.833977,seat
53035,WA,Kitsap County,Port Orchard,47.531666666667,-122.63833333333,47.639595,-122.649634,seat
53037,WA,Kittitas County,Ellensburg,46.997064,-120.545119,47.124441,-120.676709,seat
53039,WA,Klickitat County,Goldendale,45.82,-120.8225,45.870446,-120.779305,seat
53041,WA,Lewis County,Chehalis,46.66,-122.963,46.580071,-122.377444,seat
53043,WA,Lincoln County,Davenport,47.651111111111,-118.15166666667,47.582743,-118.417692,seat
53045,WA,Mason County,Shelton,47.213611111111,-123.10611111111,47.350832,-123.173103,seat
53047,WA,Okanogan County,Okanogan,48.366666666667,-119.58111111111,48.548453,-119.742235,seat
53049,WA,Pacific County,South Bend,46.663611111111,-123.80111111111,46.556587,-123.782419,seat
53051,WA,Pend Oreille County,Newport,48.180555555556,-117.0475,48.543825,-117.232191,seat
53053,WA,Pierce County,Tacoma,47.2525,-122.4475,47.051413,-122.15324,seat
53055,WA,San Juan County,Friday Harbor,48.53427,-123.01712,48.50719,-123.103769,seat
53057,WA,Skagit County,Mount Vernon,48.42,-122.32611111111,48.493292,-121.81577,seat
53059,WA,Skamania County,Stevenson,45.696111111111,-121.88833333333,46.024785,-121.953232,seat
53061,WA,Snohomish County,Everett,47.963333333333,-122.20055555556,48.054913,-121.765038,seat
53063,WA,Spokane County,Spokane,47.657194444444,-117.4235,47.620375,-117.403371,seat
53065,WA,Stevens County,Colville,48.545,-117.90083333333,48.388728,-117.854455,seat
53067,WA,Thurston County,Olympia,47.0425,-122.89305555556,46.935822,-122.830152,seat
53069,WA,Wahkiakum County,Cathlamet,46.2039,-123.384,46.294638,-123.424458,seat
53071,WA,Walla Walla County,Walla Walla,46.065,-118.33027777778,46.254606,-118.48037,seat
53073,WA,Whatcom County,Bellingham,48.754388888889,-122.47883333333,48.842653,-121.836432,seat
53075,WA,Whitman County,Colfax,46.884166666667,-117.36361111111,46.905944,-117.53539,seat
53077,WA,Yakima County,Yakima,46.601944444444,-120.50777777778,46.456558,-120.740145,seat
54001,WV,Barbour County,Philippi,39.151666666667,-80.043333333333,39.139725,-79.996947,seat
54003,WV,Berkeley County,Martinsburg,39.456388888889,-77.967777777778,39.447938,-78.037754,seat
54005,WV,Boone County,Madison,38.061944444444,-81.818333333333,38.022814,-81.713538,seat
54007,WV,Braxton County,Sutton,38.664444444444,-80.710277777778,38.69933,-80.73166,seat
54009,WV,Brooke County,Wellsburg,40.27737,-80.609349,40.272645,-80.578691,seat
54011,WV,Cabell County,Huntington,38.420833333333,-82.423611111111,38.419578,-82.243397,seat
54013,WV,Calhoun County,Grantsville,38.923055555556,-81.095,38.844159,-81.115478,seat
54015,WV,Clay County,Clay,38.462777777778,-81.08,38.459826,-81.081866,seat
54017,WV,Doddridge County,West Union,39.2956,-80.7758,39.264307,-80.711498,seat
54019,WV,Fayette County,Fayetteville,38.051111111111,-81.106944444444,38.030948,-81.08607,seat
54021,WV,Gilmer County,Glenville,38.935277777778,-80.837222222222,38.915867,-80.849413,seat
54023,WV,Grant County,Petersburg,38.99261,-79.12392,39.105988,-79.195064,seat
54025,WV,Greenbrier County,Lewisburg,37.804166666667,-80.440277777778,37.924418,-80.45059,seat
54027,WV,Hampshire County,Romney,39.345,-78.756944444444,39.312139,-78.611989,seat
54029,WV,Hancock County,New Cumberland,40.499166666667,-80.608055555556,40.516958,-80.570164,seat
54031,WV,Hardy County,Moorefield,39.063055555556,-78.965833333333,39.011361,-78.841729,seat
54033,WV,Harrison County,Clarksburg,39.280555555556,-80.344444444444,39.279182,-80.386498,seat
54035,WV,Jackson County,Ripley,38.821111111111,-81.714166666667,38.834234,-81.677717,seat
54037,WV,Jefferson County,Charles Town,39.284166666667,-77.856111111111,39.307398,-77.86322,seat
54039,WV,Kanawha County,Charleston,38.347222222222,-81.633333333333,38.328068,-81.523516,seat
54041,WV,Lewis County,Weston,39.041944444444,-80.47,38.988877,-80.495477,seat
54043,WV,Lincoln County,Hamlin,38.278888888889,-82.106944444444,38.17177,-82.077623,seat
54045,WV,Logan County,Logan,37.848333333333,-81.987777777778,37.830591,-81.940853,seat
54047,WV,McDowell County,Welch,37.437222222222,-81.578888888889,37.38276,-81.658204,seat
54049,WV,Marion County,Fairmont,39.481388888889,-80.143333333333,39.505839,-80.243402,seat
54051,WV,Marshall County,Moundsville,39.921388888889,-80.739444444444,39.854426,-80.671794,seat
54053,WV,Mason County,Point Pleasant,38.857527,-82.128571,38.770914,-82.029007,seat
54055,WV,Mercer County,Princeton,37.368055555556,-81.095833333333,37.403448,-81.106456,seat
54057,WV,Mineral County,Keyser,39.438888888889,-78.982777777778,39.404781,-78.95669,seat
54059,WV,Mingo County,Williamson,37.673888888889,-82.279722222222,37.721161,-82.158989,seat
54061,WV,Monongalia County,Morgantown,39.633611111111,-79.950555555556,39.633645,-80.059074,seat
54063,WV,Monroe County,Union,37.591111111111,-80.543055555556,37.554062,-80.550329,seat
54065,WV,Morgan County,Berkeley Springs,39.625555555556,-78.226944444444,39.557345,-78.256517,seat
54067,WV,Nicholas County,Summersville,38.2843332,-80.8415469,38.291432,-80.797515,seat
54069,WV,Ohio County,Wheeling,40.070277777778,-80.698611111111,40.100323,-80.6199,seat
54071,WV,Pendleton County,Franklin,38.6475,-79.331666666667,38.67445,-79.340617,seat
54073,WV,Pleasants County,St. Marys,39.396388888889,-81.199722222222,39.368133,-81.161172,seat
54075,WV,Pocahontas County,Marlinton,38.2247,-80.0947,38.332606,-80.010121,seat
54077,WV,Preston County,Kingwood,39.471666666667,-79.685,39.46903,-79.668865,seat
54079,WV,Putnam County,Winfield,38.534444444444,-81.892222222222,38.510518,-81.906109,seat
54081,WV,Raleigh County,Beckley,37.779722222222,-81.183055555556,37.762469,-81.264672,seat
54083,WV,Randolph County,Elkins,38.9214,-79.8508,38.781095,-79.867788,seat
54085,WV,Ritchie County,Harrisville,39.21,-81.0508,39.177112,-81.066317,seat
54087,WV,Roane County,Spencer,38.801666666667,-81.351666666667,38.74295,-81.354494,seat
54089,WV,Summers County,Hinton,37.666944444444,-80.886666666667,37.655999,-80.856325,seat
54091,WV,Taylor County,Grafton,39.341666666667,-80.019722222222,39.332478,-80.046554,seat
54093,WV,Tucker County,Parsons,39.095833333333,-79.679444444444,39.111175,-79.559968,seat
54095,WV,Tyler County,Middlebourne,39.493888888889,-80.905833333333,39.465634,-80.877219,seat
54097,WV,Upshur County,Buckhannon,38.9892,-80.2242,38.90253,-80.231606,seat
54099,WV,Wayne County,Wayne,38.228333333333,-82.440555555556,38.143642,-82.422666,seat
54101,WV,Webster County,Webster Springs,38.476111111111,-80.41,38.483459,-80.449052,seat
54103,WV,Wetzel County,New Martinsville,39.6575,-80.859444444444,39.59818,-80.635399,seat
54105,WV,Wirt County,Elizabeth,39.062777777778,-81.395555555556,39.020034,-81.382975,seat
54107,WV,Wood County,Parkersburg,39.266111111111,-81.542222222222,39.211602,-81.516234,seat
54109,WV,Wyoming County,Pineville,37.583055555556,-81.535277777778,37.60366,-81.549032,seat
55001,WI,Adams County,Friendship,43.9717,-89.8186,43.973757,-89.767228,seat
55003,WI,Ashland County,Ashland,46.59,-90.88,46.544424,-90.679691,seat
55005,WI,Barron County,Barron,45.400555555556,-91.848055555556,45.437192,-91.852892,seat
55007,WI,Bayfield County,Washburn,46.673888888889,-90.897777777778,46.634199,-91.177282,seat
55009,WI,Brown County,Green Bay,44.513333333333,-88.013333333333,44.474024,-87.99613,seat
55011,WI,Buffalo County,Alma,44.34,-91.924444444444,44.385633,-91.761294,seat
55013,WI,Burnett County,Siren,45.7722,-92.3575,45.866897,-92.37573,seat
55015,WI,Calumet County,Chilton,44.030833333333,-88.158611111111,44.07841,-88.212132,seat
55017,WI,Chippewa County,Chippewa Falls,44.933333333333,-91.4,45.069092,-91.283505,seat
55019,WI,Clark County,Neillsville,44.561111111111,-90.595833333333,44.739346,-90.609953,seat
55021,WI,Columbia County,Portage,43.55,-89.466666666667,43.471882,-89.330472,seat
55023,WI,Crawford County,Prairie du Chien,43.05165,-91.141241666667,43.242768,-90.935185,seat
55025,WI,Dane County,Madison,43.074722222222,-89.384166666667,43.067468,-89.417852,seat
55027,WI,Dodge County,Juneau,43.406388888889,-88.703333333333,43.429628,-88.701939,seat
55029,WI,Door County,Sturgeon Bay,44.833611111111,-87.377777777778,45.093417,-87.048683,seat
55031,WI,Douglas County,Superior,46.720555555556,-92.103888888889,46.463218,-91.892477,seat
55033,WI,Dunn County,Menomonie,44.879166666667,-91.918055555556,44.947751,-91.897645,seat
55035,WI,Eau Claire County,Eau Claire,44.814722222222,-91.492777777778,44.726355,-91.286414,seat
55037,WI,Florence County,Florence,45.9222,-88.2517,45.871828,-88.406988,seat
55039,WI,Fond du Lac County,Fond du Lac,43.775138888889,-88.444905555556,43.754722,-88.493284,seat
55041,WI,Forest County,Crandon,45.569844444444,-88.901238888889,45.666881,-88.773326,seat
55043,WI,Grant County,Lancaster,42.848611111111,-90.710555555556,42.870028,-90.694229,seat
55045,WI,Green County,Monroe,42.59889,-89.64083,42.675522,-89.605074,seat
55047,WI,Green Lake County,Green Lake,43.842777777778,-88.957777777778,43.780247,-88.97038,seat
55049,WI,Iowa County,Dodgeville,42.963333333333,-90.131111111111,43.001021,-90.133691,seat
55051,WI,Iron County,Hurley,46.450277777778,-90.189722222222,46.32655,-90.261298,seat
55053,WI,Jackson County,Black River Falls,44.294722222222,-90.851666666667,44.32459,-90.79951,seat
55055,WI,Jefferson County,Jefferson,43.003055555556,-88.807777777778,43.013804,-88.773985,seat
55057,WI,Juneau County,Mauston,43.796944444444,-90.0775,43.932836,-90.113984,seat
55059,WI,Kenosha County,Kenosha,42.582222222222,-87.845555555556,42.587526,-87.879996,seat
55061,WI,Kewaunee County,Kewaunee,44.460277777778,-87.511111111111,44.605677,-87.448008,seat
55063,WI,La Crosse County,La Crosse,43.813333333333,-91.233055555556,43.908222,-91.111758,seat
55065,WI,Lafayette County,Darlington,42.683055555556,-90.1175,42.655578,-90.130292,seat
55067,WI,Langlade County,Antigo,45.144166666667,-89.155,45.254863,-89.06707,seat
55069,WI,Lincoln County,Merrill,45.1825,-89.695555555556,45.333148,-89.73224,seat
55071,WI,Manitowoc County,Manitowoc,44.0990417,-87.6810199,44.156137,-87.577352,seat
55073,WI,Marathon County,Wausau,44.95,-89.633333333333,44.898036,-89.757823,seat
55075,WI,Marinette County,Marinette,45.1,-87.630555555556,45.346899,-87.991198,seat
55077,WI,Marquette County,Montello,43.791944444444,-89.329722222222,43.826053,-89.409095,seat
55078,WI,Menominee County,Keshena,44.8781,-88.6289,44.991304,-88.669251,seat
55079,WI,Milwaukee County,Milwaukee,43.05,-87.95,42.912643,-87.862312,seat
55081,WI,Monroe County,Sparta,43.943055555556,-90.811666666667,43.945175,-90.619969,seat
55083,WI,Oconto County,Oconto,44.887777777778,-87.870555555556,44.996575,-88.206516,seat
55085,WI,Oneida County,Rhinelander,45.639444444444,-89.412222222222,45.716176,-89.534533,seat
55087,WI,Outagamie County,Appleton,44.282222222222,-88.418333333333,44.418226,-88.464988,seat
55089,WI,Ozaukee County,Port Washington,43.393333333333,-87.881111111111,43.501807,-87.847551,seat
55091,WI,Pepin County,Durand,44.628611111111,-91.961666666667,44.627436,-91.83489,seat
55093,WI,Pierce County,Ellsworth,44.7325,-92.48,44.725336,-92.426279,seat
55095,WI,Polk County,Balsam Lake,45.425,-92.477777777778,45.462041,-92.447066,seat
55097,WI,Portage County,Stevens Point,44.523036,-89.560321,44.476246,-89.49807,seat
55099,WI,Price County,Phillips,45.691666666667,-90.401944444444,45.679072,-90.35965,seat
55101,WI,Racine County,Racine,42.726111111111,-87.805833333333,42.780392,-87.771599,seat
55103,WI,Richland County,Richland Center,43.337777777778,-90.384722222222,43.376199,-90.435693,seat
55105,WI,Rock County,Janesville,42.6854687,-89.0136316,42.66988,-89.075284,seat
55107,WI,Rusk County,Ladysmith,45.463888888889,-91.1,45.472734,-91.136745,seat
55109,WI,St. Croix County,Hudson,44.971944444444,-92.745,45.028959,-92.447284,seat
55111,WI,Sauk County,Baraboo,43.468055555556,-89.741666666667,43.428001,-89.943318,seat
55113,WI,Sawyer County,Hayward,46.01,-91.480555555556,45.864999,-91.147063,seat
55115,WI,Shawano County,Shawano,44.776666666667,-88.601944444444,44.789641,-88.755813,seat
55117,WI,Sheboygan County,Sheboygan,43.75,-87.725,43.738713,-87.731531,seat
55119,WI,Taylor County,Medford,45.138055555556,-90.345277777778,45.211656,-90.504853,seat
55121,WI,Trempealeau County,Whitehall,44.366666666667,-91.316388888889,44.30305,-91.358867,seat
55123,WI,Vernon County,Viroqua,43.556666666667,-90.887777777778,43.599366,-90.821983,seat
55125,WI,Vilas County,Eagle River,45.92,-89.250277777778,46.049848,-89.501254,seat
55127,WI,Walworth County,Elkhorn,42.672777777778,-88.540277777778,42.66811,-88.541731,seat
55129,WI,Washburn County,Shell Lake,45.733611111111,-91.9175,45.892489,-91.796422,seat
55131,WI,Washington County,West Bend,43.425,-88.183333333333,43.391156,-88.232917,seat
55133,WI,Waukesha County,Waukesha,43.011666666667,-88.231666666667,43.018368,-88.30424,seat
55135,WI,Waupaca County,Waupaca,44.355,-89.081666666667,44.478004,-88.967005,seat
55137,WI,Waushara County,Wautoma,44.071388888889,-89.289722222222,44.112823,-89.239786,seat
55139,WI,Winnebago County,Oshkosh,44.024166666667,-88.561111111111,44.085707,-88.668149,seat
55141,WI,Wood County,Wisconsin Rapids,44.394444444444,-89.832777777778,44.461413,-90.038825,seat
56001,WY,Albany County,Laramie,41.311111111111,-105.59361111111,41.665514,-105.721883,seat
56003,WY,Big Horn County,Basin,44.378888888889,-108.04305555556,44.525117,-107.994848,seat
56005,WY,Campbell County,Gillette,44.282777777778,-105.50527777778,44.191999,-105.517014,seat
56007,WY,Carbon County,Rawlins,41.790277777778,-107.23416666667,41.70359,-106.933153,seat
56009,WY,Converse County,Douglas,42.756111111111,-105.38444444444,42.984623,-105.524752,seat
56011,WY,Crook County,Sundance,44.405277777778,-104.37222222222,44.589266,-104.567298,seat
56013,WY,Fremont County,Lander,42.833055555556,-108.7325,43.054831,-108.608935,seat
56015,WY,Goshen County,Torrington,42.066666666667,-104.1825,42.089455,-104.35354,seat
56017,WY,Hot Springs County,Thermopolis,43.645555555556,-108.21472222222,43.720209,-108.435076,seat
56019,WY,Johnson County,Buffalo,44.3475,-106.70111111111,44.044048,-106.588541,seat
56021,WY,Laramie County,Cheyenne,41.145555555556,-104.80194444444,41.29283,-104.660395,seat
56023,WY,Lincoln County,Kemmerer,41.789444444444,-110.54638888889,42.229993,-110.682961,seat
56025,WY,Natrona County,Casper,42.834722222222,-106.325,42.977645,-106.768219,seat
56027,WY,Niobrara County,Lusk,42.760555555556,-104.45277777778,43.062159,-104.468373,seat
56029,WY,Park County,Cody,44.523333333333,-109.05722222222,44.492387,-109.593597,seat
56031,WY,Platte County,Wheatland,42.053888888889,-104.95944444444,42.131593,-104.953963,seat
56033,WY,Sheridan County,Sheridan,44.796666666667,-106.95888888889,44.781369,-106.881211,seat
56035,WY,Sublette County,Pinedale,42.866111111111,-109.86472222222,42.767928,-109.91617,seat
56037,WY,Sweetwater County,Green River,41.514166666667,-109.465,41.660328,-108.875677,seat
56039,WY,Teton County,Jackson,43.475277777778,-110.76916666667,44.048662,-110.426087,seat
56041,WY,Uinta County,Evanston,41.263333333333,-110.96472222222,41.284726,-110.558947,seat
56043,WY,Washakie County,Worland,44.015386111111,-107.95663055556,43.878831,-107.669052,seat
56045,WY,Weston County,Newcastle,43.853055555556,-104.20944444444,43.846213,-104.57002,seat
