fips,state,county,seat,lat,lon,int_lat,int_lon,point_source,capitol_drive_s,capitol_road_m,capitol_snap_m,center_drive_s,center_road_m,center_snap_m
01001,AL,Autauga County,Prattville,32.459135,-86.451305,32.532237,-86.64644,seat,54548.8,1319814.0,36.72825285,69379.7,1750893.8,36.72825285
01003,AL,Baldwin County,Bay Minette,30.883446,-87.777183,30.659218,-87.746067,seat,63608.0,1510388.0,10.65330689,74057.3,1778462.1,10.65330689
01005,AL,Barbour County,Clayton,31.877504,-85.449024,31.870253,-85.405104,seat,55635.5,1285836.3,25.28806798,76320.1,1888425.8,25.28806798
01007,AL,Bibb County,Centreville,32.95,-87.134708,33.015893,-87.127148,seat,53448.3,1280591.8,121.1154567,67110.0,1667390.3,121.1154567
01009,AL,Blount County,Oneonta,33.942222222222,-86.478888888889,33.977358,-86.56644,seat,48125.3,1155195.8,15.66123912,66690.3,1670284.3,15.66123912
01011,AL,Bullock County,Union Springs,32.14,-85.712777777778,32.101759,-85.717261,seat,54148.4,1263707.0,20.18378328,73788.8,1840999.5,20.18378328
01013,AL,Butler County,Greenville,31.831273,-86.627567,31.751667,-86.681969,seat,57265.2,1354376.9,7.875022956,72749.5,1834126.5,7.875022956
01015,AL,Calhoun County,Anniston,33.663003,-85.826664,33.770516,-85.827909,seat,48341.6,1152355.8,6.956019308,68495.5,1726081.0,6.956019308
01017,AL,Chambers County,LaFayette,32.898572,-85.400784,32.915504,-85.394032,seat,50454.0,1179776.3,24.50957267,73007.1,1800664.0,24.50957267
01019,AL,Cherokee County,Centre,34.159181,-85.674742,34.069515,-85.654242,seat,45772.2,1078727.8,102.6089295,68238.5,1622627.9,102.6089295
01021,AL,Chilton County,Clanton,32.83981,-86.628188,32.854051,-86.726607,seat,52711.5,1274472.3,4.098292364,67542.4,1705552.0,4.098292364
01023,AL,Choctaw County,Butler,32.091526,-88.220684,31.990954,-88.248889,seat,59984.4,1440860.9,44.05296462,68372.4,1691056.1,44.05296462
01025,AL,Clarke County,Grove Hill,31.706137,-87.774274,31.685521,-87.818624,seat,61743.2,1471541.3,28.77046907,71700.8,1730411.1,28.77046907
01027,AL,Clay County,Ashland,33.272206,-85.836925,33.2704,-85.863525,seat,51356.7,1196648.3,51.41832807,69923.0,1748725.1,51.41832807
01029,AL,Cleburne County,Heflin,33.643754,-85.582701,33.671964,-85.516126,seat,48793.1,1148679.9,34.49526045,69129.0,1744975.4,34.49526045
01031,AL,Coffee County,Elba,31.417263,-86.077442,31.402258,-85.989602,seat,59974.5,1389976.3,83.08653391,76628.3,1892540.8,83.08653391
01033,AL,Colbert County,Tuscumbia,34.730839,-87.702854,34.703112,-87.801457,seat,51950.2,1234194.3,22.14401605,59172.8,1480623.4,22.14401605
01035,AL,Conecuh County,Evergreen,31.435025,-86.954905,31.430926,-86.988722,seat,59406.6,1408685.6,36.09019633,74890.9,1888435.3,36.09019633
01037,AL,Coosa County,Rockford,32.888181,-86.219575,32.931445,-86.243482,seat,52381.0,1243123.8,44.25295763,69141.3,1729949.8,44.25295763
01039,AL,Covington County,Andalusia,31.309,-86.479,31.243987,-86.448721,seat,60629.0,1430270.9,20.57327132,76113.3,1910020.5,20.57327132
01041,AL,Crenshaw County,Luverne,31.7144,-86.2633,31.730311,-86.320038,seat,58657.6,1361363.4,0.7581926741,74386.0,1846078.8,0.7581926741
01043,AL,Cullman County,Cullman,34.1775,-86.8447,34.131923,-86.869267,seat,49699.1,1162966.3,37.47406711,63809.4,1583983.4,37.47406711
01045,AL,Dale County,Ozark,31.448169,-85.642009,31.430654,-85.609476,seat,59091.5,1361770.8,60.25647693,76328.3,1898168.8,60.25647693
01047,AL,Dallas County,Selma,32.416388888889,-87.024722222222,32.333526,-87.11436,seat,56411.8,1330464.8,6.967467856,70601.0,1733452.5,6.967467856
01049,AL,DeKalb County,Fort Payne,34.453829,-85.706648,34.460915,-85.804021,seat,43442.8,1045443.4,53.70471205,65829.8,1571654.3,53.70471205
01051,AL,Elmore County,Wetumpka,32.540972,-86.207726,32.597229,-86.142735,seat,54285.6,1286733.4,49.68178038,70422.0,1771392.3,49.68178038
01053,AL,Escambia County,Brewton,31.117706,-87.071164,31.122287,-87.16841,seat,61553.0,1449079.4,24.53650555,77037.3,1928829.0,24.53650555
01055,AL,Etowah County,Gadsden,34.010147,-86.010356,34.047641,-86.034263,seat,46018.5,1105938.0,22.85924858,68200.8,1721712.0,22.85924858
01057,AL,Fayette County,Fayette,33.692068,-87.832358,33.716157,-87.764292,seat,55396.6,1322659.3,54.64418158,61310.3,1538564.6,54.64418158
01059,AL,Franklin County,Russellville,34.510344,-87.728248,34.441989,-87.842814,seat,52220.3,1239918.9,37.81841148,60257.4,1519715.3,37.81841148
01061,AL,Geneva County,Geneva,31.0411132,-85.8764248,31.092382,-85.821022,seat,61523.2,1417894.8,73.9622994,78737.1,1939144.8,73.9622994
01063,AL,Greene County,Eutaw,32.840555555556,-87.889166666667,32.844497,-87.9642,seat,55294.3,1338507.5,39.59178118,65839.9,1615190.6,39.59178118
01065,AL,Hale County,Greensboro,32.70234,-87.596216,32.752796,-87.623061,seat,55967.2,1341332.9,30.84611843,67649.6,1672313.8,30.84611843
01067,AL,Henry County,Abbeville,31.566388888889,-85.251388888889,31.516978,-85.239971,seat,56699.6,1318081.5,51.68291932,78096.5,1921658.9,51.68291932
01069,AL,Houston County,Dothan,31.227222222222,-85.407222222222,31.158183,-85.296411,seat,58470.0,1357922.6,72.85555162,77936.8,1931303.1,72.85555162
01071,AL,Jackson County,Scottsboro,34.67231,-86.03415,34.764114,-85.980056,seat,44197.1,1059918.8,37.76469479,64476.8,1533591.5,37.76469479
01073,AL,Jefferson County,Birmingham,33.5175,-86.809444444444,33.553444,-86.896536,seat,49560.6,1197955.1,0.5239243939,64062.9,1623335.0,0.5239243939
01075,AL,Lamar County,Vernon,33.756414,-88.111409,33.787085,-88.087431,seat,56898.4,1351075.0,65.28889341,60832.0,1528487.8,65.28889341
01077,AL,Lauderdale County,Florence,34.820277777778,-87.662777777778,34.904168,-87.651108,seat,52257.8,1226478.8,44.15913976,60049.9,1496001.5,44.15913976
01079,AL,Lawrence County,Moulton,34.482307,-87.285621,34.529776,-87.321865,seat,50349.0,1196979.9,22.96114366,61299.3,1529253.3,22.96114366
01081,AL,Lee County,Opelika,32.647183333333,-85.389402777778,32.604064,-85.353048,seat,50605.5,1189571.0,2.824119284,72554.6,1802782.3,2.824119284
01083,AL,Limestone County,Athens,34.791666666667,-86.966666666667,34.810239,-86.981399,seat,48926.0,1160266.0,18.45386016,61794.7,1476653.3,18.45386016
01085,AL,Lowndes County,Hayneville,32.182365,-86.580468,32.147888,-86.650586,seat,56145.1,1321530.1,21.60029055,71629.4,1801279.8,21.60029055
01087,AL,Macon County,Tuskegee,32.431506,-85.706781,32.387027,-85.692887,seat,52412.9,1230289.9,37.54166826,73001.1,1830613.0,37.54166826
01089,AL,Madison County,Huntsville,34.713611111111,-86.586111111111,34.764238,-86.55108,seat,47217.8,1128049.8,36.85284972,63170.3,1493184.6,36.85284972
01091,AL,Marengo County,Linden,32.301111111111,-87.792777777778,32.247591,-87.791091,seat,58716.2,1403660.0,57.88660436,69165.9,1686774.0,57.88660436
01093,AL,Marion County,Hamilton,34.135305,-87.98898,34.138219,-87.881551,seat,54206.6,1286756.0,103.5723403,58541.0,1482105.3,103.5723403
01095,AL,Marshall County,Guntersville,34.348197,-86.294523,34.309564,-86.321668,seat,46473.8,1104099.0,14.79046222,65952.5,1552341.3,14.79046222
01097,AL,Mobile County,Mobile,30.727669444444,-88.052672222222,30.684572,-88.196568,seat,65286.1,1551512.0,238.1041418,72787.7,1746804.6,238.1041418
01099,AL,Monroe County,Monroeville,31.518075,-87.327543,31.580353,-87.383342,seat,61406.0,1453287.9,61.98990354,74309.6,1783384.5,61.98990354
01101,AL,Montgomery County,Montgomery,32.3675,-86.3,32.202881,-86.204461,seat,54276.8,1283947.9,6.026900042,70000.9,1767468.8,6.026900042
01103,AL,Morgan County,Decatur,34.580992,-86.983392,34.454484,-86.846402,seat,48816.2,1166605.0,28.35854035,62579.5,1552897.0,28.35854035
01105,AL,Perry County,Marion,32.632838,-87.317284,32.639005,-87.293827,seat,55393.8,1318397.1,24.850291,69058.3,1704191.9,24.850291
01107,AL,Pickens County,Carrollton,33.260858,-88.094452,33.2968,-88.096864,seat,56044.8,1343732.0,32.57185235,63082.7,1574355.3,32.57185235
01109,AL,Pike County,Troy,31.80196,-85.967317,31.798653,-85.941608,seat,56993.7,1342218.3,46.89914536,73647.5,1844782.8,46.89914536
01111,AL,Randolph County,Wedowee,33.308603,-85.485447,33.296461,-85.464064,seat,50739.4,1187714.0,22.73965224,70629.7,1772982.8,22.73965224
01113,AL,Russell County,Phenix City,32.472777777778,-85.02,32.289811,-85.18698,seat,51019.9,1199790.5,29.19187119,74570.6,1847552.8,29.19187119
01115,AL,St. Clair County,Pell City,33.570907,-86.273845,33.719491,-86.311327,seat,48764.7,1167456.0,76.82416017,66549.9,1680410.5,76.82416017
01117,AL,Shelby County,Columbiana,33.183545,-86.609365,33.266893,-86.661007,seat,51793.7,1236828.3,59.25899931,66773.3,1678994.0,59.25899931
01119,AL,Sumter County,Livingston,32.587332,-88.188161,32.597481,-88.200057,seat,56921.1,1377946.6,8.780758181,65887.2,1631333.5,8.780758181
01121,AL,Talladega County,Talladega,33.434728,-86.101299,33.369314,-86.17593,seat,49639.7,1177756.1,0.3327361312,67890.5,1709836.0,0.3327361312
01123,AL,Tallapoosa County,Dadeville,32.831388888889,-85.763611111111,32.863308,-85.799618,seat,52545.3,1235279.8,3.745490727,70622.7,1760907.3,3.745490727
01125,AL,Tuscaloosa County,Tuscaloosa,33.206666666667,-87.534722222222,33.29022,-87.522783,seat,53294.7,1286156.4,31.01006521,64820.9,1616471.9,31.01006521
01127,AL,Walker County,Jasper,33.842347,-87.277174,33.791558,-87.301094,seat,52361.9,1263036.4,16.22744329,61561.2,1560353.0,16.22744329
01129,AL,Washington County,Chatom,31.461666666667,-88.248055555556,31.408503,-88.212404,seat,64388.9,1520338.3,42.68753935,70896.9,1698685.4,42.68753935
01131,AL,Wilcox County,Camden,31.998851,-87.295743,31.990082,-87.304935,seat,60204.6,1400988.3,59.6008836,73093.3,1766561.9,59.6008836
01133,AL,Winston County,Double Springs,34.151642,-87.40439,34.154566,-87.365346,seat,52906.8,1239836.1,93.24332581,61635.9,1540787.3,93.24332581
04001,AZ,Apache County,St. Johns,34.501944444444,-109.37166666667,35.385084,-109.490172,seat,134804.5,3410787.0,73.66164636,60759.7,1458437.0,73.66164636
04003,AZ,Cochise County,Bisbee,31.418333333333,-109.89777777778,31.840129,-109.775163,seat,143478.0,3617016.8,5.562599534,74238.8,1749823.3,5.562599534
04005,AZ,Coconino County,Flagstaff,35.199166666667,-111.63111111111,35.829692,-111.773728,seat,139838.3,3555307.5,18.59927162,65793.5,1602957.8,18.59927162
04007,AZ,Gila County,Globe,33.399722222222,-110.78166666667,33.789618,-110.81187,seat,144085.3,3625911.5,1.88915014,70040.5,1673561.5,1.88915014
04009,AZ,Graham County,Safford,32.823055555556,-109.71444444444,32.931828,-109.87831,seat,140366.0,3546495.0,51.68079155,71126.8,1679301.5,51.68079155
04011,AZ,Greenlee County,Clifton,33.0509,-109.29618,33.238872,-109.242323,seat,139807.3,3526677.3,40.27416427,70568.1,1659483.9,40.27416427
04012,AZ,La Paz County,Parker,34.15,-114.28888888889,33.72761,-114.038806,seat,155116.1,3947063.8,0.6458294839,81071.3,1994713.8,0.6458294839
04013,AZ,Maricopa County,Phoenix,33.448333333333,-112.07388888889,33.345176,-112.49893,seat,148276.0,3708588.0,11.11903816,74231.2,1756238.0,11.11903816
04015,AZ,Mohave County,Kingman,35.208333333333,-114.025,35.717705,-113.749689,seat,148402.3,3786886.0,9.208860142,74357.5,1834536.0,9.208860142
04017,AZ,Navajo County,Holbrook,34.907222222222,-110.16277777778,35.390785,-110.321025,seat,134256.7,3409861.5,23.85262843,60211.9,1457511.5,23.85262843
04019,AZ,Pima County,Tucson,32.221666666667,-110.92638888889,32.128038,-111.783657,seat,144201.3,3671735.3,3.771463797,74962.1,1804541.8,3.771463797
04021,AZ,Pinal County,Florence,33.038611111111,-111.38694444444,32.918521,-111.366339,seat,148670.5,3713158.0,1.109049019,74625.7,1760808.0,1.109049019
04023,AZ,Santa Cruz County,Nogales,31.353888888889,-110.93916666667,31.525733,-110.845228,seat,146966.0,3715065.3,202.8028782,77726.8,1847871.8,202.8028782
04025,AZ,Yavapai County,Prescott,34.5400242,-112.4685025,34.631071,-112.577225,seat,146089.7,3704828.5,8.876451827,72044.9,1752478.8,8.876451827
04027,AZ,Yuma County,Yuma,32.692222222222,-114.61527777778,32.773942,-113.910905,seat,158680.4,4054253.3,5.068806872,86179.3,2109980.5,5.068806872
05001,AR,Arkansas County,DeWitt,34.291388888889,-91.336944444444,34.28957,-91.376547,seat,67679.9,1642458.8,27.7356627,46076.2,1158303.1,27.7356627
05003,AR,Ashley County,Hamburg,33.2275,-91.798333333333,33.190835,-91.772267,seat,72714.6,1729044.6,38.18540791,48233.9,1224106.8,38.18540791
05005,AR,Baxter County,Mountain Home,36.336111111111,-92.382222222222,36.280268,-92.329949,seat,70630.8,1661252.3,7.989987202,38481.0,880777.3,7.989987202
05007,AR,Benton County,Bentonville,36.366666666667,-94.213333333333,36.337819,-94.256298,seat,78931.0,1883306.0,35.73656234,30364.2,711657.6,35.73656234
05009,AR,Boone County,Harrison,36.237222222222,-93.113611111111,36.304299,-93.079236,seat,74262.7,1742184.3,9.799849144,34944.2,801452.8,9.799849144
05011,AR,Bradley County,Warren,33.6125,-92.066666666667,33.466549,-92.169156,seat,71090.2,1727923.5,8.81563066,46197.6,1177678.3,8.81563066
05013,AR,Calhoun County,Hampton,33.536944444444,-92.465555555556,33.56046,-92.513879,seat,72592.4,1758937.0,55.94802796,46861.1,1182168.5,55.94802796
05015,AR,Carroll County,Eureka Springs,36.4031,-93.7383,36.33737,-93.540972,seat,77542.0,1811148.9,1.233742322,33463.7,772811.8,1.233742322
05017,AR,Chicot County,Lake Village,33.331666666667,-91.283611111111,33.267139,-91.297158,seat,70636.8,1679042.8,32.28091066,49251.2,1241444.0,32.28091066
05019,AR,Clark County,Arkadelphia,34.121666666667,-93.066111111111,34.053316,-93.176208,seat,70887.1,1741519.8,18.64355847,42964.8,1045932.0,18.64355847
05021,AR,Clay County,Piggott,36.3839,-90.1928,36.367302,-90.418704,seat,60460.6,1451043.4,4.555344536,45984.0,1038198.0,4.555344536
05023,AR,Cleburne County,Heber Springs,35.494444444444,-92.039166666667,35.593628,-92.008898,seat,68335.6,1629368.6,41.16253899,42209.6,1054249.8,41.16253899
05025,AR,Cleveland County,Rison,33.957222222222,-92.189722222222,33.893201,-92.188714,seat,69785.2,1697910.3,21.90529703,44411.2,1136334.6,21.90529703
05027,AR,Columbia County,Magnolia,33.27389,-93.23333,33.223038,-93.232843,seat,75566.0,1853974.3,36.29427342,45919.3,1124526.3,36.29427342
05029,AR,Conway County,Morrilton,35.156388888889,-92.741944444444,35.26569,-92.689249,seat,69367.5,1703158.9,19.72278789,37495.2,959765.4,19.72278789
05031,AR,Craighead County,Lake City,35.8178,-90.44,35.827729,-90.631421,seat,62157.4,1497976.3,31.10556795,47051.0,1055839.3,31.10556795
05033,AR,Crawford County,Van Buren,35.444444444444,-94.346666666667,35.582959,-94.236193,seat,75493.5,1865194.3,24.51968568,31654.6,797861.4,24.51968568
05035,AR,Crittenden County,Marion,35.206111111111,-90.201666666667,35.197559,-90.30512,seat,59006.0,1432167.5,39.72374086,48077.7,1237098.0,39.72374086
05037,AR,Cross County,Wynne,35.2275,-90.7894,35.285692,-90.763984,seat,61617.9,1492681.8,32.9892713,46220.3,1163750.1,32.9892713
05039,AR,Dallas County,Fordyce,33.814722222222,-92.414444444444,33.967823,-92.653999,seat,70964.5,1724813.5,16.88947076,45230.9,1148044.9,16.88947076
05041,AR,Desha County,Napoleon,33.795638888889,-91.107111111111,33.828752,-91.244103,seat,73446.4,1725291.3,1631.54389,50493.5,1220518.5,1631.54389
05043,AR,Drew County,Monticello,33.627222222222,-91.793888888889,33.587242,-91.722778,seat,71096.3,1725367.1,44.19098329,46330.1,1178172.8,44.19098329
05045,AR,Faulkner County,Conway,35.087222222222,-92.453333333333,35.146548,-92.336928,seat,68209.5,1672443.4,53.28959096,38711.6,991699.7,53.28959096
05047,AR,Franklin County,Charleston,35.298611111111,-94.040833333333,35.508558,-93.887665,seat,75670.0,1855305.3,2.440803617,33465.0,825025.9,2.440803617
05049,AR,Fulton County,Salem,36.370555555556,-91.823888888889,36.381322,-91.819285,seat,68102.9,1603722.6,14.71694038,40091.6,905830.9,14.71694038
05051,AR,Garland County,Hot Springs,34.503611111111,-93.055277777778,34.578852,-93.146932,seat,70261.6,1716560.9,5.546195995,40599.3,993249.8,5.546195995
05053,AR,Grant County,Sheridan,34.307041666667,-92.401263888889,34.285568,-92.422979,seat,68773.6,1683463.8,19.01324718,42684.7,1089849.8,19.01324718
05055,AR,Greene County,Paragould,36.056944444444,-90.503055555556,36.120607,-90.566346,seat,60990.1,1474216.1,37.02215563,46059.7,1032388.1,37.02215563
05057,AR,Hempstead County,Hope,33.667778,-93.592222,33.735953,-93.664355,seat,73431.5,1809069.3,11.21139492,43907.5,1088501.0,11.21139492
05059,AR,Hot Spring County,Malvern,34.363888888889,-92.810833333333,34.315177,-92.944147,seat,69517.4,1703397.3,4.906002117,42030.7,1026937.0,4.906002117
05061,AR,Howard County,Nashville,33.9419,-93.8481,34.083064,-93.990931,seat,74636.2,1836102.8,32.36306499,41934.4,1031265.1,32.36306499
05063,AR,Independence County,Batesville,35.773611111111,-91.641388888889,35.737499,-91.559942,seat,67396.4,1618407.3,15.08958935,43817.8,993139.7,15.08958935
05065,AR,Izard County,Melbourne,36.059722222222,-91.894444444444,36.094879,-91.913625,seat,69358.8,1620758.5,50.64410235,42429.2,947249.9,50.64410235
05067,AR,Jackson County,Newport,35.611944444444,-91.262222222222,35.596467,-91.223205,seat,65196.5,1558445.6,182.7307205,44675.0,1134367.0,182.7307205
05069,AR,Jefferson County,Pine Bluff,34.228444444444,-92.003194444444,34.277239,-91.929673,seat,68117.2,1657562.8,13.73296613,43265.4,1105460.1,13.73296613
05071,AR,Johnson County,Clarksville,35.463888888889,-93.477222222222,35.573359,-93.466322,seat,72253.0,1782089.6,37.1690123,34493.4,879181.5,37.1690123
05073,AR,Lafayette County,Lewisville,33.360555555556,-93.579444444444,33.240629,-93.611514,seat,75545.1,1846714.0,26.96441849,44296.1,1088032.4,26.96441849
05075,AR,Lawrence County,Walnut Ridge,36.0725,-90.9569,36.041098,-91.101153,seat,62920.2,1516429.4,53.4761171,44143.6,990259.3,53.4761171
05077,AR,Lee County,Marianna,34.773888888889,-90.765,34.779505,-90.779717,seat,62774.4,1517542.5,38.10279991,46952.7,1184038.6,38.10279991
05079,AR,Lincoln County,Star City,33.940833333333,-91.8425,33.956385,-91.742355,seat,69614.7,1691905.4,54.5814859,44848.5,1144711.1,54.5814859
05081,AR,Little River County,Ashdown,33.673333333333,-94.127222222222,33.701941,-94.236287,seat,76274.5,1873572.0,35.84331801,42317.2,1033973.3,35.84331801
05083,AR,Logan County,Booneville,35.139722222222,-93.921388888889,35.218654,-93.72091,seat,75691.9,1830946.6,45.96865857,34588.8,847865.5,45.96865857
05085,AR,Lonoke County,Lonoke,34.7842,-91.9008,34.755114,-91.894132,seat,65149.0,1595273.3,15.75537079,41725.9,1068342.8,15.75537079
05087,AR,Madison County,Huntsville,36.089722222222,-93.735,36.012545,-93.724053,seat,77822.9,1816987.8,21.25962236,33329.7,815243.4,21.25962236
05089,AR,Marion County,Yellville,36.2297,-92.6853,36.266664,-92.678577,seat,72020.3,1695670.8,22.01206003,37053.4,848429.8,22.01206003
05091,AR,Miller County,Texarkana,33.433055555556,-94.020555555556,33.305505,-93.901502,seat,75387.8,1858757.6,48.83895902,42323.7,1042292.6,48.83895902
05093,AR,Mississippi County,Blytheville,35.930833333333,-89.913888888889,35.766944,-90.052207,seat,59402.7,1435087.8,4.882134883,48342.0,1147343.5,4.882134883
05095,AR,Monroe County,Clarendon,34.694166666667,-91.308333333333,34.679512,-91.20331,seat,64348.8,1554611.8,41.72381116,45282.8,1142453.8,41.72381116
05097,AR,Montgomery County,Mount Ida,34.5539,-93.6306,34.545656,-93.664153,seat,72790.1,1774370.0,41.34624209,38048.8,935398.3,41.34624209
05099,AR,Nevada County,Prescott,33.8025,-93.381944444444,33.666699,-93.305072,seat,72539.2,1785304.3,48.43161516,44178.0,1084973.1,48.43161516
05101,AR,Newton County,Jasper,36.0086,-93.1856,35.910742,-93.215898,seat,75557.7,1765684.4,26.58388593,36677.8,833220.4,26.58388593
05103,AR,Ouachita County,Camden,33.570833333333,-92.835,33.591168,-92.878413,seat,73214.6,1775744.9,68.50293892,47376.3,1170315.1,68.50293892
05105,AR,Perry County,Perryville,35.0058,-92.8031,34.946363,-92.926877,seat,70118.6,1699597.8,28.29268038,38756.6,983725.8,28.29268038
05107,AR,Phillips County,Helena-West Helena,34.529166666667,-90.59,34.423687,-90.855593,seat,63483.5,1521081.9,1.193563241,48562.2,1218639.8,1.193563241
05109,AR,Pike County,Murfreesboro,34.0664,-93.6892,34.158191,-93.658659,seat,74618.9,1807730.9,56.04200578,42530.8,1008676.6,56.04200578
05111,AR,Poinsett County,Harrisburg,35.5642,-90.7222,35.56887,-90.681104,seat,62251.5,1505452.5,18.20411348,47080.8,1176379.0,18.20411348
05113,AR,Polk County,Mena,34.582222222222,-94.239166666667,34.49096,-94.230894,seat,76655.7,1839664.6,15.9625028,37093.0,894845.5,15.9625028
05115,AR,Pope County,Russellville,35.2783,-93.1369,35.456557,-93.026818,seat,70823.2,1742626.4,31.96948906,36051.5,918804.0,31.96948906
05117,AR,Prairie County,DeValls Bluff,34.784722222222,-91.460277777778,34.831116,-91.55362,seat,63881.0,1557743.8,68.39575059,43483.7,1111978.3,68.39575059
05119,AR,Pulaski County,Little Rock,34.744444444444,-92.288055555556,34.770311,-92.312996,seat,66708.0,1634014.1,1.121280691,40519.3,1037274.3,1.121280691
05121,AR,Randolph County,Pocahontas,36.2636,-90.9733,36.341298,-91.028441,seat,63431.9,1502928.5,37.27921527,43515.7,983006.9,37.27921527
05123,AR,St. Francis County,Forrest City,35.01,-90.7875,35.022838,-90.751506,seat,61179.6,1489361.3,41.5607198,45734.1,1176563.8,41.5607198
05125,AR,Saline County,Benton,34.570833333333,-92.576944444444,34.648525,-92.674463,seat,68179.4,1668344.5,29.36220519,41626.2,1064246.1,29.36220519
05127,AR,Scott County,Waldron,34.899166666667,-94.091388888889,34.858869,-94.063641,seat,76210.2,1848008.3,7.656925493,34749.5,861321.5,7.656925493
05129,AR,Searcy County,Marshall,35.90972,-92.63611,35.896387,-92.695888,seat,73374.0,1719486.4,7.96976537,38467.8,868123.0,7.96976537
05131,AR,Sebastian County,Greenwood,35.215555555556,-94.253333333333,35.196981,-94.274989,seat,77144.4,1899569.3,25.52312672,32833.2,814812.0,25.52312672
05133,AR,Sevier County,De Queen,34.04,-94.341944444444,33.994877,-94.243279,seat,76470.6,1860250.4,23.51582294,39408.9,977599.3,23.51582294
05135,AR,Sharp County,Ash Flat,36.231111111111,-91.609166666667,36.173399,-91.471069,seat,66993.9,1576971.3,60.59896821,41373.1,934806.8,60.59896821
05137,AR,Stone County,Mountain View,35.865,-92.108611111111,35.857001,-92.140482,seat,70185.6,1668100.6,19.97057369,41857.1,929714.3,19.97057369
05139,AR,Union County,El Dorado,33.213611111111,-92.6625,33.168219,-92.598145,seat,74524.4,1808859.0,33.94119121,48353.6,1181846.0,33.94119121
05141,AR,Van Buren County,Clinton,35.586388888889,-92.457777777778,35.582953,-92.515976,seat,71027.4,1674752.8,49.17425867,40856.1,913783.6,49.17425867
05143,AR,Washington County,Fayetteville,36.076388888889,-94.160833333333,35.978001,-94.217269,seat,77846.1,1927883.4,20.81872081,31570.3,781029.0,20.81872081
05145,AR,White County,Searcy,35.246944444444,-91.733611111111,35.255118,-91.753034,seat,65553.1,1584406.3,23.96561155,42349.7,1071020.3,23.96561155
05147,AR,Woodruff County,Augusta,35.286388888889,-91.360833333333,35.192777,-91.244535,seat,63790.6,1543524.3,35.11083882,43820.3,1108537.0,35.11083882
05149,AR,Yell County,Dardanelle,35.2225,-93.160277777778,34.997713,-93.408303,seat,71110.5,1749532.5,41.321382,36377.4,926328.3,41.321382
06001,CA,Alameda County,Oakland,37.8,-122.25,37.647139,-121.912488,seat,178091.1,4528716.0,3.5882618,96531.2,2531391.5,3.5882618
06003,CA,Alpine County,Markleeville,38.695,-119.78027777778,38.621783,-119.798352,seat,167738.6,4265710.0,7.131910571,86178.7,2268385.8,7.131910571
06005,CA,Amador County,Jackson,38.348888888889,-120.77416666667,38.443549,-120.653858,seat,173715.0,4377906.0,4.557080657,92155.1,2380581.0,4.557080657
06007,CA,Butte County,Oroville,39.513611111111,-121.55666666667,39.665336,-121.603209,seat,173795.1,4410335.0,6.697656546,92235.2,2413010.0,6.697656546
06009,CA,Calaveras County,San Andreas,38.196111111111,-120.68055555556,38.191068,-120.554107,seat,175115.6,4402665.0,4.2266856,93555.7,2405340.5,4.2266856
06011,CA,Colusa County,Colusa,39.214444444444,-122.00944444444,39.177739,-122.237563,seat,174592.0,4419790.0,6.950966018,93032.1,2422465.3,6.950966018
06013,CA,Contra Costa County,Martinez,38.019444444444,-122.13416666667,37.919479,-121.951543,seat,176729.4,4495530.0,5.218662866,95169.5,2498205.3,5.218662866
06015,CA,Del Norte County,Crescent City,41.756111111111,-124.20166666667,41.749903,-123.980998,seat,193064.8,4838215.0,4.39400529,111504.9,2840890.8,4.39400529
06017,CA,El Dorado County,Placerville,38.729722222222,-120.79861111111,38.785612,-120.534225,seat,172608.0,4350769.0,14.0282361,91048.1,2353444.8,14.0282361
06019,CA,Fresno County,Fresno,36.781666666667,-119.79222222222,36.761006,-119.655019,seat,177632.5,4507339.0,37.73360651,97635.4,2462049.0,37.73360651
06021,CA,Glenn County,Willows,39.524444444444,-122.19361111111,39.602546,-122.4017,seat,176881.4,4461897.0,25.87251796,95321.5,2464572.0,25.87251796
06023,CA,Humboldt County,Eureka,40.801944444444,-124.16361111111,40.706655,-123.926176,seat,188155.2,4734175.0,12.94967271,106595.3,2736850.5,12.94967271
06025,CA,Imperial County,El Centro,32.792,-115.5630514,33.040814,-115.3554,seat,162564.6,4150659.8,24.51347829,90063.5,2206387.0,24.51347829
06027,CA,Inyo County,Independence,36.802777777778,-118.2,36.56216,-117.404209,seat,170224.1,4262166.0,11.87800387,88664.2,2264841.0,11.87800387
06029,CA,Kern County,Bakersfield,35.373333333333,-119.01888888889,35.346629,-118.729506,seat,170354.5,4327914.0,3.634789473,90357.4,2282624.0,3.634789473
06031,CA,Kings County,Hanford,36.3275,-119.64555555556,36.072478,-119.81553,seat,175968.0,4465376.0,28.41169543,95970.9,2420085.8,28.41169543
06033,CA,Lake County,Lakeport,39.043055555556,-122.91583333333,39.108009,-122.745217,seat,180726.2,4538882.0,11.54598439,99166.3,2541557.0,11.54598439
06035,CA,Lassen County,Susanville,40.417222222222,-120.64611111111,40.715287,-120.621223,seat,169056.2,4317294.0,40.2209711,87496.3,2319969.5,40.2209711
06037,CA,Los Angeles County,Los Angeles,34.05223,-118.24368,34.196398,-118.261862,seat,168982.5,4303525.0,15.87358126,88985.4,2258235.3,15.87358126
06039,CA,Madera County,Madera,36.961388888889,-120.06083333333,37.209821,-119.749802,seat,178717.9,4535962.5,8.472962217,98720.8,2490672.5,8.472962217
06041,CA,Marin County,San Rafael,37.973333333333,-122.53083333333,38.051367,-122.746396,seat,178187.4,4528818.0,7.608151475,96627.5,2531493.0,7.608151475
06043,CA,Mariposa County,Mariposa,37.48722,-119.96833,37.574343,-119.911721,seat,180637.2,4501604.0,30.26036747,99077.3,2504279.3,30.26036747
06045,CA,Mendocino County,Ukiah,39.15,-123.2075,39.432388,-123.442881,seat,182603.1,4570476.0,5.789762501,101043.2,2573151.5,5.789762501
06047,CA,Merced County,Merced,37.302222222222,-120.48305555556,37.194806,-120.722802,seat,180032.2,4574143.0,12.80951869,98472.3,2576818.5,12.80951869
06049,CA,Modoc County,Alturas,41.487222222222,-120.5425,41.592918,-120.71837,seat,173866.9,4252202.0,1.252924074,92307.0,2254877.3,1.252924074
06051,CA,Mono County,Bridgeport,38.255833333333,-119.23138888889,37.915836,-118.875167,seat,170574.8,4306700.0,2.887614069,89014.9,2309375.3,2.887614069
06053,CA,Monterey County,Salinas,36.677777777778,-121.65555555556,36.240104,-121.315578,seat,184375.4,4674245.0,16.91617168,102815.5,2676920.0,16.91617168
06055,CA,Napa County,Napa,38.3,-122.3,38.5071,-122.325904,seat,176505.6,4492088.0,29.71807531,94945.7,2494763.0,29.71807531
06057,CA,Nevada County,Nevada City,39.261388888889,-121.01861111111,39.297508,-120.771343,seat,169350.3,4318405.0,12.05102861,87790.4,2321080.0,12.05102861
06059,CA,Orange County,Santa Ana,33.740833333333,-117.88138888889,33.675687,-117.777207,seat,168972.9,4300111.0,35.96056489,88975.8,2254820.8,35.96056489
06061,CA,Placer County,Auburn,38.898611111111,-121.07444444444,39.062032,-120.722718,seat,170020.9,4343339.0,13.54156025,88461.0,2346014.5,13.54156025
06063,CA,Plumas County,Quincy,39.93611,-120.94778,39.992295,-120.824371,seat,169334.7,4310381.0,12.22517509,87774.8,2313056.3,12.22517509
06065,CA,Riverside County,Riverside,33.982222222222,-117.3725,33.729828,-116.002239,seat,166572.2,4247617.5,10.94195463,86575.1,2202327.5,10.94195463
06067,CA,Sacramento County,Sacramento,38.575277777778,-121.48611111111,38.450136,-121.344329,seat,172390.4,4396283.0,28.001984,90830.5,2398958.5,28.001984
06069,CA,San Benito County,Hollister,36.84694,-121.39806,36.611651,-121.085811,seat,182819.8,4640341.0,10.45026726,101259.9,2643016.8,10.45026726
06071,CA,San Bernardino County,San Bernardino,34.104166666667,-117.29222222222,34.856661,-116.181571,seat,165960.8,4232408.0,29.98120951,85963.7,2187117.8,29.98120951
06073,CA,San Diego County,San Diego,32.715,-117.1625,33.023604,-116.776117,seat,169822.5,4329669.0,35.37808221,93143.2,2356811.8,35.37808221
06075,CA,San Francisco County,San Francisco,37.775,-122.41944444444,37.727239,-123.032229,seat,178574.4,4535643.0,4.5188037,97014.5,2538318.0,4.5188037
06077,CA,San Joaquin County,Stockton,37.9575,-121.2925,37.934982,-121.272244,seat,175637.8,4472394.0,0.0,94077.9,2475069.5,0.0
06079,CA,San Luis Obispo County,San Luis Obispo,35.274166666667,-120.66305555556,35.388189,-120.448897,seat,180115.4,4549128.0,31.10664096,100118.3,2503838.3,31.10664096
06081,CA,San Mateo County,Redwood City,37.482777777778,-122.23611111111,37.414672,-122.371546,seat,180401.0,4574240.0,3.3370856,98841.1,2576915.0,3.3370856
06083,CA,Santa Barbara County,Santa Barbara,34.425833333333,-119.71416666667,34.536677,-120.038364,seat,175300.3,4448302.5,13.46167272,95303.2,2403012.5,13.46167272
06085,CA,Santa Clara County,San Jose,37.304166666667,-121.87277777778,37.221614,-121.68954,seat,180863.5,4589282.0,21.04556486,99303.6,2591957.5,21.04556486
06087,CA,Santa Cruz County,Santa Cruz,36.97205,-122.026252,37.012347,-122.007789,seat,182794.6,4630524.0,55.54268217,101234.7,2633199.5,55.54268217
06089,CA,Shasta County,Redding,40.586388888889,-122.39166666667,40.760514,-122.043556,seat,177612.5,4498318.0,4.248902485,96052.6,2500993.0,4.248902485
06091,CA,Sierra County,Downieville,39.5675,-120.81222222222,39.576925,-120.521993,seat,169725.1,4324478.0,741.3118872,88165.2,2327153.3,741.3118872
06093,CA,Siskiyou County,Yreka,41.726666666667,-122.6375,41.587986,-122.533287,seat,181085.2,4587784.0,33.99497776,99525.3,2590459.5,33.99497776
06095,CA,Solano County,Fairfield,38.257777777778,-122.05416666667,38.267226,-121.939594,seat,175165.5,4462320.0,24.53699041,93605.6,2464995.5,24.53699041
06097,CA,Sonoma County,Santa Rosa,38.448611111111,-122.70472222222,38.525182,-122.92611,seat,179347.4,4537775.0,39.98919572,97787.5,2540450.8,39.98919572
06099,CA,Stanislaus County,Modesto,37.661388888889,-120.99444444444,37.562316,-121.002831,seat,177418.8,4511564.0,9.881113995,95858.9,2514239.0,9.881113995
06101,CA,Sutter County,Yuba City,39.134722222222,-121.62611111111,39.03619,-121.70394,seat,172645.0,4382102.0,48.96078869,91085.1,2384777.5,48.96078869
06103,CA,Tehama County,Red Bluff,40.176666666667,-122.23805555556,40.126157,-122.232274,seat,177597.0,4488466.0,7.057027851,96037.1,2491141.5,7.057027851
06105,CA,Trinity County,Weaverville,40.7367,-122.936,40.647858,-123.114666,seat,180747.9,4568895.0,41.31397177,99188.0,2571570.0,41.31397177
06107,CA,Tulare County,Visalia,36.33023,-119.29206,36.228834,-118.781055,seat,175320.4,4445266.0,7.434657455,95323.3,2399975.8,7.434657455
06109,CA,Tuolumne County,Sonora,37.984444444444,-120.38166666667,38.021434,-119.964733,seat,176108.4,4410938.0,19.56824262,94548.5,2413613.0,19.56824262
06111,CA,Ventura County,Ventura,34.26778,-119.254206,34.358748,-119.133145,seat,173152.2,4397657.0,39.9618062,93155.1,2352367.0,39.9618062
06113,CA,Yolo County,Woodland,38.678611111111,-121.77333333333,38.679609,-121.90275,seat,173530.5,4420883.0,16.27336089,91970.6,2423558.0,16.27336089
06115,CA,Yuba County,Marysville,39.145833333333,-121.59138888889,39.27013,-121.344259,seat,172360.2,4378249.0,3.57878596,90800.3,2380924.0,3.57878596
08001,CO,Adams County,Brighton,39.9742,-104.81,39.874325,-104.331872,seat,108558.4,2685175.3,32.12056411,25398.1,624713.4,32.12056411
08003,CO,Alamosa County,Alamosa,37.46861,-105.87361,37.568442,-105.788041,seat,120362.4,2862951.5,0.3538196657,36209.7,854826.6,0.3538196657
08005,CO,Arapahoe County,Littleton,39.613321,-105.0166498,39.644554,-104.331706,seat,110617.5,2709596.8,8.070759476,26072.4,631664.6,8.070759476
08007,CO,Archuleta County,Pagosa Springs,37.268055555556,-107.00777777778,37.202395,-107.050863,seat,127779.1,3006256.0,2.06686532,43626.4,998131.0,2.06686532
08009,CO,Baca County,Springfield,37.4067,-102.617,37.30978,-102.543741,seat,107712.8,2515173.3,38.50366731,26022.8,582904.7,38.50366731
08011,CO,Bent County,Las Animas,38.0669,-103.226,37.931891,-103.077584,seat,108115.9,2596661.0,57.29624316,24979.6,560047.3,57.29624316
08013,CO,Boulder County,Boulder,40.019444444444,-105.29277777778,40.094966,-105.397702,seat,111106.5,2740949.5,57.24828977,27124.0,656269.4,57.24828977
08014,CO,Broomfield County,(internal point),39.953593,-105.050787,39.953593,-105.050787,internal_point,109859.5,2716340.3,92.88510938,26106.3,643563.3,92.88510938
08015,CO,Chaffee County,Salida,38.5314,-105.996,38.734599,-106.300025,seat,118449.3,2838542.5,15.49872654,33904.2,760610.2,15.49872654
08017,CO,Cheyenne County,Cheyenne Wells,38.8211,-102.354,38.835646,-102.601791,seat,100892.3,2433588.5,15.54425015,17756.0,396974.6,15.54425015
08019,CO,Clear Creek County,Georgetown,39.7125,-105.696,39.689403,-105.670783,seat,112737.8,2782479.5,14.40019199,28547.9,692343.3,14.40019199
08021,CO,Conejos County,Conejos,37.0886,-106.02,37.213406,-106.176447,seat,122847.6,2907971.5,2.825312112,38694.9,899846.8,2.825312112
08023,CO,Costilla County,San Luis,37.2019,-105.422,37.277547,-105.42894,seat,119752.1,2847428.0,22.6524896,35599.4,839303.3,22.6524896
08025,CO,Crowley County,Ordway,38.2197,-103.757,38.30618,-103.772736,seat,109900.0,2601964.3,9.435062783,26763.7,565350.4,9.435062783
08027,CO,Custer County,Westcliffe,38.1328,-105.466,38.101996,-105.373512,seat,116280.6,2797448.0,23.85911777,31735.5,719515.7,23.85911777
08029,CO,Delta County,Delta,38.7408,-108.063,38.861423,-107.865043,seat,128462.2,3156005.8,18.17614768,44272.3,1065869.6,18.17614768
08031,CO,Denver County,Denver,39.739166666667,-104.98472222222,39.76185,-104.881105,seat,110065.6,2716701.0,45.02766586,25617.1,623427.2,45.02766586
08033,CO,Dolores County,Dove Creek,37.7661,-108.906,37.733823,-108.506219,seat,138459.3,3409236.8,1.497702323,54269.4,1319100.8,1.497702323
08035,CO,Douglas County,Castle Rock,39.3722,-104.856,39.325414,-104.925987,seat,109106.4,2665252.0,27.10772977,24561.3,587319.9,27.10772977
08037,CO,Eagle County,Eagle,39.650555555556,-106.82722222222,39.626992,-106.695169,seat,118249.5,2914511.0,52.25634663,34059.6,824374.9,52.25634663
08039,CO,Elbert County,Kiowa,39.3442,-104.463,39.315157,-104.114076,seat,107296.7,2628862.0,17.34156281,22751.6,550929.9,17.34156281
08041,CO,El Paso County,Colorado Springs,38.863333333333,-104.79194444444,38.827383,-104.527472,seat,109809.5,2671694.8,17.78961651,25264.4,593762.6,17.78961651
08043,CO,Fremont County,Cañon City,38.4467,-105.228,38.45517,-105.424958,seat,113323.2,2746077.3,6.787603652,28778.1,668145.1,6.787603652
08045,CO,Garfield County,Glenwood Springs,39.55,-107.31666666667,39.599352,-107.90978,seat,120347.4,2964134.0,197.719462,36157.5,873998.0,197.719462
08047,CO,Gilpin County,Central City,39.802631,-105.516782,39.861156,-105.528878,seat,112565.5,2771721.3,32.72912894,28375.6,681585.2,32.72912894
08049,CO,Grand County,Hot Sulphur Springs,40.0733,-106.101,40.113065,-106.110837,seat,117977.1,2865355.8,5.716202527,33787.2,775219.7,5.716202527
08051,CO,Gunnison County,Gunnison,38.544444444444,-106.92833333333,38.670499,-107.05688,seat,123283.9,2951122.5,5.106295974,38738.8,873190.3,5.106295974
08053,CO,Hinsdale County,Lake City,38.0319,-107.312,37.811519,-107.383974,seat,128159.5,3038608.0,29.43185004,43614.4,960675.8,29.43185004
08055,CO,Huerfano County,Walsenburg,37.626666666667,-104.78388888889,37.687815,-104.959928,seat,114975.6,2746579.0,1.94545732,30795.1,737989.4,1.94545732
08057,CO,Jackson County,Walden,40.7306,-106.282,40.663432,-106.329248,seat,114739.0,2828236.5,8.026738987,33179.1,830911.8,8.026738987
08059,CO,Jefferson County,Golden,39.746944444444,-105.21083333333,39.579511,-105.245462,seat,110507.5,2731706.8,0.6128359823,26317.6,641570.6,0.6128359823
08061,CO,Kiowa County,Eads,38.4806,-102.781,38.387663,-102.756849,seat,105424.6,2503486.0,6.720160915,22288.3,466872.0,6.720160915
08063,CO,Kit Carson County,Burlington,39.3042,-102.269,39.30534,-102.603023,seat,99763.8,2433288.0,27.42275384,15218.7,355356.0,27.42275384
08065,CO,Lake County,Leadville,39.2472,-106.292414,39.205341,-106.350079,seat,116985.9,2872781.0,2.538249236,32796.0,782644.8,2.538249236
08067,CO,La Plata County,Durango,37.2753,-107.88,37.287367,-107.839718,seat,132651.0,3102942.0,8.255940025,48498.3,1094817.0,8.255940025
08069,CO,Larimer County,Fort Collins,40.566666666667,-105.08333333333,40.658093,-105.486764,seat,109967.5,2720505.8,6.329605028,28407.6,723181.1,6.329605028
08071,CO,Las Animas County,Trinidad,37.166666666667,-104.5,37.318831,-104.04411,seat,115679.0,2756402.0,25.37290206,32542.7,719788.3,25.37290206
08073,CO,Lincoln County,Hugo,39.1336,-103.468,38.99374,-103.507555,seat,104480.0,2556189.3,13.77876326,19934.9,478257.2,13.77876326
08075,CO,Logan County,Sterling,40.6256,-103.212,40.728091,-103.090464,seat,102306.0,2518850.0,7.242291817,20746.1,521525.4,7.242291817
08077,CO,Mesa County,Grand Junction,39.0667,-108.567,39.019524,-108.460571,seat,126145.7,3104019.0,1.887287515,41955.8,1013883.1,1.887287515
08079,CO,Mineral County,Creede,37.85,-106.92638888889,37.549067,-107.003236,seat,125841.4,2972774.0,6.634923164,41688.7,964649.0,6.634923164
08081,CO,Moffat County,Craig,40.5169,-107.55,40.610864,-108.217154,seat,122871.5,2990923.5,22.20118523,40435.6,939134.1,22.20118523
08083,CO,Montezuma County,Cortez,37.3492,-108.579,37.338025,-108.595786,seat,135956.8,3173574.8,2.99656107,51804.1,1165449.8,2.99656107
08085,CO,Montrose County,Montrose,38.4769,-107.866,38.407507,-108.266282,seat,128726.9,3054666.5,25.90194712,44181.8,976734.2,25.90194712
08087,CO,Morgan County,Fort Morgan,40.2533,-103.799,40.263159,-103.81221,seat,104944.3,2588522.8,30.19612714,23165.6,502321.4,30.19612714
08089,CO,Otero County,La Junta,37.9814,-103.548,37.88417,-103.72126,seat,109690.2,2628223.5,25.04173092,26553.9,591609.5,25.04173092
08091,CO,Ouray County,Ouray,38.0233,-107.672,38.154731,-107.78848,seat,131662.2,3112237.8,16.94917997,47117.1,1034305.6,16.94917997
08093,CO,Park County,Fairplay,39.2244,-105.998,39.118914,-105.717648,seat,116244.3,2847838.0,56.87248464,31840.5,730996.6,56.87248464
08095,CO,Phillips County,Holyoke,40.5819,-102.301,40.594712,-102.345105,seat,101137.7,2474389.0,15.92012754,17346.6,382940.4,15.92012754
08097,CO,Pitkin County,Aspen,39.192222222222,-106.82444444444,39.217541,-106.916162,seat,123803.0,3029971.0,0.3440839287,39613.1,939834.9,0.3440839287
08099,CO,Prowers County,Lamar,38.0861,-102.619,37.958181,-102.392161,seat,105549.5,2493635.0,0.3509717348,22645.2,507352.0,0.3509717348
08101,CO,Pueblo County,Pueblo,38.266944444444,-104.62027777778,38.162765,-104.484668,seat,112529.9,2739493.0,0.0875034564,27984.8,661560.9,0.0875034564
08103,CO,Rio Blanco County,Meeker,40.03944,-107.91056,39.972622,-108.200716,seat,125809.0,3072972.0,13.90961619,41619.1,982835.8,13.90961619
08105,CO,Rio Grande County,Del Norte,37.6789,-106.353,37.485853,-106.453128,seat,122852.3,2912489.5,15.1874629,38699.6,904364.5,15.1874629
08107,CO,Routt County,Steamboat Springs,40.476388888889,-106.82666666667,40.483664,-106.987702,seat,119677.3,2922017.5,1.14630092,37241.4,870228.2,1.14630092
08109,CO,Saguache County,Saguache,38.0872,-106.141,38.031651,-106.234666,seat,121643.7,2920515.5,6.437877989,37098.6,842583.3,6.437877989
08111,CO,San Juan County,Silverton,37.8125,-107.66305555556,37.781049,-107.670257,seat,134847.4,3150094.0,9.538142113,50302.3,1072161.6,9.538142113
08113,CO,San Miguel County,Telluride,37.939153,-107.816317,38.009319,-108.427263,seat,134397.7,3159208.5,10.16207401,49852.6,1081276.1,10.16207401
08115,CO,Sedgwick County,Julesburg,40.988333333333,-102.26436111111,40.871568,-102.355358,seat,99019.2,2429018.5,19.73001796,17459.3,431693.9,19.73001796
08117,CO,Summit County,Breckenridge,39.48165,-106.03835,39.621023,-106.137555,seat,115758.3,2840139.5,32.95161667,31568.4,750003.5,32.95161667
08119,CO,Teller County,Cripple Creek,38.747294,-105.179283,38.869976,-105.187365,seat,114296.4,2746666.0,24.88468563,29751.3,668734.0,24.88468563
08121,CO,Washington County,Akron,40.16139,-103.21167,39.96579,-103.209744,seat,105216.6,2569877.8,18.39924066,20484.8,445040.8,18.39924066
08123,CO,Weld County,Greeley,40.416666666667,-104.7,40.555961,-104.383666,seat,109600.5,2702926.0,6.874726318,27821.8,616724.8,6.874726318
08125,CO,Yuma County,Wray,40.0800971,-102.2283583,40.00077,-102.421649,seat,102437.1,2453721.0,41.7340869,16562.4,358453.3,41.7340869
09110,CT,Capitol Planning Region,(internal point),41.81697,-72.575886,41.81697,-72.575886,internal_point,26536.1,554686.5,14.77881997,105395.4,2531943.5,14.77881997
09120,CT,Greater Bridgeport Planning Region,(internal point),41.184558,-73.209401,41.184558,-73.209401,internal_point,21647.8,453777.5,36.07356132,101686.4,2436905.0,36.07356132
09130,CT,Lower Connecticut River Valley Planning Region,(internal point),41.420307,-72.493525,41.420307,-72.493525,internal_point,26105.7,535993.4,19.66739321,105213.0,2528347.0,19.66739321
09140,CT,Naugatuck Valley Planning Region,(internal point),41.518931,-73.087906,41.518931,-73.087906,internal_point,23891.9,504819.6,398.3802793,102306.4,2467123.5,398.3802793
09150,CT,Northeastern Connecticut Planning Region,(internal point),41.842375,-71.972655,41.842375,-71.972655,internal_point,29363.5,609123.2,453.5223939,108222.8,2586380.0,453.5223939
09160,CT,Northwest Hills Planning Region,(internal point),41.854809,-73.221494,41.854809,-73.221494,internal_point,25365.3,528177.5,780.8504396,103286.2,2461199.5,780.8504396
09170,CT,South Central Connecticut Planning Region,(internal point),41.290167,-72.837024,41.290167,-72.837024,internal_point,23856.2,492004.1,156.8811358,103894.8,2475131.5,156.8811358
09180,CT,Southeastern Connecticut Planning Region,(internal point),41.484769,-72.101666,41.484769,-72.101666,internal_point,26940.8,566538.4,73.00421959,106979.4,2549666.0,73.00421959
09190,CT,Western Connecticut Planning Region,(internal point),41.279055,-73.44655,41.279055,-73.44655,internal_point,21931.9,453328.2,66.10913095,100952.5,2434076.5,66.10913095
10001,DE,Kent County,Dover,39.161662,-75.525709,39.097088,-75.502982,seat,7710.9,149814.0,3.226399578,95094.2,2209897.5,3.226399578
10003,DE,New Castle County,Wilmington,39.748333333333,-75.551388888889,39.575915,-75.644132,seat,8341.2,172736.2,18.8107522,92884.1,2154152.3,18.8107522
10005,DE,Sussex County,Georgetown,38.690277777778,-75.386666666667,38.673227,-75.337024,seat,8677.4,163208.8,17.4821749,96060.7,2223292.3,17.4821749
11001,DC,District of Columbia,(internal point),38.904247,-77.016517,38.904247,-77.016517,internal_point,249.2,3030.1,28.79030347,89173.7,2078879.8,28.79030347
12001,FL,Alachua County,Gainesville,29.665277777778,-82.336111111111,29.67574,-82.357221,seat,52138.3,1252888.9,46.22684081,93373.2,2238122.0,46.22684081
12003,FL,Baker County,Macclenny,30.280833333333,-82.122777777778,30.324442,-82.302284,seat,48674.2,1184450.8,51.78683066,92382.5,2220836.0,51.78683066
12005,FL,Bay County,Panama City,30.174167,-85.664167,30.15914,-85.534395,seat,64807.5,1488122.6,6.318757632,84200.2,2062829.3,6.318757632
12007,FL,Bradford County,Starke,29.947222222222,-82.108055555556,29.952386,-82.166698,seat,50120.0,1210714.8,45.07311236,93412.6,2230037.3,45.07311236
12009,FL,Brevard County,Titusville,28.591111111111,-80.82,28.298311,-80.700333,seat,55964.3,1358856.6,39.23667649,103134.5,2473996.0,39.23667649
12011,FL,Broward County,Fort Lauderdale,26.135833333333,-80.141944444444,26.193535,-80.476683,seat,68174.3,1653038.6,6.104725433,113264.2,2730541.0,6.104725433
12013,FL,Calhoun County,Blountstown,30.443055555556,-85.045277777778,30.388801,-85.197915,seat,61091.5,1483889.1,15.74236146,83228.3,2041832.8,15.74236146
12015,FL,Charlotte County,Punta Gorda,26.915833333333,-82.047777777778,26.906396,-82.003657,seat,67017.8,1614631.4,18.47364141,107570.1,2597530.3,18.47364141
12017,FL,Citrus County,Inverness,28.83582,-82.33037,28.850292,-82.595552,seat,57225.8,1355164.8,18.35868269,97778.1,2338063.5,18.35868269
12019,FL,Clay County,Green Cove Springs,29.992777777778,-81.683888888889,29.986584,-81.865036,seat,49358.7,1190164.3,38.68109059,95520.4,2291491.0,38.68109059
12021,FL,Collier County,East Naples,26.138055555556,-81.766666666667,26.118786,-81.400955,seat,70800.7,1710694.6,2.181188139,111353.0,2693593.3,2.181188139
12023,FL,Columbia County,Lake City,30.183333333333,-82.633333333333,30.221651,-82.623371,seat,50943.1,1234514.1,10.21006037,90453.5,2171823.0,10.21006037
12027,FL,DeSoto County,Arcadia,27.216666666667,-81.866666666667,27.190581,-81.806253,seat,65034.3,1537984.6,24.159783,106941.4,2571094.5,24.159783
12029,FL,Dixie County,Cross City,29.635277777778,-83.124722222222,29.552675,-83.236232,seat,55266.8,1319151.6,20.94992177,92503.6,2261767.5,20.94992177
12031,FL,Duval County,Jacksonville,30.316666666667,-81.65,30.335245,-81.648113,seat,47140.1,1144175.3,5.657025597,94305.9,2264966.3,5.657025597
12033,FL,Escambia County,Pensacola,30.421388888889,-87.217222222222,30.529998,-87.320322,seat,65926.1,1547121.9,7.457302349,76710.2,1843146.8,7.457302349
12035,FL,Flagler County,Bunnell,29.4675,-81.256944444444,29.474891,-81.286253,seat,51506.4,1249656.0,2.360203725,98694.3,2371032.3,2.360203725
12037,FL,Franklin County,Apalachicola,29.725277777778,-84.9925,29.677794,-84.815213,seat,64476.6,1526733.6,21.05718298,88961.7,2146022.0,21.05718298
12039,FL,Gadsden County,Quincy,30.583333333333,-84.583333333333,30.578687,-84.612607,seat,58905.2,1437502.9,16.21742155,84100.0,2065227.6,16.21742155
12041,FL,Gilchrist County,Trenton,29.615,-82.817777777778,29.723456,-82.795801,seat,54496.2,1302942.8,1.1621637,93447.6,2234722.3,1.1621637
12043,FL,Glades County,Moore Haven,26.833333333333,-81.1,26.95481,-81.19082,seat,67049.8,1599477.3,8.356891423,109630.2,2601310.8,8.356891423
12045,FL,Gulf County,Port St. Joe,29.814722222222,-85.297222222222,29.859238,-85.272013,seat,65430.4,1566116.6,10.2200362,86998.8,2108584.5,10.2200362
12047,FL,Hamilton County,Jasper,30.518888888889,-82.951111111111,30.498438,-82.951116,seat,52650.9,1281850.9,31.95946435,88602.4,2125191.3,31.95946435
12049,FL,Hardee County,Wauchula,27.546111111111,-81.814444444444,27.492846,-81.82158,seat,63103.9,1499061.9,9.453981769,105302.8,2502385.5,9.453981769
12051,FL,Hendry County,LaBelle,26.760555555556,-81.439166666667,26.539967,-81.152114,seat,67201.5,1592406.6,3.846233229,109644.8,2598500.3,3.846233229
12053,FL,Hernando County,Brooksville,28.553611111111,-82.388611111111,28.555995,-82.525969,seat,58576.9,1403577.1,58.53853184,99129.2,2386475.8,58.53853184
12055,FL,Highlands County,Sebring,27.495555555556,-81.444444444444,27.34108,-81.342353,seat,63179.2,1503738.9,3.01347918,105622.5,2509832.3,3.01347918
12057,FL,Hillsborough County,Q49255,27.9475,-82.458611111111,27.893154,-82.379991,seat,60760.0,1458951.1,4.773693322,101312.3,2441849.8,4.773693322
12059,FL,Holmes County,Bonifay,30.783333333333,-85.683333333333,30.862007,-85.815939,seat,62156.5,1427407.8,7.206264353,80240.3,1966868.9,7.206264353
12061,FL,Indian River County,Vero Beach,27.65,-80.383333333333,27.700528,-80.574789,seat,61141.5,1481696.4,18.22595406,106915.9,2569693.3,18.22595406
12063,FL,Jackson County,Marianna,30.776388888889,-85.238055555556,30.789249,-85.208814,seat,61374.0,1414686.4,25.76649683,80766.7,1989393.0,25.76649683
12065,FL,Jefferson County,Monticello,30.544722222222,-83.867222222222,30.396898,-83.921761,seat,55637.0,1263095.9,44.56625761,87062.1,2120569.3,44.56625761
12067,FL,Lafayette County,Mayo,30.051944444444,-83.175555555556,29.990066,-83.17851,seat,53984.2,1307383.4,25.93906072,91135.5,2236163.5,25.93906072
12069,FL,Lake County,Tavares,28.801666666667,-81.733611111111,28.764113,-81.712282,seat,57099.0,1350917.8,34.06780634,98876.6,2366192.5,34.06780634
12071,FL,Lee County,Fort Myers,26.616666666667,-81.833333333333,26.563273,-81.984182,seat,68689.0,1657932.1,24.07076464,109241.3,2640831.0,24.07076464
12073,FL,Leon County,Tallahassee,30.438333333333,-84.280555555556,30.45931,-84.2778,seat,57664.9,1400949.4,8.743300095,85456.7,2098855.0,8.743300095
12075,FL,Levy County,Bronson,29.448888888889,-82.636388888889,29.271854,-82.831233,seat,54420.9,1293123.9,10.35718612,94652.2,2267905.5,10.35718612
12077,FL,Liberty County,Bristol,30.426944444444,-84.979166666667,30.259849,-84.86858,seat,60774.3,1477573.4,136.1360561,83714.7,2049104.8,136.1360561
12079,FL,Madison County,Madison,30.466666666667,-83.416666666667,30.447233,-83.470416,seat,53958.2,1233888.4,23.71779682,88626.8,2117475.0,23.71779682
12081,FL,Manatee County,Bradenton,27.483333333333,-82.583333333333,27.475556,-82.393144,seat,63426.5,1521591.5,18.38454433,103978.8,2504490.3,18.38454433
12083,FL,Marion County,Ocala,29.1875,-82.141388888889,29.202805,-82.0431,seat,54258.7,1300946.1,41.34327701,95332.0,2293380.0,41.34327701
12085,FL,Martin County,Stuart,27.197222,-80.253056,27.083604,-80.398201,seat,63299.3,1533897.4,15.84560788,108389.2,2611399.5,15.84560788
12086,FL,Miami-Dade County,Miami,25.783333333333,-80.216666666667,25.616009,-80.50375,seat,69628.9,1693293.5,54.87646336,114718.8,2770795.8,54.87646336
12087,FL,Monroe County,Key West,24.559722222222,-81.783611111111,25.58612,-81.022603,seat,83436.8,1949436.1,2.404187125,128526.7,3026938.5,2.404187125
12089,FL,Nassau County,Fernandina Beach,30.669444444444,-81.461666666667,30.605963,-81.765087,seat,46734.4,1126777.5,15.24416006,95427.1,2233540.3,15.24416006
12091,FL,Okaloosa County,Crestview,30.754166666667,-86.572777777778,30.614325,-86.59108,seat,64555.0,1506886.3,26.32839846,79507.0,1908583.5,26.32839846
12093,FL,Okeechobee County,Okeechobee,27.233333333333,-80.833333333333,27.385592,-80.887388,seat,63918.4,1538621.9,28.27178609,106771.6,2568965.3,28.27178609
12095,FL,Orange County,Orlando,28.533611111111,-81.386666666667,28.514391,-81.323284,seat,56351.2,1367344.4,71.47515184,100053.4,2411833.5,71.47515184
12097,FL,Osceola County,Kissimmee,28.303888888889,-81.412777777778,28.059027,-81.139312,seat,57956.4,1397050.9,9.806517696,100864.1,2431955.5,9.806517696
12099,FL,Palm Beach County,West Palm Beach,26.709722222222,-80.064166666667,26.649126,-80.448354,seat,65237.3,1590140.4,1.492427821,110327.2,2667642.8,1.492427821
12101,FL,Pasco County,Dade City,28.361388888889,-82.193333333333,28.309823,-82.511006,seat,58927.5,1409164.9,14.07620679,99479.8,2392063.5,14.07620679
12103,FL,Pinellas County,Clearwater,27.965555555556,-82.8,27.905342,-82.798066,seat,62730.9,1490332.8,2.371608706,103283.2,2473231.5,2.371608706
12105,FL,Polk County,Bartow,27.8925,-81.839722222222,27.953685,-81.693493,seat,61050.8,1460148.0,59.08549872,103113.0,2461613.5,59.08549872
12107,FL,Putnam County,Palatka,29.647777777778,-81.651388888889,29.593896,-81.732039,seat,51350.0,1230740.9,37.80858444,96548.7,2292095.5,37.80858444
12109,FL,St. Johns County,St. Augustine,29.894722222222,-81.314444444444,29.890487,-81.40004,seat,49832.1,1202126.9,14.28366037,97108.1,2328775.5,14.28366037
12111,FL,St. Lucie County,Fort Pierce,27.438888888889,-80.335555555556,27.379814,-80.443536,seat,61700.5,1502763.9,46.87075637,107160.1,2586735.5,46.87075637
12113,FL,Santa Rosa County,Milton,30.630277777778,-87.046388888889,30.675348,-87.018919,seat,64632.5,1506521.5,19.07229936,77824.4,1861684.0,19.07229936
12115,FL,Sarasota County,Sarasota,27.337222222222,-82.535277777778,27.225327,-82.423714,seat,64203.5,1543133.4,19.94948596,104755.8,2526032.0,19.94948596
12117,FL,Seminole County,Sanford,28.789444444444,-81.275555555556,28.690065,-81.131975,seat,55370.4,1342455.6,41.99148365,101439.4,2415745.5,41.99148365
12119,FL,Sumter County,Bushnell,28.663888888889,-82.114166666667,28.713976,-82.069684,seat,57170.7,1371462.1,31.9193111,97723.0,2354361.0,31.9193111
12121,FL,Suwannee County,Live Oak,30.294444444444,-82.985833333333,30.189244,-82.992754,seat,52230.0,1272508.0,39.06067845,89581.1,2147080.5,39.06067845
12123,FL,Taylor County,Perry,30.114444444444,-83.5825,29.967146,-83.639573,seat,56136.8,1347242.4,38.64496093,89171.0,2189395.0,38.64496093
12125,FL,Union County,Lake Butler,30.021666666667,-82.340833333333,30.05428,-82.366918,seat,50449.9,1221749.6,23.79699452,92097.5,2205194.8,23.79699452
12127,FL,Volusia County,DeLand,29.028947222222,-81.300447222222,29.057769,-81.161792,seat,54156.8,1302792.1,52.21529045,100249.5,2385240.3,52.21529045
12129,FL,Wakulla County,Crawfordville,30.176111111111,-84.375277777778,30.091335,-84.359111,seat,59489.8,1432896.4,16.51773498,87066.7,2127385.5,16.51773498
12131,FL,Walton County,DeFuniak Springs,30.716666666667,-86.116666666667,30.571247,-86.162798,seat,64134.7,1475944.8,0.1108647503,80541.2,1992727.5,0.1108647503
12133,FL,Washington County,Chipley,30.779166666667,-85.539166666667,30.602102,-85.655805,seat,61311.0,1412580.5,12.42033842,80703.7,1987287.3,12.42033842
13001,GA,Appling County,Baxley,31.7753,-82.3475,31.739712,-82.290103,seat,45278.4,1060194.9,56.26264753,85869.2,2037963.5,56.26264753
13003,GA,Atkinson County,Pearson,31.2983,-82.8528,31.296806,-82.878151,seat,48932.4,1139507.9,22.54733321,86623.3,2065043.8,22.54733321
13005,GA,Bacon County,Alma,31.541666666667,-82.466666666667,31.55021,-82.451433,seat,46563.9,1090248.3,12.93816966,87154.7,2068016.8,12.93816966
13007,GA,Baker County,Newton,31.3167,-84.3394,31.31958,-84.454881,seat,55801.2,1293824.9,120.3912265,83294.2,2018527.1,120.3912265
13009,GA,Baldwin County,Milledgeville,33.080269,-83.232098,33.05949,-83.255457,seat,43743.9,1027424.4,2.50342159,79246.3,1860059.0,2.50342159
13011,GA,Banks County,Homer,34.3339,-83.4997,34.351922,-83.498441,seat,39814.0,919410.4,13.21966511,75913.0,1809649.0,13.21966511
13013,GA,Barrow County,Winder,33.9964,-83.7208,33.992009,-83.712303,seat,41534.9,965364.9,44.85664544,74526.7,1767089.8,44.85664544
13015,GA,Bartow County,Cartersville,34.183333333333,-84.8,34.240917,-84.838188,seat,43993.1,1043563.5,44.23974652,68995.4,1642975.5,44.23974652
13017,GA,Ben Hill County,Fitzgerald,31.7156,-83.2564,31.740772,-83.147197,seat,50372.9,1189439.4,50.71395467,84033.1,2002269.0,50.71395467
13019,GA,Berrien County,Nashville,31.2069,-83.2467,31.288652,-83.22787,seat,51422.7,1187542.9,11.0099054,85503.6,2039606.3,11.0099054
13021,GA,Bibb County,Macon,32.84069,-83.6324,32.808845,-83.694194,seat,46350.0,1085739.3,1.916561615,77371.5,1843536.5,1.916561615
13023,GA,Bleckley County,Cochran,32.3867,-83.3506,32.435403,-83.331717,seat,47501.2,1151726.3,18.56896836,80281.3,1903790.8,18.56896836
13025,GA,Brantley County,Nahunta,31.204444444444,-81.982222222222,31.197334,-81.982978,seat,44758.6,1079086.0,10.01565567,90490.6,2122849.3,10.01565567
13027,GA,Brooks County,Quitman,30.7847,-83.5608,30.822934,-83.581905,seat,53144.2,1217417.4,20.53715025,87155.3,2105786.5,20.53715025
13029,GA,Bryan County,Pembroke,32.14,-81.6236,32.017969,-81.438543,seat,40346.3,976722.8,61.23058458,86113.8,2059221.8,61.23058458
13031,GA,Bulloch County,Statesboro,32.448611111111,-81.781388888889,32.394481,-81.741618,seat,40307.3,951462.0,21.59557195,85670.4,2046107.3,21.59557195
13033,GA,Burke County,Waynesboro,33.0906,-82.0153,33.060181,-82.000164,seat,39216.9,935003.0,27.98830394,83006.0,1983052.5,27.98830394
13035,GA,Butts County,Jackson,33.2936,-83.9625,33.290355,-83.958221,seat,45845.9,1089331.8,60.46879398,75233.0,1784388.8,60.46879398
13037,GA,Calhoun County,Morgan,31.5389,-84.6011,31.521279,-84.62629,seat,56574.8,1308268.1,66.82637047,81304.5,1975358.3,66.82637047
13039,GA,Camden County,Woodbine,30.9619,-81.72,30.913358,-81.642019,seat,44137.0,1074104.4,85.87593294,92829.7,2180867.3,85.87593294
13043,GA,Candler County,Metter,32.39611,-82.06222,32.40395,-82.071266,seat,42021.2,1022817.3,11.05560489,83986.3,2009742.3,11.05560489
13045,GA,Carroll County,Carrollton,33.5808,-85.0767,33.582237,-85.080527,seat,47407.2,1108593.4,33.31251138,71422.3,1798706.5,33.31251138
13047,GA,Catoosa County,Ringgold,34.9172,-85.1158,34.900212,-85.139385,seat,40069.0,965682.5,51.87768006,65048.5,1547659.0,51.87768006
13049,GA,Charlton County,Folkston,30.839249,-82.007246,30.779904,-82.139644,seat,46307.5,1108727.4,43.94331906,91524.4,2170518.5,43.94331906
13051,GA,Chatham County,Savannah,32.050833333333,-81.103888888889,31.980404,-81.085184,seat,38779.6,934511.1,30.75905959,87967.4,2108323.0,30.75905959
13053,GA,Chattahoochee County,Cusseta,32.305555555556,-84.776944444444,32.347445,-84.788021,seat,52056.6,1222787.6,32.22626166,76389.6,1879250.8,32.22626166
13055,GA,Chattooga County,Summerville,34.4797,-85.3481,34.474178,-85.345289,seat,42873.1,1021764.0,30.38529324,67147.6,1592454.6,30.38529324
13057,GA,Cherokee County,Canton,34.2272,-84.4947,34.244317,-84.475057,seat,45272.0,1069455.8,47.52821897,70274.3,1668867.8,47.52821897
13059,GA,Clarke County,Athens,33.955277777778,-83.383055555556,33.952185,-83.367152,seat,41157.3,954070.0,33.44307326,76050.0,1799964.5,33.44307326
13061,GA,Clay County,Fort Gaines,31.6142,-85.0483,31.619831,-84.992583,seat,56636.9,1314152.9,3.143213009,79336.9,1944546.3,3.143213009
13063,GA,Clayton County,Jonesboro,33.5244,-84.3542,33.551603,-84.412868,seat,45156.0,1053345.6,6.968069575,73050.2,1736401.8,6.968069575
13065,GA,Clinch County,Homerville,31.0369,-82.7514,30.917653,-82.702614,seat,48919.3,1133538.9,25.16007624,88220.9,2098729.3,25.16007624
13067,GA,Cobb County,Marietta,33.953333333333,-84.540555555556,33.939926,-84.57411,seat,44275.3,1036609.4,14.88202734,70493.4,1682897.3,14.88202734
13069,GA,Coffee County,Douglas,31.5075,-82.8508,31.549245,-82.84494,seat,48707.1,1127064.5,33.26857947,86291.9,2038729.5,33.26857947
13071,GA,Colquitt County,Moultrie,31.1667,-83.7833,31.189707,-83.769773,seat,54694.4,1250467.4,33.89879122,84535.1,2052944.3,33.89879122
13073,GA,Columbia County,Appling,33.5458,-82.3158,33.552075,-82.249608,seat,38159.7,917393.9,4.564464073,80187.3,1918137.5,4.564464073
13075,GA,Cook County,Adel,31.138333333333,-83.425833333333,31.152516,-83.429445,seat,52537.4,1200916.4,60.42698673,84961.0,2035623.0,60.42698673
13077,GA,Coweta County,Newnan,33.376388888889,-84.788611111111,33.352897,-84.762138,seat,46510.6,1087267.0,117.4776364,73665.3,1838114.0,117.4776364
13079,GA,Crawford County,Knoxville,32.724444444444,-83.997777777778,32.709428,-83.979187,seat,48567.6,1127502.8,14.90539836,77835.6,1845863.3,14.90539836
13081,GA,Crisp County,Cordele,31.9642,-83.7772,31.920268,-83.75653,seat,50744.4,1191214.4,0.1108863721,81059.2,1936627.0,0.1108863721
13083,GA,Dade County,Trenton,34.8756,-85.5086,34.852424,-85.506201,seat,41353.8,994274.6,37.13404152,63740.8,1520485.5,37.13404152
13085,GA,Dawson County,Dawsonville,34.416666666667,-84.116666666667,34.442608,-84.173261,seat,43453.4,1001037.0,64.53386384,71872.1,1680641.0,64.53386384
13087,GA,Decatur County,Bainbridge,30.9047,-84.5711,30.880643,-84.58389,seat,58377.5,1320123.0,82.10367174,82147.9,2021791.5,82.10367174
13089,GA,DeKalb County,Decatur,33.7714,-84.2978,33.770661,-84.226343,seat,43516.5,1019665.8,100.6877845,72200.6,1715681.3,100.6877845
13091,GA,Dodge County,Eastman,32.1978,-83.1792,32.164369,-83.167866,seat,47313.4,1135218.9,34.3967009,81591.9,1931146.3,34.3967009
13093,GA,Dooly County,Vienna,32.1,-83.8,32.151995,-83.807167,seat,50188.4,1177437.4,131.0073018,80503.2,1922850.0,131.0073018
13095,GA,Dougherty County,Albany,31.582222222222,-84.165555555556,31.532588,-84.20904,seat,53896.8,1257877.4,47.84290824,81533.0,1986664.5,47.84290824
13097,GA,Douglas County,Douglasville,33.749722222222,-84.723055555556,33.701242,-84.767314,seat,45368.2,1061986.3,14.08219352,71904.6,1697482.4,14.08219352
13099,GA,Early County,Blakely,31.3767,-84.9339,31.324191,-84.906723,seat,57048.0,1335373.6,17.23573974,80725.2,1984956.5,17.23573974
13101,GA,Echols County,Statenville,30.703055555556,-83.027777777778,30.714008,-82.897376,seat,51588.5,1187303.0,25.77576039,88347.3,2109767.0,25.77576039
13103,GA,Effingham County,Springfield,32.3683,-81.3103,32.361688,-81.343355,seat,38908.4,944144.6,6.245876714,88271.2,2097218.0,6.245876714
13105,GA,Elbert County,Elberton,34.1097,-82.8656,34.116415,-82.841892,seat,39719.8,898115.0,45.12748343,78519.6,1858811.0,45.12748343
13107,GA,Emanuel County,Swainsboro,32.593611111111,-82.332222222222,32.5911,-82.299763,seat,42776.1,999224.9,33.70956562,83715.6,1994760.0,33.70956562
13109,GA,Evans County,Claxton,32.1608,-81.9086,32.153083,-81.890153,seat,41809.7,1003578.3,23.17675178,85593.4,2044481.8,23.17675178
13111,GA,Fannin County,Blue Ridge,34.8683,-84.3211,34.866543,-84.317331,seat,41610.3,946720.1,33.163632,70351.8,1657046.4,33.163632
13113,GA,Fayette County,Fayetteville,33.447777777778,-84.461666666667,33.412717,-84.493941,seat,45785.2,1062374.4,2.786803053,73576.9,1744941.5,2.786803053
13115,GA,Floyd County,Rome,34.26,-85.185,34.26369,-85.213685,seat,44424.5,1039726.0,37.00430466,69075.5,1629770.0,37.00430466
13117,GA,Forsyth County,Cumming,34.206944444444,-84.139166666667,34.225143,-84.127408,seat,42931.1,994050.6,2.13081211,72381.0,1705569.5,2.13081211
13119,GA,Franklin County,Carnesville,34.371388888889,-83.233611111111,34.375266,-83.227532,seat,38273.1,892434.3,26.25718605,76398.2,1825042.3,26.25718605
13121,GA,Fulton County,Atlanta,33.756944444444,-84.390277777778,33.790034,-84.468182,seat,43768.3,1024973.3,1.351129061,71626.4,1707916.5,1.351129061
13123,GA,Gilmer County,Ellijay,34.694722222222,-84.483611111111,34.690523,-84.454811,seat,42829.4,972133.5,16.81606179,69098.8,1630269.9,16.81606179
13125,GA,Glascock County,Gibson,33.2328,-82.5953,33.227491,-82.606913,seat,40883.2,964181.6,29.39038591,80427.7,1906011.8,29.39038591
13127,GA,Glynn County,Brunswick,31.158888888889,-81.489166666667,31.21271,-81.49645,seat,43020.5,1042563.4,32.5399369,91691.6,2150981.3,32.5399369
13129,GA,Gordon County,Calhoun,34.5,-84.9425,34.509667,-84.873862,seat,42352.7,1002230.8,20.65901667,67355.0,1601642.8,20.65901667
13131,GA,Grady County,Cairo,30.8833,-84.2167,30.8759,-84.244965,seat,56598.6,1283928.4,79.26283206,84035.0,2060815.3,79.26283206
13133,GA,Greene County,Greensboro,33.571666666667,-83.180833333333,33.576704,-83.166625,seat,41510.6,997157.0,38.62378139,76795.1,1832041.8,38.62378139
13135,GA,Gwinnett County,Lawrenceville,33.9531,-83.9925,33.958756,-84.025735,seat,42324.4,985421.9,7.494588731,73152.5,1739702.0,7.494588731
13137,GA,Habersham County,Clarkesville,34.6106,-83.525,34.634392,-83.525875,seat,40160.4,927561.1,32.14809126,75454.0,1746001.3,32.14809126
13139,GA,Hall County,Gainesville,34.3044,-83.8339,34.317569,-83.8185,seat,41396.8,964565.5,59.15500861,73767.4,1715766.3,59.15500861
13141,GA,Hancock County,Sparta,33.2833,-82.9667,33.26922,-83.000465,seat,41672.2,989386.9,29.03582461,78959.9,1873464.0,29.03582461
13143,GA,Haralson County,Buchanan,33.8017,-85.1836,33.795165,-85.220063,seat,47293.4,1096901.4,36.76989096,71366.6,1796698.3,36.76989096
13145,GA,Harris County,Hamilton,32.7647,-84.8731,32.731549,-84.912432,seat,50089.6,1166538.8,170.0783631,76095.8,1879824.0,170.0783631
13147,GA,Hart County,Hartwell,34.3528,-82.9311,34.348733,-82.96329,seat,38370.7,880199.1,9.26114973,78234.0,1859540.3,9.26114973
13149,GA,Heard County,Franklin,33.2797,-85.0983,33.291347,-85.137886,seat,48121.3,1119128.3,0.5589733498,72769.0,1814056.3,0.5589733498
13151,GA,Henry County,McDonough,33.445,-84.149166666667,33.452947,-84.154021,seat,45671.1,1067135.1,91.10578221,73919.0,1757147.5,91.10578221
13153,GA,Houston County,Perry,32.465,-83.721111111111,32.458147,-83.662309,seat,48518.4,1136254.8,63.53704506,78833.2,1881667.5,63.53704506
13155,GA,Irwin County,Ocilla,31.598611111111,-83.25,31.604306,-83.277037,seat,50936.9,1167711.3,26.46952028,84396.6,2009973.0,26.46952028
13157,GA,Jackson County,Jefferson,34.1267,-83.5903,34.130905,-83.562557,seat,40549.0,939507.0,14.77739325,74984.3,1785494.0,14.77739325
13159,GA,Jasper County,Monticello,33.3033,-83.6858,33.316981,-83.689151,seat,44344.6,1061519.3,2.491100794,76445.3,1807702.5,2.491100794
13161,GA,Jeff Davis County,Hazlehurst,31.866111111111,-82.599444444444,31.811615,-82.636825,seat,46646.2,1086117.0,29.49819663,85066.2,2010438.3,29.49819663
13163,GA,Jefferson County,Louisville,33.0042,-82.4047,33.058176,-82.420004,seat,40820.5,963990.1,52.52106925,82067.0,1942410.8,52.52106925
13165,GA,Jenkins County,Millen,32.80528,-81.94194,32.794563,-81.971524,seat,40233.9,941914.8,33.82542952,84545.4,2016995.3,33.82542952
13167,GA,Johnson County,Wrightsville,32.725,-82.7203,32.694584,-82.66397,seat,43408.7,1022198.8,37.03076643,82261.6,1937923.3,37.03076643
13169,GA,Jones County,Gray,33.0086,-83.5342,33.021664,-83.562196,seat,45266.4,1069483.9,10.57178738,78102.1,1849729.0,10.57178738
13171,GA,Lamar County,Barnesville,33.0531,-84.1561,33.07444,-84.146689,seat,47705.2,1114808.3,1.144631586,75953.1,1804820.8,1.144631586
13173,GA,Lanier County,Lakeland,31.0392,-83.0703,31.038197,-83.063164,seat,50580.5,1164863.6,18.7303062,86942.7,2071998.0,18.7303062
13175,GA,Laurens County,Dublin,32.5375,-82.9183,32.39322,-82.926317,seat,45097.8,1052307.6,49.77657144,80751.9,1926117.8,49.77657144
13177,GA,Lee County,Leesburg,31.732777777778,-84.170833333333,31.818419,-84.146681,seat,53308.5,1247153.9,17.04770533,81240.7,1981199.0,17.04770533
13179,GA,Liberty County,Hinesville,31.8325,-81.6117,31.807458,-81.457871,seat,40989.2,987291.3,42.83643103,88711.5,2095089.3,42.83643103
13181,GA,Lincoln County,Lincolnton,33.7944,-82.4764,33.792151,-82.448299,seat,40122.3,896738.9,43.85761216,80545.7,1899147.8,43.85761216
13183,GA,Long County,Ludowici,31.707991888889,-81.742335694444,31.749563,-81.74287,seat,42097.4,1007478.5,10.39224493,88409.9,2089516.5,10.39224493
13185,GA,Lowndes County,Valdosta,30.846666666667,-83.283055555556,30.833145,-83.268995,seat,51851.4,1190942.9,22.48512336,86655.9,2073701.8,22.48512336
13187,GA,Lumpkin County,Dahlonega,34.5325,-83.985,34.56814,-83.998925,seat,42990.7,997004.0,15.75448346,72357.1,1691426.4,15.75448346
13189,GA,McDuffie County,Thomson,33.4672,-82.4994,33.480613,-82.479533,seat,38945.5,932039.8,12.60445419,79603.5,1898410.5,12.60445419
13191,GA,McIntosh County,Darien,31.3711,-81.4308,31.485629,-81.372141,seat,41882.7,1018396.4,57.42093075,90683.5,2176691.8,57.42093075
13193,GA,Macon County,Oglethorpe,32.2933,-84.0625,32.362686,-84.051231,seat,50448.8,1173709.8,27.95393961,80316.7,1971495.3,27.95393961
13195,GA,Madison County,Danielsville,34.1242,-83.2164,34.12748,-83.208653,seat,40104.9,920501.8,63.36453594,76927.3,1825107.3,63.36453594
13197,GA,Marion County,Buena Vista,32.3183,-84.5161,32.359312,-84.528735,seat,51992.0,1204199.1,25.53463375,77685.2,1904247.8,25.53463375
13199,GA,Meriwether County,Greenville,33.027777777778,-84.713611111111,33.029267,-84.667058,seat,48414.4,1124841.8,24.10690413,75495.8,1864352.5,24.10690413
13201,GA,Miller County,Colquitt,31.1731,-84.7286,31.162931,-84.730398,seat,57974.7,1337373.0,77.60740808,81755.4,2010836.0,77.60740808
13205,GA,Mitchell County,Camilla,31.2303,-84.2092,31.228997,-84.192038,seat,55371.1,1293489.9,33.82432869,83425.7,2033117.3,33.82432869
13207,GA,Monroe County,Forsyth,33.035,-83.9381,33.018784,-83.921837,seat,46502.2,1102763.0,6.099769608,75739.6,1806150.0,6.099769608
13209,GA,Montgomery County,Mount Vernon,32.1814,-82.5939,32.172108,-82.533349,seat,45313.8,1095926.4,17.44645813,83138.9,1980323.5,17.44645813
13211,GA,Morgan County,Madison,33.58778,-83.47222,33.598696,-83.499435,seat,42577.9,1026444.6,48.85495477,75713.3,1804342.5,48.85495477
13213,GA,Murray County,Chatsworth,34.7722,-84.7789,34.797097,-84.73799,seat,40965.1,966145.6,19.31438074,67045.3,1591065.8,19.31438074
13215,GA,Muscogee County,Columbus,32.492222222222,-84.940277777778,32.510197,-84.874946,seat,50804.3,1196790.3,27.36918246,75174.6,1856631.5,27.36918246
13217,GA,Newton County,Covington,33.6,-83.866666666667,33.552751,-83.85136,seat,43955.1,1061083.8,11.64651089,74059.9,1765265.0,11.64651089
13219,GA,Oconee County,Watkinsville,33.8628,-83.4081,33.834125,-83.437728,seat,41950.6,969174.0,14.36808291,75886.0,1799494.0,14.36808291
13221,GA,Oglethorpe County,Lexington,33.8703,-83.1108,33.866806,-83.074081,seat,41956.5,1006240.8,20.92095756,77195.9,1829497.3,20.92095756
13223,GA,Paulding County,Dallas,33.9186,-84.8408,33.92103,-84.867169,seat,45922.8,1079399.5,10.74555696,70925.1,1678811.5,10.74555696
13225,GA,Peach County,Fort Valley,32.55,-83.8833,32.571324,-83.831978,seat,48450.6,1130578.9,31.64100604,78765.4,1875991.5,31.64100604
13227,GA,Pickens County,Jasper,34.4692,-84.4342,34.456746,-84.490351,seat,44129.0,1020898.1,14.26745102,70131.6,1657068.0,14.26745102
13229,GA,Pierce County,Blackshear,31.2989,-82.2478,31.353998,-82.21037,seat,45780.9,1075760.8,18.6792168,89049.4,2095838.3,18.6792168
13231,GA,Pike County,Zebulon,33.0989,-84.3422,33.081149,-84.389462,seat,47838.6,1103803.5,47.62903902,75696.7,1786746.8,47.62903902
13233,GA,Polk County,Cedartown,34.015277777778,-85.253888888889,33.996015,-85.188338,seat,45871.8,1067099.4,2.220378416,70565.3,1660792.0,2.220378416
13235,GA,Pulaski County,Hawkinsville,32.2836,-83.4767,32.238803,-83.481845,seat,48513.4,1165938.1,24.53279245,80308.4,1912189.3,24.53279245
13237,GA,Putnam County,Eatonton,33.326388888889,-83.387777777778,33.32106,-83.37179,seat,43106.2,1028957.1,9.157659623,77154.0,1832970.5,9.157659623
13239,GA,Quitman County,Georgetown,31.883998,-85.101488,31.862938,-85.004798,seat,54857.7,1279523.1,73.96010493,77561.6,1910295.5,73.96010493
13241,GA,Rabun County,Clayton,34.8778,-83.4017,34.883934,-83.40487,seat,39316.3,903667.1,43.67347307,75572.2,1746719.5,43.67347307
13243,GA,Randolph County,Cuthbert,31.770833333333,-84.793611111111,31.762651,-84.752311,seat,54867.5,1286001.3,91.79957325,79200.5,1942464.5,91.79957325
13245,GA,Richmond County,Augusta,33.47,-81.975,33.361486,-82.074998,seat,37153.8,887748.5,27.69022438,81455.4,1947546.0,27.69022438
13247,GA,Rockdale County,Conyers,33.6664,-84.0075,33.652081,-84.02637,seat,44530.2,1076414.0,51.21297468,73520.6,1750323.5,51.21297468
13249,GA,Schley County,Ellaville,32.2389,-84.3094,32.263444,-84.322708,seat,51574.7,1201031.6,52.89241634,78922.9,1927350.3,52.89241634
13251,GA,Screven County,Sylvania,32.7503,-81.6397,32.744751,-81.617585,seat,38687.1,913576.6,48.86377566,86040.4,2040857.0,48.86377566
13253,GA,Seminole County,Donalsonville,31.0408,-84.8783,30.93396,-84.867685,seat,59207.1,1360101.1,45.24136534,80513.1,1988093.9,45.24136534
13255,GA,Spalding County,Griffin,33.2475,-84.2708,33.262348,-84.284905,seat,46875.5,1092232.5,26.40213979,74833.0,1769032.5,26.40213979
13257,GA,Stephens County,Toccoa,34.5747,-83.32,34.553582,-83.290588,seat,38956.9,904735.3,29.63518056,76640.7,1773590.8,29.63518056
13259,GA,Stewart County,Lumpkin,32.0497,-84.7958,32.073225,-84.834912,seat,53421.6,1253280.5,25.03609595,77754.6,1909743.6,25.03609595
13261,GA,Sumter County,Americus,32.067222,-84.234722,32.042266,-84.204294,seat,52170.3,1205765.4,17.30782055,80045.2,1947615.9,17.30782055
13263,GA,Talbot County,Talbotton,32.678055555556,-84.539722222222,32.704603,-84.530029,seat,50862.8,1157606.1,37.04598088,77309.5,1904786.0,37.04598088
13265,GA,Taliaferro County,Crawfordville,33.5547,-82.8983,33.559319,-82.875272,seat,40403.0,970561.4,47.11583505,77942.3,1860354.0,47.11583505
13267,GA,Tattnall County,Reidsville,32.0839,-82.1208,32.043768,-82.059208,seat,43091.3,1026204.1,6.831126206,85176.5,2028496.5,6.831126206
13269,GA,Taylor County,Butler,32.55,-84.2333,32.554667,-84.251426,seat,49957.1,1164340.4,50.29008038,78350.5,1931285.3,50.29008038
13271,GA,Telfair County,McRae,32.06444,-82.89806,31.913641,-82.931063,seat,47096.7,1125313.1,76.33880969,82985.9,1971870.3,76.33880969
13273,GA,Terrell County,Dawson,31.7739,-84.4408,31.777191,-84.439446,seat,54424.9,1248428.3,38.93383575,79619.4,1951650.3,38.93383575
13275,GA,Thomas County,Thomasville,30.8364,-83.9783,30.864619,-83.919815,seat,55154.9,1258405.1,0.5864312388,85319.2,2084687.5,0.5864312388
13277,GA,Tift County,Tifton,31.463333333333,-83.51,31.457003,-83.525931,seat,52207.7,1206323.9,27.20630197,83416.3,1996578.5,27.20630197
13279,GA,Toombs County,Lyons,32.2042,-82.3228,32.117753,-82.330597,seat,43732.3,1055356.1,7.427071268,83934.1,1995104.5,7.427071268
13281,GA,Towns County,Hiawassee,34.9494,-83.755,34.902529,-83.732264,seat,40590.3,927624.0,42.60247537,73062.4,1704614.5,42.60247537
13283,GA,Treutlen County,Soperton,32.3761,-82.5928,32.409586,-82.570882,seat,44143.0,1073649.0,43.63281785,82004.0,1958603.8,43.63281785
13285,GA,Troup County,LaGrange,33.03929,-85.03133,33.034482,-85.02836,seat,48301.8,1133513.6,16.91607777,74338.4,1845370.5,16.91607777
13287,GA,Turner County,Ashburn,31.7044,-83.6539,31.7248,-83.620319,seat,51876.6,1220516.4,29.48962287,82191.4,1965929.0,29.48962287
13289,GA,Twiggs County,Jeffersonville,32.6839,-83.3397,32.665847,-83.425879,seat,46149.7,1078269.0,95.23105844,79082.0,1882266.8,95.23105844
13291,GA,Union County,Blairsville,34.875555555556,-83.956666666667,34.833333,-83.989257,seat,41564.1,949350.3,58.56624907,71813.7,1682640.5,58.56624907
13293,GA,Upson County,Thomaston,32.9,-84.333333333333,32.881837,-84.292283,seat,49215.5,1128008.5,3.328408147,77073.6,1810951.8,3.328408147
13295,GA,Walker County,LaFayette,34.7048022,-85.2818998,34.735802,-85.305456,seat,41694.4,994671.6,10.05788729,65968.9,1565362.3,10.05788729
13297,GA,Walton County,Monroe,33.7933,-83.7108,33.783887,-83.731829,seat,42990.8,990430.8,14.00637146,75219.3,1773970.8,14.00637146
13299,GA,Ware County,Waycross,31.2139,-82.355,31.050881,-82.421507,seat,46523.2,1089709.1,17.23170859,88996.3,2114618.5,17.23170859
13301,GA,Warren County,Warrenton,33.4075,-82.6628,33.419169,-82.688012,seat,39710.3,952563.5,34.05051319,79045.4,1884981.8,34.05051319
13303,GA,Washington County,Sandersville,32.981944444444,-82.809722222222,32.971843,-82.798112,seat,41902.2,991506.1,7.601027441,81204.2,1914786.5,7.601027441
13305,GA,Wayne County,Jesup,31.6019,-81.885,31.547845,-81.912376,seat,43078.2,1025947.3,14.6292271,88378.0,2087458.5,14.6292271
13307,GA,Webster County,Preston,32.0608,-84.5383,32.046691,-84.553828,seat,53324.9,1233372.8,18.65402291,78504.6,1922208.0,18.65402291
13309,GA,Wheeler County,Alamo,32.14806,-82.77833,32.105258,-82.733849,seat,46171.6,1109026.0,24.00259717,82679.1,1966893.0,24.00259717
13311,GA,White County,Cleveland,34.5964,-83.7639,34.644182,-83.743,seat,41376.4,953292.9,6.9911763,74044.6,1721486.3,6.9911763
13313,GA,Whitfield County,Dalton,34.77111,-84.97167,34.801726,-84.968541,seat,40648.3,966432.1,7.506882409,66112.3,1574335.0,7.506882409
13315,GA,Wilcox County,Abbeville,31.991666666667,-83.3075,31.96272,-83.438259,seat,49063.8,1167056.1,1.039706494,82357.9,1950518.3,1.039706494
13317,GA,Wilkes County,Washington,33.736805555556,-82.739305555556,33.779031,-82.747921,seat,40237.5,965449.3,10.0173576,78962.5,1870362.5,10.0173576
13319,GA,Wilkinson County,Irwinton,32.8119,-83.1767,32.804266,-83.175512,seat,44936.3,1057431.6,14.58068009,79702.1,1889960.0,14.58068009
13321,GA,Worth County,Sylvester,31.5314,-83.8361,31.551773,-83.84996,seat,53138.4,1240317.5,10.87646818,83033.8,2019958.1,10.87646818
16001,ID,Ada County,Boise,43.613611111111,-116.23777777778,43.451477,-116.244376,seat,150161.5,3832510.8,22.33208945,68601.6,1835186.0,22.33208945
16003,ID,Adams County,Council,44.73,-116.43611111111,44.877004,-116.461624,seat,158320.9,4025371.3,22.34201577,76761.0,2028046.5,22.34201577
16005,ID,Bannock County,Pocatello,42.862222222222,-112.45055555556,42.692921,-112.228982,seat,138531.4,3452952.3,4.857306281,56971.5,1455627.5,4.857306281
16007,ID,Bear Lake County,Paris,42.2278,-111.399,42.285892,-111.327517,seat,133007.9,3312875.8,79.00832927,51448.0,1315551.0,79.00832927
16009,ID,Benewah County,St. Maries,47.316,-116.57,47.218451,-116.633541,seat,157687.8,3974372.3,6.350833813,84215.1,2218606.8,6.350833813
16011,ID,Bingham County,Blackfoot,43.19,-112.34611111111,43.216357,-112.399206,seat,139875.1,3491228.3,2.628501142,58315.2,1493903.5,2.628501142
16013,ID,Blaine County,Hailey,43.515,-114.306,43.394192,-113.955371,seat,147301.9,3733921.0,32.07690818,65742.0,1736596.3,32.07690818
16015,ID,Boise County,Idaho City,43.828611111111,-115.83222222222,43.987275,-115.71511,seat,152573.3,3875053.8,21.00511388,71013.4,1877729.0,21.00511388
16017,ID,Bonner County,Sandpoint,48.2765903,-116.5532476,48.324634,-116.62745,seat,159574.3,4026794.8,18.03772015,86101.6,2271029.3,18.03772015
16019,ID,Bonneville County,Idaho Falls,43.491666666667,-112.0325,43.395171,-111.621878,seat,140802.7,3471546.8,3.640951819,59242.8,1474222.3,3.640951819
16021,ID,Boundary County,Bonners Ferry,48.692222222222,-116.3175,48.773131,-116.524668,seat,161253.2,3933061.3,14.92632411,88598.1,2322152.5,14.92632411
16023,ID,Butte County,Arco,43.63444,-113.30111,43.685101,-113.177631,seat,143702.3,3582068.8,4.095330215,62142.4,1584744.0,4.095330215
16025,ID,Camas County,Fairfield,43.3461,-114.791,43.502552,-114.772135,seat,148222.2,3754163.8,1.22208978,66662.3,1756839.3,1.22208978
16027,ID,Canyon County,Caldwell,43.658333333333,-116.68027777778,43.625796,-116.709058,seat,151543.5,3867612.0,7.174094188,69983.6,1870287.3,7.174094188
16029,ID,Caribou County,Soda Springs,42.6581,-111.596,42.786072,-111.544273,seat,134580.3,3361154.8,97.13533872,53020.4,1363830.0,97.13533872
16031,ID,Cassia County,Burley,42.536111111111,-113.79277777778,42.282313,-113.626328,seat,141236.2,3579707.3,13.88609772,59676.3,1582382.5,13.88609772
16033,ID,Clark County,Dubois,44.1739,-112.232,44.290218,-112.354613,seat,143540.2,3536097.8,15.36068482,61980.3,1538773.0,15.36068482
16035,ID,Clearwater County,Orofino,46.485555555556,-116.25888888889,46.67257,-115.6535,seat,160186.8,3970197.8,4.613179586,86714.1,2214432.0,4.613179586
16037,ID,Custer County,Challis,44.5042,-114.228,44.273351,-114.252267,seat,149472.2,3710861.3,10.47303888,67912.3,1713536.5,10.47303888
16039,ID,Elmore County,Mountain Home,43.136944444444,-115.69444444444,43.394698,-115.471205,seat,147564.3,3761286.0,13.39591233,66004.4,1763961.3,13.39591233
16041,ID,Franklin County,Preston,42.0953,-111.875,42.173609,-111.822965,seat,136197.2,3387876.8,20.88221512,54637.3,1390552.3,20.88221512
16043,ID,Fremont County,St. Anthony,43.9661,-111.684,44.218091,-111.484429,seat,141132.8,3460081.0,12.27669915,59572.9,1462756.3,12.27669915
16045,ID,Gem County,Emmett,43.8728,-116.495,44.061473,-116.398784,seat,152408.8,3879875.8,20.66782971,70848.9,1882551.0,20.66782971
16047,ID,Gooding County,Gooding,42.9372,-114.714,42.973185,-114.82142,seat,144773.1,3678731.3,15.02177356,63213.2,1681406.5,15.02177356
16049,ID,Idaho County,Grangeville,45.926388888889,-116.12138888889,45.849644,-115.467337,seat,159649.6,3961401.8,14.23902619,84043.4,2152729.5,14.23902619
16051,ID,Jefferson County,Rigby,43.6739,-111.916,43.796965,-112.318588,seat,140474.8,3463188.0,38.78565927,58914.9,1465863.3,38.78565927
16053,ID,Jerome County,Jerome,42.7247,-114.518,42.691395,-114.262086,seat,143487.2,3647956.0,7.665466821,61927.3,1650631.3,7.665466821
16055,ID,Kootenai County,Coeur d'Alene,47.692777777778,-116.78,47.675957,-116.695919,seat,156340.7,3956043.8,54.66759302,82868.0,2200278.0,54.66759302
16057,ID,Latah County,Moscow,46.731666666667,-116.99722222222,46.81892,-116.730974,seat,162755.6,4090794.8,60.07314874,89282.9,2335029.0,60.07314874
16059,ID,Lemhi County,Salmon,45.1781,-113.903,44.928506,-113.887042,seat,151392.0,3735576.3,22.33941938,70908.6,1718890.8,22.33941938
16061,ID,Lewis County,Nezperce,46.2344,-116.24,46.236328,-116.42376,seat,160216.4,3958550.8,19.83220406,86743.7,2202784.8,19.83220406
16063,ID,Lincoln County,Shoshone,42.9367,-114.408,42.990782,-114.153089,seat,144441.7,3666296.8,21.82487799,62881.8,1668972.0,21.82487799
16065,ID,Madison County,Rexburg,43.826111111111,-111.78388888889,43.788614,-111.656993,seat,141139.9,3475414.5,5.149458962,59580.0,1478089.8,5.149458962
16067,ID,Minidoka County,Rupert,42.6181,-113.674,42.857211,-113.63984,seat,141024.5,3572980.8,2.110623245,59464.6,1575656.0,2.110623245
16069,ID,Nez Perce County,Lewiston,46.400245,-117.00103,46.333791,-116.760909,seat,163286.8,4039033.8,0.1111596199,89235.7,2264262.0,0.1111596199
16071,ID,Oneida County,Malad City,42.19083,-112.24917,42.183895,-112.520449,seat,136735.8,3457235.3,102.552986,55175.9,1459910.5,102.552986
16073,ID,Owyhee County,Murphy,43.2183,-116.552,42.572851,-116.18969,seat,152383.3,3849575.3,11.28601198,70823.4,1852250.5,11.28601198
16075,ID,Payette County,Payette,44.0753,-116.93,44.00243,-116.750238,seat,153638.9,3921791.3,9.222437638,72079.0,1924466.8,9.222437638
16077,ID,Power County,American Falls,42.78111,-112.85556,42.694126,-112.844407,seat,140122.0,3495462.3,10.75537458,58562.1,1498137.5,10.75537458
16079,ID,Shoshone County,Wallace,47.4731,-115.925,47.347694,-115.885092,seat,153114.9,3877170.8,16.0101121,79642.2,2121405.0,16.0101121
16081,ID,Teton County,Driggs,43.7253,-111.106,43.760994,-111.211765,seat,137187.9,3390486.8,64.33133419,55628.0,1393162.0,64.33133419
16083,ID,Twin Falls County,Twin Falls,42.578055555556,-114.475,42.352309,-114.665639,seat,143517.2,3636621.8,14.99842474,61957.3,1639297.0,14.99842474
16085,ID,Valley County,Cascade,44.5156,-116.044,44.85596,-115.618061,seat,156731.9,3956509.0,12.35435448,75172.0,1959184.3,12.35435448
16087,ID,Washington County,Weiser,44.2497,-116.968,44.448223,-116.797792,seat,154684.7,3943774.3,5.778617504,73124.8,1946449.5,5.778617504
17001,IL,Adams County,Quincy,39.932222222222,-91.388611111111,39.986052,-91.194961,seat,61887.7,1462047.4,45.85798307,29537.3,665161.4,45.85798307
17003,IL,Alexander County,Cairo,37.013055555556,-89.180277777778,37.183658,-89.349516,seat,54587.7,1293799.5,21.53793176,44796.1,1039378.6,21.53793176
17005,IL,Bond County,Greenville,38.8833,-89.4,38.885924,-89.436592,seat,53412.9,1262327.5,72.55720061,38158.2,891822.6,72.55720061
17007,IL,Boone County,Belvidere,42.256666666667,-88.840555555556,42.318983,-88.824295,seat,52621.0,1237300.8,0.9944709003,42564.0,1033178.1,0.9944709003
17009,IL,Brown County,Mount Sterling,39.9853531,-90.7641145,39.962069,-90.750309,seat,60421.5,1385453.3,8.560532766,32600.4,727791.4,8.560532766
17011,IL,Bureau County,Princeton,41.3786,-89.4669,41.401304,-89.528377,seat,53334.4,1267208.3,2.175069618,38592.2,940953.8,2.175069618
17013,IL,Calhoun County,Hardin,39.1583,-90.6183,39.164262,-90.666295,seat,59702.1,1403625.9,22.88197937,34712.6,772115.0,22.88197937
17015,IL,Carroll County,Mount Carroll,42.095555555556,-89.976944444444,42.0709,-89.924189,seat,57820.0,1346108.0,5.544477953,39105.2,926366.9,5.544477953
17017,IL,Cass County,Virginia,39.94889,-90.21167,39.969202,-90.245704,seat,57447.8,1333184.3,18.72338657,34280.4,773294.1,18.72338657
17019,IL,Champaign County,Urbana,40.109722222222,-88.204166666667,40.138985,-88.196975,seat,48680.2,1140232.0,9.217650531,40840.5,941421.7,9.217650531
17021,IL,Christian County,Taylorville,39.540833333333,-89.288055555556,39.545524,-89.279593,seat,54152.3,1272370.6,13.7590074,36976.3,843357.5,13.7590074
17023,IL,Clark County,Marshall,39.3983665,-87.6899736,39.332334,-87.791683,seat,46801.6,1099752.4,27.86881581,44732.6,1057430.3,27.86881581
17025,IL,Clay County,Louisville,38.7714,-88.5064,38.746819,-88.482325,seat,52273.5,1220586.0,46.7357116,42649.0,988485.3,46.7357116
17027,IL,Clinton County,Carlyle,38.6217251,-89.3735534,38.606295,-89.426228,seat,54392.1,1287667.3,8.27351565,38554.0,899160.4,8.27351565
17029,IL,Coles County,Charleston,39.4886,-88.1789,39.51368,-88.220782,seat,50062.4,1170421.0,41.65073225,42100.7,949572.7,41.65073225
17031,IL,Cook County,Chicago,41.881944444444,-87.627777777778,41.894294,-87.645455,seat,47393.9,1124224.8,0.8301270977,45697.2,1104224.4,0.8301270977
17033,IL,Crawford County,Robinson,39.0061,-87.7389,39.002787,-87.760619,seat,49516.9,1148935.9,25.20196152,45620.8,1048391.1,25.20196152
17035,IL,Cumberland County,Toledo,39.2722,-88.2428,39.273121,-88.240619,seat,49070.8,1151414.9,2.664497618,43319.5,966977.8,2.664497618
17037,IL,DeKalb County,Sycamore,41.994998,-88.6812363,41.894612,-88.768991,seat,52357.8,1230566.9,90.79367103,41981.0,1018742.3,90.79367103
17039,IL,De Witt County,Clinton,40.1522,-88.9592,40.181499,-88.901853,seat,51950.1,1211216.1,6.553456281,38633.1,875792.4,6.553456281
17041,IL,Douglas County,Tuscola,39.797777777778,-88.281666666667,39.766078,-88.222866,seat,50791.6,1190610.3,26.83162314,40787.5,922712.0,26.83162314
17043,IL,DuPage County,Wheaton,41.8560731,-88.1083648,41.852058,-88.086039,seat,49641.5,1164660.3,15.32800305,43930.9,1065780.1,15.32800305
17045,IL,Edgar County,Paris,39.6111,-87.6961,39.679037,-87.74711,seat,47813.6,1118228.3,10.66001692,44637.0,995193.9,10.66001692
17047,IL,Edwards County,Albion,38.3766672,-88.057852,38.417095,-88.047941,seat,49178.0,1164799.0,20.62276149,44627.7,1038851.5,20.62276149
17049,IL,Effingham County,Effingham,39.1208,-88.5458,39.047945,-88.592849,seat,50073.2,1180331.4,42.92899511,41290.9,971856.6,42.92899511
17051,IL,Fayette County,Vandalia,38.9753512,-89.1116788,39.001125,-89.017923,seat,52235.8,1234647.8,44.08326377,39115.7,918493.6,44.08326377
17053,IL,Ford County,Paxton,40.4586,-88.0958,40.596539,-88.224588,seat,50490.6,1183100.9,2.216214785,41862.0,975896.7,2.216214785
17055,IL,Franklin County,"Benton, Illinois",37.9967163,-88.9200685,37.991852,-88.926321,seat,52781.3,1262279.6,2.865842981,41723.9,980824.6,2.865842981
17057,IL,Fulton County,Lewistown,40.3964,-90.1547,40.46524,-90.202269,seat,57740.6,1345140.3,19.89118082,37027.3,807406.3,19.89118082
17059,IL,Gallatin County,Shawneetown,37.7157866,-88.1865056,37.768677,-88.227964,seat,51375.2,1206480.5,8.185071806,45933.9,1053888.3,8.185071806
17061,IL,Greene County,Carrollton,39.2948127,-90.4062042,39.355439,-90.387682,seat,58914.9,1394386.5,6.989496391,34178.6,783928.6,6.989496391
17063,IL,Grundy County,Morris,41.3753,-88.4281,41.29241,-88.401054,seat,49714.8,1177126.0,5.1094984,42132.7,1029747.5,5.1094984
17065,IL,Hamilton County,McLeansboro,38.0901838,-88.5386768,38.085227,-88.539009,seat,51235.9,1202049.0,21.01292818,42744.6,994108.3,21.01292818
17067,IL,Hancock County,Carthage,40.4144,-91.1333,40.401318,-91.168801,seat,62481.2,1409669.1,27.83684904,32304.2,733404.1,27.83684904
17069,IL,Hardin County,Elizabethtown,37.4492,-88.3036,37.517852,-88.266148,seat,54133.3,1259764.5,38.86575648,47321.8,1081587.3,38.86575648
17071,IL,Henderson County,Oquawka,40.938888888889,-90.949166666667,40.814471,-90.941246,seat,60446.7,1417466.3,32.40863809,36204.2,810262.4,32.40863809
17073,IL,Henry County,Cambridge,41.303333333333,-90.193333333333,41.350021,-90.130838,seat,56529.5,1342002.8,29.13559942,36924.7,890571.2,29.13559942
17075,IL,Iroquois County,Watseka,40.776111111111,-87.736388888889,40.748867,-87.833601,seat,49133.6,1144060.0,12.07266298,44653.3,1034200.5,12.07266298
17077,IL,Jackson County,Murphysboro,37.7672,-89.3372,37.786096,-89.381212,seat,55694.4,1319397.3,15.86152003,41979.3,975338.8,15.86152003
17079,IL,Jasper County,Newton,38.9872484,-88.1643566,39.004886,-88.150725,seat,50182.7,1173071.0,4.88466018,43427.3,1010034.1,4.88466018
17081,IL,Jefferson County,Mount Vernon,38.3136,-88.9081,38.30078,-88.92421,seat,51671.1,1231061.8,7.783255971,40500.6,946545.7,7.783255971
17083,IL,Jersey County,Jerseyville,39.120833333333,-90.3275,39.080195,-90.361385,seat,58009.7,1373428.0,13.02137893,35072.2,804655.3,13.02137893
17085,IL,Jo Daviess County,Galena,42.4167,-90.4333,42.362391,-90.21147,seat,60059.2,1385605.0,22.89071693,38644.4,904231.0,22.89071693
17087,IL,Johnson County,Vienna,37.4161,-88.8942,37.460709,-88.882131,seat,53832.3,1283575.9,33.01996312,44470.4,1048188.9,33.01996312
17089,IL,Kane County,Geneva,41.89,-88.31,41.939594,-88.42804,seat,50756.1,1186774.3,18.07985599,43291.9,1043948.1,18.07985599
17091,IL,Kankakee County,Kankakee,41.12,-87.86,41.13951,-87.861117,seat,49111.3,1166377.4,10.10872141,45111.7,1055183.3,10.10872141
17093,IL,Kendall County,Yorkville,41.641388888889,-88.446944444444,41.58814,-88.430626,seat,50693.4,1178397.1,0.0,43136.8,1040038.2,0.0
17095,IL,Knox County,Galesburg,40.952222222222,-90.368611111111,40.930945,-90.213792,seat,57683.6,1364367.1,57.74120951,37775.8,852352.1,57.74120951
17097,IL,Lake County,Waukegan,42.3636331,-87.8447938,42.185968,-87.805939,seat,50607.7,1188780.6,7.248754783,47521.2,1144154.8,7.248754783
17099,IL,LaSalle County,Ottawa,41.351111111111,-88.837777777778,41.343341,-88.885931,seat,51239.8,1212360.4,6.774730959,40881.9,996310.1,6.774730959
17101,IL,Lawrence County,Lawrenceville,38.7256,-87.6844,38.718954,-87.730221,seat,49174.7,1134401.3,11.39239592,45722.4,1052047.0,11.39239592
17103,IL,Lee County,Dixon,41.8461,-89.485,41.747447,-89.299362,seat,54417.8,1285595.3,26.98106726,38911.5,945356.1,26.98106726
17105,IL,Livingston County,Pontiac,40.88,-88.6303,40.894376,-88.552852,seat,52364.0,1238882.5,34.87016864,41591.6,969101.9,34.87016864
17107,IL,Logan County,Lincoln,40.147777777778,-89.363611111111,40.129277,-89.365309,seat,53789.3,1265357.4,19.09237728,36954.2,852771.7,19.09237728
17109,IL,McDonough County,Macomb,40.4721193,-90.6816648,40.455808,-90.678954,seat,60490.2,1370198.5,11.44536497,34171.3,773243.8,11.44536497
17111,IL,McHenry County,Woodstock,42.3096181,-88.4353163,42.324298,-88.452245,seat,52430.4,1220758.3,13.10790975,44873.6,1072406.8,13.10790975
17113,IL,McLean County,Bloomington,40.484166666667,-88.993611111111,40.494559,-88.844539,seat,52084.2,1221893.1,8.495561635,39217.8,906929.9,8.495561635
17115,IL,Macon County,Decatur,39.851666666667,-88.944166666667,39.860237,-88.961529,seat,52073.3,1219080.0,34.34744168,37565.8,864611.5,34.34744168
17117,IL,Macoupin County,Carlinville,39.266666666667,-89.883333333333,39.265914,-89.92633,seat,57818.2,1325819.4,14.84853577,37023.2,818220.4,14.84853577
17119,IL,Madison County,Edwardsville,38.7922738,-89.9877516,38.82712,-89.900227,seat,55878.8,1320882.6,103.1556601,36021.1,838758.3,103.1556601
17121,IL,Marion County,Salem,38.6269929,-88.9456158,38.648236,-88.920362,seat,53025.3,1253420.5,4.179926349,40319.8,938198.9,4.179926349
17123,IL,Marshall County,Lacon,41.0239,-89.4078,41.031119,-89.342371,seat,54937.1,1304758.3,12.56112624,40741.3,992806.8,12.56112624
17125,IL,Mason County,Havana,40.2969,-90.06,40.236993,-89.913575,seat,56821.5,1303831.1,6.637640423,36870.0,809709.3,6.637640423
17127,IL,Massac County,Metropolis,37.15306,-88.72528,37.216119,-88.705658,seat,52644.1,1251719.3,29.67004785,46066.9,1086510.5,29.67004785
17129,IL,Menard County,Petersburg,40.0114,-89.8514,40.022569,-89.794133,seat,56585.8,1313075.8,29.09170058,35817.3,809269.8,29.09170058
17131,IL,Mercer County,Aledo,41.2,-90.74972,41.205605,-90.74177,seat,59378.4,1400809.0,4.554122105,36788.9,878451.4,4.554122105
17133,IL,Monroe County,Waterloo,38.3353,-90.1528,38.277983,-90.179078,seat,58266.2,1369141.8,5.975985875,36602.2,848867.0,5.975985875
17135,IL,Montgomery County,Hillsboro,39.165,-89.4844,39.228068,-89.478141,seat,55110.1,1276841.8,69.74973883,38323.7,879135.9,69.74973883
17137,IL,Morgan County,Jacksonville,39.7319,-90.2344,39.717657,-90.204993,seat,56816.5,1338712.9,32.92408903,32789.0,749216.3,32.92408903
17139,IL,Moultrie County,Sullivan,39.5983,-88.61,39.636896,-88.625726,seat,52548.5,1214798.1,24.74522004,39553.2,904798.3,24.74522004
17141,IL,Ogle County,Oregon,42.014608333333,-89.332536111111,42.041884,-89.320176,seat,54468.9,1280254.8,1.82538566,40499.5,970345.4,1.82538566
17143,IL,Peoria County,Peoria,40.6925,-89.59,40.785972,-89.766993,seat,54510.9,1285362.5,17.28978307,39567.9,917463.9,17.28978307
17145,IL,Perry County,Pinckneyville,38.076388888889,-89.382222222222,38.084381,-89.368525,seat,54672.3,1293750.5,17.64191748,40146.8,937282.9,17.64191748
17147,IL,Piatt County,Monticello,40.0281,-88.5731,40.009033,-88.592355,seat,50327.5,1178967.6,14.24196619,39009.4,905372.9,14.24196619
17149,IL,Pike County,Pittsfield,39.6097,-90.8083,39.625106,-90.889034,seat,59087.2,1394560.4,0.1717182875,31054.3,704731.9,0.1717182875
17151,IL,Pope County,Golconda,37.3621442,-88.4874306,37.417169,-88.542374,seat,54647.0,1290662.4,15.5707704,46471.7,1085052.6,15.5707704
17153,IL,Pulaski County,Mound City,37.0852727,-89.1629306,37.215615,-89.127755,seat,55213.7,1303993.0,14.80561172,44861.7,1036047.3,14.80561172
17155,IL,Putnam County,Hennepin,41.2567,-89.33,41.198961,-89.298347,seat,53763.4,1278792.5,8.88829292,39567.6,966841.0,8.88829292
17157,IL,Randolph County,Chester,37.91389,-89.82306,38.056515,-89.82121,seat,57979.2,1346183.8,31.42613013,39936.5,910332.4,31.42613013
17159,IL,Richland County,Olney,38.7284239,-88.0838849,38.712187,-88.085452,seat,50972.5,1169380.8,24.86629359,43968.1,1017748.6,24.86629359
17161,IL,Rock Island County,Rock Island,41.489166666667,-90.573055555556,41.468421,-90.572125,seat,57471.7,1365064.8,16.87417294,34830.9,844506.8,16.87417294
17163,IL,St. Clair County,Belleville,38.521666666667,-89.995277777778,38.470198,-89.928546,seat,56256.9,1338042.8,120.9951767,36545.3,847398.9,120.9951767
17165,IL,Saline County,Harrisburg,37.733888888889,-88.545833333333,37.751508,-88.545024,seat,52139.2,1227414.8,2.115826443,44713.9,1033296.4,2.115826443
17167,IL,Sangamon County,Springfield,39.7975,-89.645,39.756886,-89.662435,seat,54499.7,1281169.5,50.72464942,35165.9,803775.0,50.72464942
17169,IL,Schuyler County,Rushville,40.121111111111,-90.563055555556,40.156905,-90.613464,seat,59498.3,1372470.3,40.52887657,34086.3,754366.8,40.52887657
17171,IL,Scott County,Winchester,39.6297778,-90.455964,39.637002,-90.477771,seat,57905.3,1366323.1,0.9992469149,32039.8,730872.3,0.9992469149
17173,IL,Shelby County,Shelbyville,39.4081,-88.7997,39.384917,-88.798865,seat,52990.0,1227763.3,42.08226258,39764.1,893689.4,42.08226258
17175,IL,Stark County,Toulon,41.0944,-89.8622,41.096908,-89.797411,seat,56730.2,1332558.0,50.1970921,39246.6,938224.5,50.1970921
17177,IL,Stephenson County,Freeport,42.291944444444,-89.630277777778,42.349726,-89.665994,seat,55696.6,1307643.4,35.13223934,41843.8,975394.9,35.13223934
17179,IL,Tazewell County,Pekin,40.568055555556,-89.626388888889,40.508074,-89.51626,seat,54931.3,1292980.8,21.67892178,39305.1,908653.7,21.67892178
17181,IL,Union County,Jonesboro,37.4511,-89.2686,37.485652,-89.244639,seat,55683.6,1318150.8,1.888843938,43711.7,1026049.6,1.888843938
17183,IL,Vermilion County,Danville,40.124444444444,-87.631388888889,40.186754,-87.726778,seat,46666.1,1090310.5,0.1110370354,42852.9,992873.8,0.1110370354
17185,IL,Wabash County,Mount Carmel,38.4187022,-87.7694086,38.445821,-87.839167,seat,48513.7,1144567.5,20.13694886,45481.6,1061866.4,20.13694886
17187,IL,Warren County,Monmouth,40.914089,-90.6423406,40.850441,-90.620223,seat,58978.4,1391422.4,18.00015755,36558.5,825969.9,18.00015755
17189,IL,Washington County,Nashville,38.3541876,-89.3770174,38.35314,-89.417187,seat,53429.1,1278604.6,39.44600881,38685.5,906005.5,39.44600881
17191,IL,Wayne County,Fairfield,38.3803,-88.3658,38.431857,-88.43243,seat,50043.9,1190035.6,73.93355152,43183.8,1012784.2,73.93355152
17193,IL,White County,Carmi,38.088333333333,-88.168055555556,38.087326,-88.178623,seat,49408.7,1169165.4,2.281316273,44413.4,1034812.9,2.281316273
17195,IL,Whiteside County,Morrison,41.8076413,-89.9617047,41.750673,-89.911005,seat,56176.9,1328263.6,7.428008644,37351.4,905756.1,7.428008644
17197,IL,Will County,Joliet,41.52519,-88.0834,41.448474,-87.978456,seat,48359.6,1143049.1,25.4447623,43571.1,1062443.0,25.4447623
17199,IL,Williamson County,Marion,37.73028,-88.93,37.730353,-88.930018,seat,53617.6,1261806.4,26.18923273,43014.1,1011919.8,26.18923273
17201,IL,Winnebago County,Rockford,42.27113,-89.094,42.337396,-89.161205,seat,53708.3,1260705.5,8.058408445,42433.1,1031496.5,8.058408445
17203,IL,Woodford County,Eureka,40.7156,-89.2753,40.789787,-89.210587,seat,53818.2,1265289.1,44.9067039,40271.5,932854.0,44.9067039
18001,IN,Adams County,Decatur,40.8294,-84.9292,40.74573,-84.936134,seat,37892.0,875159.0,2.486363658,56749.0,1286234.9,2.486363658
18003,IN,Allen County,Fort Wayne,41.08045,-85.13915,41.091909,-85.071791,seat,38551.8,894116.4,5.567451863,56493.7,1273094.8,5.567451863
18005,IN,Bartholomew County,Columbus,39.213998,-85.911056,39.205843,-85.897999,seat,41584.6,965896.1,11.99044698,51698.8,1206100.0,11.99044698
18007,IN,Benton County,Fowler,40.6183,-87.3192,40.600939,-87.314786,seat,46969.6,1099948.4,11.21571333,46456.5,1060434.8,11.21571333
18009,IN,Blackford County,Hartford City,40.4525,-85.3694,40.472672,-85.32373,seat,39871.6,930433.1,14.54673444,53872.2,1243054.6,14.54673444
18011,IN,Boone County,Lebanon,40.0522,-86.4717,40.050892,-86.469014,seat,42304.5,993154.5,21.31892625,47362.6,1095263.0,21.31892625
18013,IN,Brown County,Nashville,39.208333333333,-86.25,39.195113,-86.230121,seat,43392.7,997140.6,4.552629908,52015.8,1204247.4,4.552629908
18015,IN,Carroll County,Delphi,40.5875,-86.6717,40.58498,-86.565141,seat,45477.3,1047370.0,2.478732706,48905.3,1118532.1,2.478732706
18017,IN,Cass County,Logansport,40.7536,-86.3606,40.753799,-86.355168,seat,44100.8,1016616.0,3.465143678,50503.1,1153260.5,3.465143678
18019,IN,Clark County,Jeffersonville,38.2956,-85.7314,38.476217,-85.711122,seat,39937.8,941154.1,8.804425563,52702.8,1244476.3,8.804425563
18021,IN,Clay County,Brazil,39.525,-87.1275,39.393928,-87.115858,seat,45018.8,1054386.0,61.22212575,47206.0,1114459.1,61.22212575
18023,IN,Clinton County,Frankfort,40.2822,-86.5114,40.305944,-86.477567,seat,43727.9,1023038.6,4.330556955,48506.3,1110962.4,4.330556955
18025,IN,Crawford County,English,38.3356,-86.4606,38.289433,-86.440871,seat,43355.0,1007849.4,29.03917257,50198.7,1183736.0,29.03917257
18027,IN,Daviess County,Washington,38.6583,-87.175,38.69609,-87.076943,seat,47073.4,1085292.3,38.96513444,47949.1,1103451.0,38.96513444
18029,IN,Dearborn County,Lawrenceburg,39.096111111111,-84.857777777778,39.140897,-84.975868,seat,37122.1,869566.8,3.294749632,55576.7,1292092.5,3.294749632
18031,IN,Decatur County,Greensburg,39.340277777778,-85.483611111111,39.30598,-85.499831,seat,39160.1,922891.9,6.984525853,52018.3,1218195.0,6.984525853
18033,IN,DeKalb County,Auburn,41.3669942,-85.0588575,41.39676,-85.002697,seat,38241.0,885699.1,14.55117683,57147.3,1381177.0,14.55117683
18035,IN,Delaware County,Muncie,40.193333333333,-85.388055555556,40.227543,-85.399262,seat,38506.3,903114.2,32.81961356,52650.7,1210034.3,32.81961356
18037,IN,Dubois County,Jasper,38.3953,-86.9328,38.373344,-86.873385,seat,45290.2,1066036.8,44.3316069,48454.0,1147200.0,44.3316069
18039,IN,Elkhart County,Goshen,41.581944444444,-85.836666666667,41.600693,-85.863986,seat,40534.0,956530.4,14.09631036,53093.0,1262742.9,14.09631036
18041,IN,Fayette County,Connersville,39.653888888889,-85.137777777778,39.639654,-85.185034,seat,38078.8,881238.3,4.118271271,53927.3,1242932.1,4.118271271
18043,IN,Floyd County,New Albany,38.3019,-85.8214,38.318081,-85.911847,seat,40238.2,947974.3,36.05608767,52037.9,1231792.8,36.05608767
18045,IN,Fountain County,Covington,40.140555555556,-87.393055555556,40.121237,-87.234872,seat,45903.8,1070278.0,6.613696188,43860.5,1015862.6,6.613696188
18047,IN,Franklin County,Brookville,39.4222,-85.0094,39.409762,-85.066964,seat,38036.3,886864.4,30.30944043,54779.6,1256439.9,30.30944043
18049,IN,Fulton County,Rochester,41.0619,-86.2067,41.050384,-86.265006,seat,43896.1,1000068.1,4.550359252,52683.7,1191431.5,4.550359252
18051,IN,Gibson County,Princeton,38.3536,-87.5706,38.317398,-87.580523,seat,47588.7,1125020.3,42.12349082,46473.3,1079769.8,42.12349082
18053,IN,Grant County,Marion,40.5492,-85.6647,40.515758,-85.654946,seat,40483.5,939219.1,14.82926621,52815.4,1203986.3,14.82926621
18055,IN,Greene County,Bloomfield,39.0247,-86.9403,39.047147,-87.004771,seat,46158.4,1080182.4,30.5304938,50311.8,1138654.4,30.5304938
18057,IN,Hamilton County,Noblesville,40.05,-86.0214,40.053513,-86.021709,seat,41180.8,949992.9,15.12427171,49560.0,1133816.5,15.12427171
18059,IN,Hancock County,Greenfield,39.7914,-85.7714,39.822529,-85.77315,seat,39106.8,918868.0,34.61653407,50638.7,1169081.8,34.61653407
18061,IN,Harrison County,Corydon,38.210555555556,-86.126388888889,38.186454,-86.103766,seat,41458.4,978622.6,1.998013296,50712.3,1205024.8,1.998013296
18063,IN,Hendricks County,Danville,39.7608,-86.5178,39.768963,-86.509908,seat,42516.4,985343.8,20.8105891,47691.0,1110185.4,20.8105891
18065,IN,Henry County,New Castle,39.9236,-85.365,39.929591,-85.397363,seat,37954.9,882256.0,9.0196535,52387.6,1209205.9,9.0196535
18067,IN,Howard County,Kokomo,40.482222222222,-86.131666666667,40.483537,-86.114118,seat,43072.2,984927.3,6.276124901,51286.5,1159454.9,6.276124901
18069,IN,Huntington County,Huntington,40.8819,-85.4956,40.826394,-85.478597,seat,40237.3,934783.4,3.828884773,54155.5,1231810.5,3.828884773
18071,IN,Jackson County,Brownstown,38.8797,-86.0461,38.911957,-86.042516,seat,43279.3,1024884.6,37.53246015,53786.8,1251063.5,37.53246015
18073,IN,Jasper County,Rensselaer,40.9381,-87.1514,41.017688,-87.118814,seat,47226.2,1111924.6,10.09873666,48372.3,1102965.1,10.09873666
18075,IN,Jay County,Portland,40.4339,-84.98,40.434956,-85.002331,seat,38161.8,883223.0,8.557031861,54853.0,1262568.3,8.557031861
18077,IN,Jefferson County,Madison,38.75,-85.39528,38.783604,-85.44009,seat,41233.7,953737.5,108.7562173,55644.4,1304614.8,108.7562173
18079,IN,Jennings County,Vernon,38.982778,-85.611389,38.996229,-85.628103,seat,41453.8,947471.3,4.142727376,53854.6,1246049.3,4.142727376
18081,IN,Johnson County,Franklin,39.4897,-86.0567,39.496092,-86.094264,seat,41891.7,980372.1,2.331515783,50287.8,1171659.3,2.331515783
18083,IN,Knox County,Vincennes,38.678333333333,-87.516111111111,38.688381,-87.420358,seat,48545.2,1119237.5,4.211646299,46613.6,1069921.5,4.211646299
18085,IN,Kosciusko County,Warsaw,41.2406,-85.8469,41.244293,-85.861575,seat,41894.4,967351.9,9.773486516,53899.6,1271757.9,9.773486516
18087,IN,LaGrange County,LaGrange,41.6436,-85.4172,41.642462,-85.427845,seat,38650.5,900229.5,9.500886421,54481.5,1310611.0,9.500886421
18089,IN,Lake County,Crown Point,41.421666666667,-87.356111111111,41.472247,-87.374337,seat,45949.7,1093446.1,43.20325008,47636.5,1138501.0,43.20325008
18091,IN,LaPorte County,La Porte,41.6092,-86.7175,41.549013,-86.744739,seat,43216.3,1028947.1,11.67218816,49451.3,1187597.0,11.67218816
18093,IN,Lawrence County,Bedford,38.8628,-86.4922,38.839815,-86.48782,seat,45208.8,1049562.1,2.99735362,51925.8,1176757.5,2.99735362
18095,IN,Madison County,Anderson,40.1,-85.68139,40.166203,-85.722454,seat,40070.6,929156.7,4.774592535,51345.1,1180263.5,4.774592535
18097,IN,Marion County,Indianapolis,39.768611111111,-86.158055555556,39.782976,-86.135794,seat,40694.5,951811.2,37.47826459,48888.8,1132903.8,37.47826459
18099,IN,Marshall County,Plymouth,41.3439,-86.3125,41.325003,-86.269036,seat,43200.0,1019922.6,12.03420877,51783.2,1227526.3,12.03420877
18101,IN,Martin County,Shoals,38.6664,-86.7925,38.705322,-86.801847,seat,45004.6,1048592.6,15.20808403,49729.1,1137433.5,15.20808403
18103,IN,Miami County,Peru,40.7578,-86.0678,40.772883,-86.044258,seat,42933.4,990250.0,11.44588711,51759.0,1179555.3,11.44588711
18105,IN,Monroe County,Bloomington,39.166666666667,-86.534722222222,39.160729,-86.52331,seat,43983.6,1031911.0,7.551257919,50701.4,1174305.0,7.551257919
18107,IN,Montgomery County,Crawfordsville,40.038888888889,-86.896666666667,40.040296,-86.892715,seat,44140.7,1025155.9,2.997948052,45573.7,1060937.3,2.997948052
18109,IN,Morgan County,Martinsville,39.416666666667,-86.416666666667,39.482646,-86.447457,seat,42636.0,1002143.5,8.613441288,50333.5,1176791.3,8.613441288
18111,IN,Newton County,Kentland,40.7697,-87.4461,40.962399,-87.402172,seat,47737.8,1119488.5,5.111069371,46127.4,1059086.3,5.111069371
18113,IN,Noble County,Albion,41.395,-85.42194,41.404679,-85.417271,seat,39707.7,927278.3,9.881460894,55697.9,1310956.9,9.881460894
18115,IN,Ohio County,Rising Sun,38.95,-84.8567,38.940527,-84.964299,seat,38523.5,889727.0,13.10777479,56498.1,1301449.8,13.10777479
18117,IN,Orange County,Paoli,38.5578,-86.4692,38.547381,-86.489257,seat,43076.0,1012421.0,46.96129858,51702.0,1174130.0,46.96129858
18119,IN,Owen County,Spencer,39.2869,-86.7642,39.317339,-86.838845,seat,44882.8,1039408.6,12.25369415,48900.6,1147159.5,12.25369415
18121,IN,Parke County,Rockville,39.765277777778,-87.228888888889,39.77425,-87.19695,seat,45998.6,1047133.0,13.16260044,45842.7,1014156.4,13.16260044
18123,IN,Perry County,Tell City,37.9531,-86.7614,38.081436,-86.62654,seat,44943.6,1054628.9,15.727738,50172.8,1166924.8,15.727738
18125,IN,Pike County,Petersburg,38.4917,-87.2803,38.397961,-87.232547,seat,47566.1,1100737.9,4.543608433,47476.9,1122667.5,4.543608433
18127,IN,Porter County,Valparaiso,41.476111111111,-87.056944444444,41.509914,-87.071313,seat,44637.7,1063642.9,23.05349222,48533.0,1158398.4,23.05349222
18129,IN,Posey County,Mount Vernon,37.9367,-87.8989,38.027614,-87.868653,seat,48904.6,1158247.4,6.779826146,45749.5,1071101.1,6.779826146
18131,IN,Pulaski County,Winamac,41.05,-86.6,41.045272,-86.692538,seat,46094.4,1034391.5,51.53252935,51801.6,1164022.8,51.53252935
18133,IN,Putnam County,Greencastle,39.6422,-86.8561,39.665548,-86.853373,seat,44050.3,1029155.5,32.12686324,48390.9,1107698.8,32.12686324
18135,IN,Randolph County,Winchester,40.1731,-84.9775,40.164079,-85.00579,seat,37041.6,859837.8,7.7731265,54804.7,1247767.1,7.7731265
18137,IN,Ripley County,Versailles,39.0675,-85.255,39.100226,-85.260494,seat,39291.4,910051.9,7.028243195,54139.1,1256578.0,7.028243195
18139,IN,Rush County,Rushville,39.6144,-85.4486,39.622362,-85.466529,seat,39293.7,913717.9,3.809921535,52318.0,1215545.1,3.809921535
18141,IN,St. Joseph County,South Bend,41.676388888889,-86.250277777778,41.617723,-86.288048,seat,41358.2,982893.7,0.3332009307,51317.5,1222160.3,0.3332009307
18143,IN,Scott County,Scottsburg,38.6854,-85.7696,38.679431,-85.751898,seat,41432.2,985073.5,40.63172893,53814.4,1278249.3,40.63172893
18145,IN,Shelby County,Shelbyville,39.5219,-85.7764,39.524135,-85.792174,seat,40360.1,953467.6,12.76822417,50685.7,1186176.6,12.76822417
18147,IN,Spencer County,Rockport,37.8836,-87.0531,38.009697,-87.010375,seat,46324.9,1091694.0,38.88790969,48552.3,1142665.5,38.88790969
18149,IN,Starke County,Knox,41.2942,-86.6225,41.284478,-86.644636,seat,45036.2,1053620.6,11.3952359,51035.8,1211476.5,11.3952359
18151,IN,Steuben County,Angola,41.63694,-85.00083,41.643467,-85.002405,seat,36673.1,864692.0,18.33917302,55982.6,1347069.4,18.33917302
18153,IN,Sullivan County,Sullivan,39.0969,-87.4064,39.089225,-87.415843,seat,47394.4,1105584.5,1.817232423,47725.9,1118521.9,1.817232423
18155,IN,Switzerland County,Vevay,38.7458,-85.0711,38.825854,-85.029681,seat,39846.9,926769.1,2.592813741,57085.3,1301744.5,2.592813741
18157,IN,Tippecanoe County,Lafayette,40.4172,-86.8786,40.389133,-86.893554,seat,44606.2,1049503.4,4.49769088,47287.7,1088360.9,4.49769088
18159,IN,Tipton County,Tipton,40.285,-86.0403,40.310229,-86.056207,seat,42045.5,968499.1,2.777300617,50685.8,1157373.4,2.777300617
18161,IN,Union County,Liberty,39.6358,-84.9289,39.623094,-84.925145,seat,36863.3,860898.0,16.4005997,54773.1,1260594.3,16.4005997
18163,IN,Vanderburgh County,Evansville,37.974722222222,-87.555833333333,38.02007,-87.586166,seat,47605.8,1127105.3,18.4286881,46526.6,1086794.9,18.4286881
18165,IN,Vermillion County,Newport,39.885,-87.4064,39.854045,-87.462071,seat,47344.9,1102284.8,16.54019908,44790.3,1036655.8,16.54019908
18167,IN,Vigo County,Terre Haute,39.469586,-87.389762,39.430874,-87.390989,seat,45917.2,1074378.5,6.773044801,46048.6,1082494.1,6.773044801
18169,IN,Wabash County,Wabash,40.8008,-85.8272,40.843747,-85.795192,seat,41808.2,968613.5,10.29470939,52716.2,1201950.9,10.29470939
18171,IN,Warren County,Williamsport,40.286944444444,-87.291944444444,40.352498,-87.375163,seat,46605.6,1080920.3,96.14553843,44906.5,1036928.9,96.14553843
18173,IN,Warrick County,Boonville,38.046111111111,-87.2725,38.097728,-87.272049,seat,46548.6,1098041.5,40.66231703,47307.2,1111987.5,40.66231703
18175,IN,Washington County,Salem,38.604166666667,-86.098888888889,38.600613,-86.104751,seat,42700.1,999189.1,44.68964842,52982.5,1245165.3,44.68964842
18177,IN,Wayne County,Richmond,39.830277777778,-84.890555555556,39.863091,-85.006735,seat,35627.6,838059.9,18.57801622,53924.8,1245184.8,18.57801622
18179,IN,Wells County,Bluffton,40.738055555556,-85.172222222222,40.735547,-85.213349,seat,39543.3,905672.0,13.54819215,55821.0,1268819.4,13.54819215
18181,IN,White County,Monticello,40.7467,-86.7653,40.75095,-86.864293,seat,46018.6,1052403.1,21.29254992,49528.5,1118314.3,21.29254992
18183,IN,Whitley County,Columbia City,41.1586,-85.4878,41.136426,-85.501892,seat,40245.2,935267.0,7.88775237,55444.3,1302889.4,7.88775237
19001,IA,Adair County,Greenfield,41.305,-94.461111111111,41.328528,-94.478164,seat,72381.8,1732001.6,34.09235983,21519.8,515236.3,34.09235983
19003,IA,Adams County,Corning,40.991388888889,-94.736944444444,41.021656,-94.696906,seat,75513.8,1793581.4,13.13051654,20677.9,452959.2,13.13051654
19005,IA,Allamakee County,Waukon,43.268888888889,-91.479166666667,43.274964,-91.382751,seat,68623.9,1566197.3,34.09570795,39638.1,895026.1,34.09570795
19007,IA,Appanoose County,Centerville,40.729722222222,-92.871944444444,40.744249,-92.873062,seat,70069.9,1635134.5,22.32220675,26663.0,586413.5,22.32220675
19009,IA,Audubon County,Audubon,41.720277777778,-94.928333333333,41.679178,-94.904312,seat,74292.7,1777614.5,2.431825847,20159.6,478647.8,2.431825847
19011,IA,Benton County,Vinton,42.164166666667,-92.026111111111,42.092547,-92.05763,seat,65172.8,1544142.0,7.886877282,31602.9,744654.4,7.886877282
19013,IA,Black Hawk County,Waterloo,42.492436,-92.346161,42.471132,-92.3076,seat,66436.1,1584865.6,41.21004518,31969.7,745271.6,41.21004518
19015,IA,Boone County,Boone,42.061111111111,-93.886111111111,42.038623,-93.938605,seat,70759.0,1680574.3,21.51846482,25613.7,599729.4,21.51846482
19017,IA,Bremer County,Waverly,42.726666666667,-92.475277777778,42.780895,-92.327356,seat,67957.9,1616706.6,6.998984211,32929.1,764441.2,6.998984211
19019,IA,Buchanan County,Independence,42.470277777778,-91.893888888889,42.470328,-91.838666,seat,65581.1,1559584.4,19.81816287,33523.4,783819.5,19.81816287
19021,IA,Buena Vista County,Storm Lake,42.643611111111,-95.201944444444,42.741522,-95.141432,seat,77614.0,1839689.9,2.264443876,24608.3,541769.1,2.264443876
19023,IA,Butler County,Allison,42.753333333333,-92.794722222222,42.734757,-92.780153,seat,69216.3,1643539.6,16.85859985,31586.7,753256.1,16.85859985
19025,IA,Calhoun County,Rockwell City,42.395833333333,-94.633055555556,42.386061,-94.643602,seat,74787.6,1779694.3,5.220786817,25470.1,558318.6,5.220786817
19027,IA,Carroll County,Carroll,42.069444444444,-94.866388888889,42.039502,-94.86765,seat,74550.0,1761596.9,6.477206849,22573.0,523269.6,6.477206849
19029,IA,Cass County,Atlantic,41.401388888889,-95.010833333333,41.333824,-94.933302,seat,73788.7,1767052.5,12.96110986,19104.0,455442.4,12.96110986
19031,IA,Cedar County,Tipton,41.770555555556,-91.129166666667,41.77236,-91.132611,seat,60223.8,1434330.0,5.986222743,32744.6,791693.6,5.986222743
19033,IA,Cerro Gordo County,Mason City,43.148611111111,-93.201944444444,43.074975,-93.250965,seat,72373.3,1717732.8,9.009626899,31448.9,759624.6,9.009626899
19035,IA,Cherokee County,Cherokee,42.75,-95.55,42.742737,-95.633262,seat,79398.6,1878647.0,6.891852385,24177.3,519502.7,6.891852385
19037,IA,Chickasaw County,New Hampton,43.059722222222,-92.314722222222,43.059741,-92.31721,seat,69475.9,1646818.5,45.99761236,34921.2,832374.6,45.99761236
19039,IA,Clarke County,Osceola,41.034166666667,-93.768333333333,41.029726,-93.785259,seat,71527.2,1714294.5,1.88792465,23513.0,538370.6,1.88792465
19041,IA,Clay County,Spencer,43.145277777778,-95.147222222222,43.081224,-95.149875,seat,80356.9,1893458.9,38.38178755,27575.3,591891.8,38.38178755
19043,IA,Clayton County,Elkader,42.855833333333,-91.403055555556,42.840985,-91.323576,seat,67008.0,1513673.5,11.85029481,37281.5,859882.9,11.85029481
19045,IA,Clinton County,Clinton,41.8469,-90.2072,41.898073,-90.534243,seat,57644.8,1351949.3,18.70678181,36694.9,885723.3,18.70678181
19047,IA,Crawford County,Denison,42.017222222222,-95.351111111111,42.043119,-95.38909,seat,76773.2,1805175.8,9.219494817,20431.9,461771.2,9.219494817
19049,IA,Dallas County,Adel,41.616666666667,-94.021666666667,41.68532,-94.040706,seat,69857.8,1668525.6,43.53915098,22427.8,540236.8,43.53915098
19051,IA,Davis County,Bloomfield,40.751111111111,-92.416944444444,40.748089,-92.410345,seat,67877.7,1593901.1,3.664635524,28817.5,627147.3,3.664635524
19053,IA,Decatur County,Leon,40.74,-93.746388888889,40.736379,-93.78458,seat,73098.1,1750094.9,7.886260654,22465.2,511066.5,7.886260654
19055,IA,Delaware County,Manchester,42.486111111111,-91.457222222222,42.473014,-91.366767,seat,65141.7,1536386.6,14.9970414,35100.1,819422.9,14.9970414
19057,IA,Des Moines County,Burlington,40.810555555556,-91.101388888889,40.915339,-91.186925,seat,61049.6,1436972.9,4.703746157,34834.3,785429.9,4.703746157
19059,IA,Dickinson County,Spirit Lake,43.423055555556,-95.104166666667,43.389611,-95.196057,seat,81191.0,1938733.5,10.68950415,28296.7,613967.4,10.68950415
19061,IA,Dubuque County,Dubuque,42.504321,-90.686865,42.463481,-90.878771,seat,62032.5,1420130.3,40.34883921,37080.0,873608.9,40.34883921
19063,IA,Emmet County,Estherville,43.404444444444,-94.833611111111,43.377984,-94.66937,seat,80372.9,1879732.8,42.27510273,29574.0,637487.2,42.27510273
19065,IA,Fayette County,West Union,42.961944444444,-91.81,42.864122,-91.840376,seat,69112.9,1624232.0,7.003088893,36658.4,839328.6,7.003088893
19067,IA,Floyd County,Charles City,43.066388888889,-92.675833333333,43.052741,-92.787367,seat,70037.9,1664560.0,8.895944988,33236.5,801740.0,8.895944988
19069,IA,Franklin County,Hampton,42.743055555556,-93.207777777778,42.736545,-93.271415,seat,70942.9,1676814.0,26.29131211,29725.3,718068.8,26.29131211
19071,IA,Fremont County,Sidney,40.747222222222,-95.646944444444,40.74259,-95.599182,seat,79940.0,1909001.5,29.23480517,15591.0,348120.6,29.23480517
19073,IA,Greene County,Jefferson,42.016666666667,-94.376666666667,42.042513,-94.388727,seat,72588.9,1721506.8,43.87421695,24022.1,558414.9,43.87421695
19075,IA,Grundy County,Grundy Center,42.361111111111,-92.773611111111,42.403339,-92.790244,seat,68346.8,1629098.0,30.80439155,29550.1,696448.1,30.80439155
19077,IA,Guthrie County,Guthrie Center,41.679722222222,-94.500833333333,41.683573,-94.501272,seat,72199.1,1709720.0,12.10630048,21453.0,509924.2,12.10630048
19079,IA,Hamilton County,Webster City,42.466388888889,-93.820555555556,42.390789,-93.70913,seat,71704.5,1708296.4,14.09129078,27932.4,654731.9,14.09129078
19081,IA,Hancock County,Garner,43.098055555556,-93.604166666667,43.075411,-93.743697,seat,73867.8,1750945.4,30.44079066,31565.4,745835.1,30.44079066
19083,IA,Hardin County,Eldora,42.360277777778,-93.101388888889,42.390208,-93.241669,seat,69719.4,1654854.4,5.442947958,29253.7,694250.1,5.442947958
19085,IA,Harrison County,Logan,41.644722222222,-95.79,41.688584,-95.827149,seat,76860.5,1837581.4,15.25078522,17236.0,403337.2,15.25078522
19087,IA,Henry County,Mount Pleasant,40.966944444444,-91.551111111111,40.984802,-91.547259,seat,63182.7,1483735.3,4.701307308,33041.1,786307.9,4.701307308
19089,IA,Howard County,Cresco,43.374444444444,-92.115,43.365312,-92.321908,seat,71633.6,1676974.8,25.05558603,36814.7,869540.1,25.05558603
19091,IA,Humboldt County,Dakota City,42.721944444444,-94.200277777778,42.782221,-94.202775,seat,74678.9,1770198.0,7.043715446,28755.3,635049.9,7.043715446
19093,IA,Ida County,Ida Grove,42.344444444444,-95.470555555556,42.39186,-95.507421,seat,78365.8,1857804.1,10.30407908,22424.6,506816.5,10.30407908
19095,IA,Iowa County,Marengo,41.797222222222,-92.069444444444,41.683918,-92.059123,seat,63454.2,1510726.8,35.87680147,29642.7,710808.8,35.87680147
19097,IA,Jackson County,Maquoketa,42.066944444444,-90.666111111111,42.164226,-90.574582,seat,60000.9,1428284.5,50.3141912,36504.5,885492.8,50.3141912
19099,IA,Jasper County,Newton,41.698611111111,-93.046944444444,41.685551,-93.054147,seat,66233.8,1583831.1,6.058327074,25864.0,623160.7,6.058327074
19101,IA,Jefferson County,Fairfield,41.007222222222,-91.965833333333,41.006376,-91.966628,seat,64933.5,1522904.5,9.217898149,31374.4,748428.3,9.217898149
19103,IA,Johnson County,Iowa City,41.655833333333,-91.525,41.670668,-91.590529,seat,61226.0,1457464.3,7.078906423,31125.7,751098.7,7.078906423
19105,IA,Jones County,Anamosa,42.108888888889,-91.281388888889,42.125118,-91.116914,seat,62772.6,1486180.8,15.40054002,33690.8,798134.6,15.40054002
19107,IA,Keokuk County,Sigourney,41.333333333333,-92.203333333333,41.331182,-92.167721,seat,65060.0,1524972.5,1.506969968,29812.8,704041.8,1.506969968
19109,IA,Kossuth County,Algona,43.070277777778,-94.229722222222,43.212356,-94.213965,seat,76577.2,1802707.9,10.44285457,30715.3,672084.8,10.44285457
19111,IA,Lee County,Fort Madison,40.628611111111,-91.338888888889,40.647588,-91.477157,seat,62740.7,1471824.9,0.6768817999,33410.9,751749.3,0.6768817999
19113,IA,Linn County,Cedar Rapids,41.983333333333,-91.668611111111,42.077951,-91.597674,seat,62783.0,1498046.8,10.23326573,31858.4,772880.0,10.23326573
19115,IA,Louisa County,Wapello,41.179722222222,-91.188333333333,41.218211,-91.256994,seat,60688.5,1447107.1,1.110572921,34553.5,826842.3,1.110572921
19117,IA,Lucas County,Chariton,41.016111111111,-93.3075,41.033344,-93.331467,seat,70705.1,1667429.3,4.442175645,25701.2,577775.0,4.442175645
19119,IA,Lyon County,Rock Rapids,43.428055555556,-96.168611111111,43.38358,-96.207201,seat,84594.7,2017065.4,50.44402342,25539.4,561608.8,50.44402342
19121,IA,Madison County,Winterset,41.335833333333,-94.013888888889,41.330622,-94.015184,seat,70945.8,1694403.8,9.440487818,23042.0,551486.9,9.440487818
19123,IA,Mahaska County,Oskaloosa,41.293888888889,-92.644444444444,41.330797,-92.636366,seat,67066.9,1562387.8,4.664487542,27771.0,666044.7,4.664487542
19125,IA,Marion County,Knoxville,41.319166666667,-93.101388888889,41.331433,-93.093868,seat,68451.8,1627000.4,24.32275908,26092.4,625971.3,24.32275908
19127,IA,Marshall County,Marshalltown,42.041666666667,-92.914444444444,42.0417,-92.981403,seat,67264.7,1600672.3,94.85732417,27226.7,649155.4,94.85732417
19129,IA,Mills County,Glenwood,41.045555555556,-95.7425,41.033703,-95.619101,seat,77888.0,1871124.8,9.005227458,15789.7,364648.3,9.005227458
19131,IA,Mitchell County,Osage,43.284722222222,-92.812222222222,43.348564,-92.784466,seat,71695.4,1698903.3,13.10982665,33565.2,804213.5,13.10982665
19133,IA,Monona County,Onawa,42.0275,-96.096388888889,42.049432,-95.956566,seat,78868.7,1898887.9,11.92635595,18769.6,449907.3,11.92635595
19135,IA,Monroe County,Albia,41.026666666667,-92.805277777778,41.028847,-92.869642,seat,68658.4,1601266.0,0.1110543909,28106.9,621813.6,0.1110543909
19137,IA,Montgomery County,Red Oak,41.011666666667,-95.227222222222,41.021735,-95.15779,seat,77129.4,1825591.5,12.43922913,18302.2,409907.6,12.43922913
19139,IA,Muscatine County,Muscatine,41.424444444444,-91.043333333333,41.483776,-91.118699,seat,59224.6,1409403.9,34.12981283,33790.6,814347.8,34.12981283
19141,IA,O'Brien County,Primghar,43.087777777778,-95.627777777778,43.083746,-95.625624,seat,81589.4,1921587.5,9.554448102,25303.9,540343.6,9.554448102
19143,IA,Osceola County,Sibley,43.403055555556,-95.746388888889,43.378542,-95.633788,seat,82941.8,1985446.0,8.950204897,25700.9,560395.4,8.950204897
19145,IA,Page County,Clarinda,40.7375,-95.035833333333,40.739097,-95.144301,seat,77578.9,1841844.5,2.787968798,18456.9,399358.6,2.787968798
19147,IA,Palo Alto County,Emmetsburg,43.111111111111,-94.681944444444,43.075337,-94.669055,seat,78516.9,1850529.1,37.27013495,29346.2,640772.7,37.27013495
19149,IA,Plymouth County,Le Mars,42.788888888889,-96.165833333333,42.737585,-96.215864,seat,81883.1,1934890.5,3.273514535,22142.3,475607.6,3.273514535
19151,IA,Pocahontas County,Pocahontas,42.734444444444,-94.673055555556,42.734033,-94.678279,seat,76312.5,1808939.6,3.332621413,27141.8,599183.2,3.332621413
19153,IA,Polk County,Des Moines,41.590833333333,-93.620833333333,41.684816,-93.568971,seat,68359.0,1637511.8,1.75139504,23421.5,565535.4,1.75139504
19155,IA,Pottawattamie County,Council Bluffs,41.253,-95.862,41.340184,-95.544905,seat,76748.4,1842694.4,16.42326797,15272.7,361012.9,16.42326797
19157,IA,Poweshiek County,Montezuma,41.584722222222,-92.525277777778,41.684642,-92.522934,seat,65097.8,1554382.3,19.99327245,28003.7,675718.8,19.99327245
19159,IA,Ringgold County,Mount Ayr,40.7142,-94.2369,40.735334,-94.244251,seat,74584.1,1781259.3,0.7603551259,22560.1,484467.4,0.7603551259
19161,IA,Sac County,Sac City,42.421111111111,-94.995,42.387526,-95.105224,seat,76033.1,1807589.3,28.16669574,24114.0,533243.3,28.16669574
19163,IA,Scott County,Davenport,41.543055555556,-90.590833333333,41.642079,-90.622289,seat,57833.4,1370469.3,20.53335774,34424.3,831867.9,20.53335774
19165,IA,Shelby County,Harlan,41.654722222222,-95.321944444444,41.679014,-95.308917,seat,75201.5,1801845.5,21.54763713,18474.5,437524.8,21.54763713
19167,IA,Sioux County,Orange City,43.005555555556,-96.058888888889,43.082646,-96.17801,seat,82741.0,1950089.8,0.8887457865,23317.4,503218.1,0.8887457865
19169,IA,Story County,Nevada,42.0192,-93.4517,42.037538,-93.466093,seat,69032.2,1642999.4,8.861560704,25964.5,626573.4,8.861560704
19171,IA,Tama County,Toledo,41.993333333333,-92.579166666667,42.074848,-92.529411,seat,65885.2,1570031.6,18.99796899,28302.0,676445.7,18.99796899
19173,IA,Taylor County,Bedford,40.668333333333,-94.721111111111,40.737949,-94.697108,seat,77080.8,1826620.4,21.81569468,19927.6,438388.3,21.81569468
19175,IA,Union County,Creston,41.059166666667,-94.364444444444,41.02855,-94.245091,seat,74045.9,1764381.3,0.672317936,22567.0,486985.8,0.672317936
19177,IA,Van Buren County,Keosauqua,40.732222222222,-91.963055555556,40.754117,-91.952943,seat,65962.7,1534711.5,20.9782823,31560.1,677155.4,20.9782823
19179,IA,Wapello County,Ottumwa,41.013055555556,-92.414722222222,41.031275,-92.409466,seat,66740.2,1566936.1,26.69189124,29685.2,710197.2,26.69189124
19181,IA,Warren County,Indianola,41.361666666667,-93.563055555556,41.332446,-93.568751,seat,69639.7,1660587.6,4.01551314,24856.9,593612.6,4.01551314
19183,IA,Washington County,Washington,41.3,-91.689166666667,41.329401,-91.725052,seat,62521.2,1477315.4,10.77307085,32379.3,750443.8,10.77307085
19185,IA,Wayne County,Corydon,40.759166666667,-93.317777777778,40.739983,-93.332613,seat,72148.6,1673420.9,25.24177283,24512.7,548130.4,25.24177283
19187,IA,Webster County,Fort Dodge,42.506666666667,-94.180277777778,42.433579,-94.175831,seat,73352.3,1741916.0,3.443588132,27481.2,610171.3,3.443588132
19189,IA,Winnebago County,Forest City,43.261944444444,-93.640277777778,43.378124,-93.743488,seat,74624.5,1766556.0,38.71536351,32568.0,765573.8,38.71536351
19191,IA,Winneshiek County,Decorah,43.3017,-91.7903,43.292989,-91.850788,seat,70057.3,1591601.9,18.88684205,38252.1,891604.4,18.88684205
19193,IA,Woodbury County,Sioux City,42.498055555556,-96.395555555556,42.39322,-96.053296,seat,81109.1,1954266.6,12.25253063,20087.3,431098.2,12.25253063
19195,IA,Worth County,Northwood,43.445833333333,-93.219166666667,43.373491,-93.248533,seat,74201.5,1749593.1,14.98234065,32754.6,791930.3,14.98234065
19197,IA,Wright County,Clarion,42.731111111111,-93.731111111111,42.733007,-93.734735,seat,72942.8,1730774.6,11.55424879,29704.8,710542.4,11.55424879
20001,KS,Allen County,Iola,37.9228,-95.4003,37.884228,-95.300945,seat,80041.1,1891219.6,19.86986613,20051.5,472329.3,19.86986613
20003,KS,Anderson County,Garnett,38.2828,-95.2408,38.215114,-95.292046,seat,78108.8,1846221.1,26.8629783,19355.1,441718.2,26.8629783
20005,KS,Atchison County,Atchison,39.5625,-95.1283,39.532544,-95.313397,seat,76114.5,1790548.0,0.9992382903,15305.9,330308.4,0.9992382903
20007,KS,Barber County,Medicine Lodge,37.284444444444,-98.581111111111,37.222906,-98.685052,seat,93169.2,2176489.0,18.54176584,16544.2,325070.3,18.54176584
20009,KS,Barton County,Great Bend,38.3644,-98.7647,38.481239,-98.767837,seat,89105.3,2134402.8,1.998064523,9837.2,197287.8,1.998064523
20011,KS,Bourbon County,Fort Scott,37.835277777778,-94.701944444444,37.8561,-94.850928,seat,78058.7,1814583.0,20.34498859,22970.2,537765.8,20.34498859
20013,KS,Brown County,Hiawatha,39.849167,-95.515833,39.825931,-95.569905,seat,77249.4,1814022.0,2.111330583,12272.9,271001.3,2.111330583
20015,KS,Butler County,El Dorado,37.8211,-96.8583,37.773649,-96.83884,seat,83509.9,1995209.0,3.218801863,14230.4,340059.8,3.218801863
20017,KS,Chase County,Cottonwood Falls,38.3681,-96.5431,38.299475,-96.594029,seat,81481.0,1936334.1,20.09846938,14037.4,328328.3,20.09846938
20019,KS,Chautauqua County,Sedan,37.12672,-96.18694,37.154259,-96.245396,seat,83565.9,1964025.8,11.10821882,20690.1,474371.9,11.10821882
20021,KS,Cherokee County,Columbus,37.1714,-94.8408,37.169392,-94.845698,seat,77583.3,1838295.4,4.661198849,24821.9,580475.8,4.661198849
20023,KS,Cheyenne County,St. Francis,39.7714,-101.801,39.789901,-101.727317,seat,101343.4,2360224.0,21.31850849,12972.3,290167.0,21.31850849
20025,KS,Clark County,Ashland,37.1867,-99.7692,37.233831,-99.813869,seat,97228.4,2297298.0,13.32155178,19309.8,402349.2,13.32155178
20027,KS,Clay County,Clay Center,39.38,-97.1231,39.344964,-97.168853,seat,83660.1,1985817.9,20.42436214,7474.9,166774.2,20.42436214
20029,KS,Cloud County,Concordia,39.5692,-97.6583,39.487329,-97.64139,seat,86394.5,2024631.6,22.98312311,5029.5,113255.8,22.98312311
20031,KS,Coffey County,Burlington,38.1944,-95.7456,38.23645,-95.729137,seat,79469.4,1886610.3,35.31359111,18128.5,428725.9,35.31359111
20033,KS,Comanche County,Coldwater,37.2694,-99.3261,37.181442,-99.251293,seat,94855.1,2254020.5,4.439312138,16929.0,359071.4,4.439312138
20035,KS,Cowley County,Winfield,37.2478,-96.9806,37.234507,-96.837247,seat,87254.8,2073835.5,36.85281864,16704.4,386351.3,36.85281864
20037,KS,Crawford County,Girard,37.5103,-94.8442,37.505821,-94.853897,seat,78734.6,1859483.0,7.513656181,24939.3,545400.2,7.513656181
20039,KS,Decatur County,Oberlin,39.821111111111,-100.52833333333,39.783542,-100.459708,seat,96505.7,2249819.5,27.6473168,8134.6,179762.5,27.6473168
20041,KS,Dickinson County,Abilene,38.919722222222,-97.217222222222,38.867735,-97.157943,seat,82608.0,1973334.5,1.647637849,9259.9,216982.5,1.647637849
20043,KS,Doniphan County,Troy,39.7881,-95.0908,39.788502,-95.147225,seat,75450.1,1775654.0,19.19117867,13793.7,308298.9,19.19117867
20045,KS,Douglas County,Lawrence,38.971666666667,-95.235277777778,38.896417,-95.290947,seat,75702.5,1791430.5,2.339735752,15999.7,365674.3,2.339735752
20047,KS,Edwards County,Kinsley,37.9222,-99.4117,37.883595,-99.304746,seat,92780.5,2210935.0,14.42962539,13057.9,280492.4,14.42962539
20049,KS,Elk County,Howard,37.4686,-96.2631,37.456026,-96.244642,seat,85116.4,2004856.8,18.58746496,18435.6,432620.1,18.58746496
20051,KS,Ellis County,Hays,38.8794,-99.3222,38.914597,-99.317313,seat,89583.5,2159787.8,4.686370328,7862.9,170692.1,4.686370328
20053,KS,Ellsworth County,Ellsworth,38.7319,-98.2292,38.700845,-98.205355,seat,86286.8,2069948.0,4.38224862,8351.3,170445.9,4.38224862
20055,KS,Finney County,Garden City,37.9753,-100.864,38.049808,-100.739967,seat,98281.8,2333087.8,11.43292599,17165.8,392185.0,11.43292599
20057,KS,Ford County,Dodge City,37.759722222222,-100.01833333333,37.688416,-99.884748,seat,95469.7,2270753.5,15.33585151,15747.1,340310.8,15.33585151
20059,KS,Franklin County,Ottawa,38.6119,-95.2664,38.558019,-95.278962,seat,76672.5,1812446.9,12.36561545,17802.3,400638.4,12.36561545
20061,KS,Geary County,Junction City,39.0275,-96.8403,39.002139,-96.7681,seat,81268.8,1936074.3,25.53425774,10268.1,226502.1,25.53425774
20063,KS,Gove County,Gove City,38.9594,-100.487,38.917239,-100.48736,seat,94026.7,2279275.3,41.85586179,11829.6,252683.8,41.85586179
20065,KS,Graham County,Hill City,39.3672,-99.8456,39.354972,-99.879894,seat,93412.4,2247248.5,10.69577121,7140.6,159445.1,10.69577121
20067,KS,Grant County,Ulysses,37.58,-101.357,37.547537,-101.299362,seat,101776.4,2395789.5,26.14773018,20952.1,467512.2,26.14773018
20069,KS,Gray County,Cimarron,37.8083,-100.348,37.744513,-100.451716,seat,96780.5,2299709.0,11.08540262,17057.9,369266.4,11.08540262
20071,KS,Greeley County,Tribune,38.4703,-101.754,38.480404,-101.80597,seat,100966.2,2441687.3,2.109104195,17968.1,408328.5,2.109104195
20073,KS,Greenwood County,Eureka,37.8228,-96.2894,37.879347,-96.241732,seat,83240.0,1972358.0,52.83538856,16516.0,390802.1,52.83538856
20075,KS,Hamilton County,Syracuse,37.9831,-101.751,37.995244,-101.793689,seat,101895.1,2415117.5,13.17011223,20391.4,466838.4,13.17011223
20077,KS,Harper County,Anthony,37.15389,-98.02917,37.188184,-98.06659,seat,90993.9,2136226.8,32.77288684,18361.3,398483.3,32.77288684
20079,KS,Harvey County,Newton,38.0442,-97.3475,38.050144,-97.436706,seat,85185.6,2020695.8,31.52313373,11660.5,277529.1,31.52313373
20081,KS,Haskell County,Santa Fe,37.569492,-100.870778,37.554979,-100.879952,seat,99937.9,2353412.3,8.568681849,19447.3,437285.2,8.568681849
20083,KS,Hodgeman County,Jetmore,38.0842,-99.8961,38.087493,-99.898407,seat,94421.0,2244117.0,23.86607794,13811.6,302593.1,23.86607794
20085,KS,Jackson County,Holton,39.4669,-95.7369,39.411145,-95.794485,seat,79348.4,1881456.8,57.64973758,13245.8,293606.7,57.64973758
20087,KS,Jefferson County,Oskaloosa,39.2158,-95.3139,39.239644,-95.375314,seat,76769.3,1804056.6,35.74878574,16330.3,371268.1,35.74878574
20089,KS,Jewell County,Mankato,39.78694,-98.20917,39.777005,-98.222619,seat,87423.2,2046659.3,11.99157973,1730.2,36934.9,11.99157973
20091,KS,Johnson County,Olathe,38.8808,-94.8031,38.883907,-94.82233,seat,74469.6,1760189.6,16.48943208,18169.0,413794.9,16.48943208
20093,KS,Kearny County,Lakin,37.940277777778,-101.25861111111,37.994461,-101.308136,seat,99983.7,2371475.0,5.050785498,18480.0,423196.0,5.050785498
20095,KS,Kingman County,Kingman,37.6469,-98.1139,37.552951,-98.144529,seat,88137.5,2108972.5,3.00144622,14620.9,340867.1,3.00144622
20097,KS,Kiowa County,Greensburg,37.603055555556,-99.292777777778,37.561231,-99.286539,seat,92931.2,2214098.0,0.7769257477,15307.5,324300.2,0.7769257477
20099,KS,Labette County,Oswego,37.1678,-95.1094,37.191468,-95.297473,seat,78592.8,1861967.0,6.217498998,23833.6,554543.4,6.217498998
20101,KS,Lane County,Dighton,38.4814,-100.465,38.481286,-100.466185,seat,96001.3,2287540.5,13.00975296,14635.8,319306.8,13.00975296
20103,KS,Leavenworth County,Leavenworth,39.3111,-94.9225,39.189511,-95.038977,seat,75622.4,1780706.3,12.93430714,17166.9,370333.4,12.93430714
20105,KS,Lincoln County,Lincoln Center,39.0417,-98.1467,39.04728,-98.214284,seat,86540.4,2057945.0,6.438925574,6803.8,146465.3,6.438925574
20107,KS,Linn County,Linnville,38.224722222222,-94.797222222222,38.216549,-94.844932,seat,77969.8,1837801.1,35.20907201,22443.9,511088.3,35.20907201
20109,KS,Logan County,Oakley,39.1281,-100.854,38.91327,-101.157402,seat,94645.6,2296061.3,23.4367601,11574.2,259945.5,23.4367601
20111,KS,Lyon County,Emporia,38.4081,-96.1869,38.455403,-96.161641,seat,79852.6,1900747.5,22.26850907,15454.3,360812.6,22.26850907
20113,KS,McPherson County,McPherson,38.37167,-97.66194,38.395812,-97.647489,seat,85560.3,2033703.0,21.20168466,9835.0,235184.1,21.20168466
20115,KS,Marion County,Marion,38.34889,-97.01583,38.359647,-97.102771,seat,83186.0,1977554.8,20.89658657,12187.8,287603.3,20.89658657
20117,KS,Marshall County,Marysville,39.84444,-96.6425,39.782709,-96.521243,seat,81369.3,1910543.4,21.20852803,7804.6,173116.5,21.20852803
20119,KS,Meade County,Meade,37.28583,-100.33917,37.243886,-100.360094,seat,97292.2,2316078.5,23.53654367,18555.0,408151.6,23.53654367
20121,KS,Miami County,Paola,38.5736,-94.8733,38.566772,-94.832963,seat,76133.8,1798036.8,18.06723482,19814.7,450585.5,18.06723482
20123,KS,Mitchell County,Beloit,39.4628,-98.1094,39.393026,-98.207362,seat,87690.6,2075132.9,32.35281906,3562.9,78237.9,32.35281906
20125,KS,Montgomery County,Independence,37.2283,-95.7114,37.189537,-95.742403,seat,81589.0,1920515.8,55.15827198,21050.1,497616.0,55.15827198
20127,KS,Morris County,Council Grove,38.660555555556,-96.489722222222,38.688204,-96.651448,seat,80865.5,1920300.3,17.44886972,13311.9,290686.2,17.44886972
20129,KS,Morton County,Elkhart,37.0031,-101.898,37.185249,-101.809516,seat,104251.4,2465215.8,3.216752551,24528.8,534773.3,3.216752551
20131,KS,Nemaha County,Seneca,39.8356,-96.0661,39.791043,-96.005381,seat,79153.7,1861527.6,23.76084633,10119.1,222800.1,23.76084633
20133,KS,Neosho County,Erie,37.5686,-95.2425,37.564283,-95.315682,seat,80689.2,1900282.4,20.64404068,22532.7,516152.9,20.64404068
20135,KS,Ness County,Ness City,38.4522,-99.9061,38.480437,-99.908745,seat,93734.7,2237476.5,28.45117356,12369.2,269242.7,28.45117356
20137,KS,Norton County,Norton,39.8333,-99.8908,39.783867,-99.899235,seat,94041.3,2194581.5,4.537406797,5670.2,124524.6,4.537406797
20139,KS,Osage County,Lyndon,38.6103,-95.6853,38.650215,-95.708255,seat,79058.6,1876656.4,12.71442726,15942.2,364753.0,12.71442726
20141,KS,Osborne County,Osborne,39.4406,-98.6972,39.348261,-98.767942,seat,90466.3,2146128.0,9.12991403,2701.2,58199.4,9.12991403
20143,KS,Ottawa County,Minneapolis,39.12444,-97.705,39.137963,-97.654802,seat,85140.7,2041605.8,24.75758853,6750.2,151010.1,24.75758853
20145,KS,Pawnee County,Larned,38.1822,-99.1017,38.181477,-99.234772,seat,90993.9,2170974.5,3.107994142,11747.2,235238.2,3.107994142
20147,KS,Phillips County,Phillipsburg,39.7553,-99.3222,39.784506,-99.34215,seat,91693.5,2143010.5,20.56193279,3322.4,72953.4,20.56193279
20149,KS,Pottawatomie County,Westmoreland,39.3947,-96.4142,39.382187,-96.337113,seat,81187.6,1926692.1,40.93186889,10984.9,240135.2,40.93186889
20151,KS,Pratt County,Pratt,37.650277777778,-98.738055555556,37.647594,-98.74012,seat,90692.4,2165162.5,46.50704246,13864.8,277368.0,46.50704246
20153,KS,Rawlins County,Atwood,39.8089,-101.041,39.786198,-101.076738,seat,98419.6,2293752.3,6.764215793,10048.5,223695.3,6.764215793
20155,KS,Reno County,Hutchinson,38.0656,-97.9236,37.948185,-98.078346,seat,87504.8,2078287.5,4.218832595,11742.9,279740.3,4.218832595
20157,KS,Republic County,Belleville,39.8236,-97.6303,39.828906,-97.650883,seat,85258.8,1997194.9,27.09176551,4040.4,88200.5,27.09176551
20159,KS,Rice County,Lyons,38.345,-98.2025,38.347178,-98.201415,seat,87661.2,2082202.0,7.958125416,10392.2,215929.5,7.958125416
20161,KS,Riley County,Manhattan,39.19,-96.58667,39.29121,-96.727488,seat,81047.6,1925502.8,15.38304714,10428.3,228503.3,15.38304714
20163,KS,Rooks County,Stockton,39.4364,-99.2717,39.346006,-99.324492,seat,92184.4,2217894.5,28.09108333,4801.5,107438.7,28.09108333
20165,KS,Rush County,La Crosse,38.5319,-99.3086,38.523596,-99.309184,seat,91032.5,2176218.0,32.96902629,9600.5,209422.5,32.96902629
20167,KS,Russell County,Russell,38.8897,-98.8572,38.91604,-98.770949,seat,88007.4,2118702.8,15.79370831,6287.7,132942.6,15.79370831
20169,KS,Saline County,Salina,38.8242,-97.6072,38.791804,-97.651478,seat,84201.3,2012855.6,7.121694955,7981.4,183371.1,7.121694955
20171,KS,Scott County,Scott City,38.4797,-100.908,38.481877,-100.90636,seat,97614.5,2367297.8,19.2854225,14616.4,333938.9,19.2854225
20173,KS,Sedgwick County,Wichita,37.688888888889,-97.336111111111,37.681045,-97.461054,seat,85157.9,2040214.8,5.549516784,13123.8,319454.2,5.549516784
20175,KS,Seward County,Liberal,37.0433,-100.928,37.18096,-100.855257,seat,100117.4,2380737.5,3.915230945,21380.2,472810.5,3.915230945
20177,KS,Shawnee County,Topeka,39.04833,-95.67804,39.041805,-95.755664,seat,77060.1,1829133.0,61.05821337,14152.6,322420.3,61.05821337
20179,KS,Sheridan County,Hoxie,39.3544,-100.44,39.350547,-100.441228,seat,95002.6,2287199.5,1.776362351,9103.3,204822.3,1.776362351
20181,KS,Sherman County,Goodland,39.3486,-101.711,39.351352,-101.719859,seat,98018.8,2385902.5,8.451143268,13473.7,307970.3,8.451143268
20183,KS,Smith County,Smith Center,39.7786,-98.7853,39.78466,-98.785429,seat,89640.6,2096628.9,12.2145362,1269.5,26571.9,12.2145362
20185,KS,Stafford County,St. John,38.0011,-98.7611,38.03563,-98.719889,seat,90929.2,2154255.3,12.32097428,11837.7,239753.9,12.32097428
20187,KS,Stanton County,Johnson City,37.570555555556,-101.75111111111,37.565932,-101.789383,seat,103401.7,2431124.5,0.0,22519.0,502454.1,0.0
20189,KS,Stevens County,Hugoton,37.1764,-101.346,37.2017,-101.317268,seat,101784.3,2410955.0,32.50364781,22061.7,480512.3,32.50364781
20191,KS,Sumner County,Wellington,37.2672,-97.4,37.236662,-97.493352,seat,86831.3,2085590.6,11.70919528,15343.1,372318.4,11.70919528
20193,KS,Thomas County,Colby,39.3922,-101.048,39.357713,-101.083386,seat,95910.0,2329106.8,21.6279882,10920.2,245104.5,21.6279882
20195,KS,Trego County,WaKeeney,39.024444444444,-99.881944444444,38.921302,-99.865423,seat,91351.4,2209519.8,37.67511028,9366.5,199088.1,37.67511028
20197,KS,Wabaunsee County,Alma,39.01556,-96.28889,38.955154,-96.201262,seat,79579.0,1892689.9,5.55213637,12269.0,272864.7,5.55213637
20199,KS,Wallace County,Sharon Springs,38.8956,-101.751,38.926626,-101.771103,seat,98268.5,2379847.0,47.21226652,15132.2,343233.2,47.21226652
20201,KS,Washington County,Washington,39.8169,-97.0525,39.776714,-97.095611,seat,83046.8,1946717.9,4.775112186,6179.2,137158.3,4.775112186
20203,KS,Wichita County,Leoti,38.4842,-101.358,38.481922,-101.347434,seat,99394.4,2406663.5,28.79697414,16396.3,373304.9,28.79697414
20205,KS,Wilson County,Fredonia,37.5331,-95.8258,37.558515,-95.745175,seat,82211.6,1942521.3,9.281575283,19305.9,457096.8,9.281575283
20207,KS,Woodson County,Yates Center,37.88,-95.7344,37.888193,-95.758469,seat,81042.7,1921280.8,39.29191585,18618.2,441350.9,39.29191585
20209,KS,Wyandotte County,Kansas City,39.106666666667,-94.676388888889,39.115384,-94.763087,seat,73623.0,1738267.6,43.06112721,17953.4,416522.9,43.06112721
21001,KY,Adair County,Columbia,37.1006,-85.3061,37.105559,-85.28138,seat,41557.5,979008.8,45.77550575,58305.6,1376163.5,45.77550575
21003,KY,Allen County,Scottsville,36.7514,-86.1928,36.75077,-86.192458,seat,45462.8,1073913.3,13.83374516,55365.5,1300501.8,13.83374516
21005,KY,Anderson County,Lawrenceburg,38.0314,-84.8961,38.005396,-84.986417,seat,36924.4,861860.2,42.04249016,56122.9,1324492.1,42.04249016
21007,KY,Ballard County,Wickliffe,36.9667,-89.0869,37.051323,-89.010367,seat,53868.4,1282177.9,38.27336313,45617.7,1051348.5,38.27336313
21009,KY,Barren County,Glasgow,37.0003,-85.9203,36.962805,-85.932108,seat,43903.2,1036324.3,52.6500994,56404.8,1316889.5,52.6500994
21011,KY,Bath County,Owingsville,38.142777777778,-83.766111111111,38.152249,-83.737641,seat,31904.2,752165.3,41.97496452,60159.4,1428563.0,41.97496452
21013,KY,Bell County,Pineville,36.7631,-83.6994,36.728928,-83.680718,seat,33740.2,786065.1,2.087111883,65090.5,1547133.8,2.087111883
21015,KY,Boone County,Burlington,39.023888888889,-84.717222222222,38.9589,-84.736371,seat,37138.9,863644.8,21.24043121,56426.0,1319298.3,21.24043121
21017,KY,Bourbon County,Paris,38.2064,-84.2578,38.202562,-84.20986,seat,34475.8,804359.3,17.93347129,58326.0,1381854.5,17.93347129
21019,KY,Boyd County,Catlettsburg,38.4047,-82.6006,38.360003,-82.681406,seat,27333.9,637857.6,5.223786035,64561.6,1540890.0,5.223786035
21021,KY,Boyle County,Danville,37.645833333333,-84.7725,37.618104,-84.868352,seat,37640.4,878630.8,1.014387583,58037.0,1370239.5,1.014387583
21023,KY,Bracken County,Brooksville,38.6822,-84.0675,38.680365,-84.115235,seat,34888.3,791751.6,8.041862376,59710.4,1384029.0,8.041862376
21025,KY,Breathitt County,Jackson,37.5531,-83.3883,37.517807,-83.317158,seat,34331.6,803008.8,39.36696776,62577.4,1487706.5,39.36696776
21027,KY,Breckinridge County,Hardinsburg,37.7764,-86.455,37.777988,-86.432919,seat,43750.7,1032775.4,34.48431128,51879.0,1211058.4,34.48431128
21029,KY,Bullitt County,Shepherdsville,37.9881,-85.7139,37.969945,-85.702635,seat,40307.4,955104.9,28.82390032,53851.4,1270977.0,28.82390032
21031,KY,Butler County,Morgantown,37.2194,-86.6925,37.207013,-86.682471,seat,45264.8,1056611.3,33.36887276,52425.8,1230001.3,33.36887276
21033,KY,Caldwell County,Princeton,37.1078,-87.8825,37.148642,-87.870509,seat,48751.6,1159840.4,12.05287012,49486.6,1173067.0,12.05287012
21035,KY,Calloway County,Murray,36.6094,-88.3156,36.620978,-88.274086,seat,52338.7,1263486.9,33.8111039,49491.1,1171828.9,33.8111039
21037,KY,Campbell County,Alexandria,38.95889,-84.38917,38.946981,-84.379583,seat,36905.8,857914.8,1.029101432,57325.5,1337316.3,1.029101432
21039,KY,Carlisle County,Bardwell,36.8728,-89.01,36.85718,-88.976614,seat,54110.0,1277769.3,9.412739975,46359.9,1064979.0,9.412739975
21041,KY,Carroll County,Carrollton,38.6772,-85.1714,38.668394,-85.124024,seat,39755.4,929251.9,15.67648124,55639.7,1320140.6,15.67648124
21043,KY,Carter County,Grayson,38.3347,-82.9425,38.314094,-83.038988,seat,28572.7,670105.9,14.86826557,63284.9,1508216.3,14.86826557
21045,KY,Casey County,Liberty,37.3211,-84.9306,37.321962,-84.92822,seat,39524.5,920454.3,45.32834604,59793.5,1397293.6,45.32834604
21047,KY,Christian County,Hopkinsville,36.85444,-87.48861,36.892059,-87.492986,seat,48676.6,1158788.8,6.366128777,51302.9,1215317.8,6.366128777
21049,KY,Clark County,Winchester,37.994722222222,-84.184166666667,37.970314,-84.145115,seat,33523.6,793261.4,6.621438548,58402.4,1385610.8,6.621438548
21051,KY,Clay County,Manchester,37.15278,-83.76333,37.164273,-83.715454,seat,35973.4,838108.1,92.62003454,63494.8,1511081.0,92.62003454
21053,KY,Clinton County,Albany,36.69306,-85.13528,36.727258,-85.136098,seat,42063.6,969523.9,19.66878933,60181.4,1407365.6,19.66878933
21055,KY,Crittenden County,Marion,37.3325,-88.07889,37.358149,-88.10501,seat,50475.0,1192378.8,31.04650577,48693.4,1113591.8,31.04650577
21057,KY,Cumberland County,Burkesville,36.7928,-85.3694,36.782372,-85.388484,seat,42948.4,1004203.7,64.7729126,58780.8,1376132.0,64.7729126
21059,KY,Daviess County,Owensboro,37.757748,-87.11839,37.731671,-87.087139,seat,46828.7,1107115.8,10.48698594,49152.1,1152773.0,10.48698594
21061,KY,Edmonson County,Brownsville,37.1911,-86.2611,37.227514,-86.218015,seat,44653.1,1049640.8,8.552911291,54923.4,1265484.0,8.552911291
21063,KY,Elliott County,Sandy Hook,38.0925,-83.1239,38.116883,-83.096116,seat,30516.3,705362.6,15.61899292,63735.5,1500124.4,15.61899292
21065,KY,Estill County,Irvine,37.6969,-83.9669,37.692449,-83.963983,seat,35347.4,818300.6,15.66577531,60758.6,1431470.8,15.66577531
21067,KY,Fayette County,Lexington,38.049722222222,-84.458611111111,38.040678,-84.458272,seat,34714.3,820345.8,10.20529084,57527.6,1362956.0,10.20529084
21069,KY,Fleming County,Flemingsburg,38.4206,-83.7375,38.367848,-83.699205,seat,32468.6,762428.8,2.698309596,61584.4,1444911.4,2.698309596
21071,KY,Floyd County,Prestonsburg,37.6678,-82.7589,37.552456,-82.739724,seat,31224.3,725089.5,22.67763227,64709.5,1541065.3,22.67763227
21073,KY,Franklin County,Frankfort,38.197,-84.863,38.234919,-84.868786,seat,36393.7,858692.7,109.6848391,56102.9,1325217.8,109.6848391
21075,KY,Fulton County,Hickman,36.5672,-89.1864,36.552511,-89.187659,seat,55369.0,1314815.5,19.82404976,48769.1,1096819.0,19.82404976
21077,KY,Gallatin County,Warsaw,38.783333333333,-84.899444444444,38.755663,-84.865143,seat,38860.3,901244.3,12.72685881,56641.3,1342858.0,12.72685881
21079,KY,Garrard County,Lancaster,37.6186,-84.5794,37.630162,-84.545856,seat,37051.5,864510.3,18.67965754,59040.5,1390754.5,18.67965754
21081,KY,Grant County,Williamstown,38.6411,-84.5608,38.649167,-84.625924,seat,37320.1,885894.9,57.2653236,58328.4,1373549.5,57.2653236
21083,KY,Graves County,Mayfield,36.741666666667,-88.635833333333,36.723344,-88.649897,seat,52357.3,1250404.5,2.797229032,48086.8,1131995.5,2.797229032
21085,KY,Grayson County,Leitchfield,37.483611111111,-86.293888888889,37.458577,-86.344011,seat,42646.0,1007390.3,28.12397293,53510.8,1255351.8,28.12397293
21087,KY,Green County,Greensburg,37.2597,-85.4978,37.278065,-85.537925,seat,41409.6,973536.5,34.67628311,57505.6,1344544.5,34.67628311
21089,KY,Greenup County,Greenup,38.5736,-82.8336,38.563562,-82.93382,seat,28856.0,668729.8,27.12995199,64953.0,1546264.4,27.12995199
21091,KY,Hancock County,Hawesville,37.8989,-86.7556,37.843325,-86.792761,seat,45090.8,1066725.8,14.11075773,50254.5,1175908.0,14.11075773
21093,KY,Hardin County,Elizabethtown,37.7,-85.866666666667,37.695836,-85.963183,seat,40748.9,959800.3,1.175532723,54083.6,1278580.5,1.175532723
21095,KY,Harlan County,Harlan,36.8414,-83.32,36.859223,-83.221497,seat,31544.5,735897.8,5.351451041,67360.0,1598519.5,5.351451041
21097,KY,Harrison County,Cynthiana,38.3883,-84.2969,38.444578,-84.334131,seat,35702.5,826383.3,9.104797309,58845.5,1383759.3,9.104797309
21099,KY,Hart County,Munfordville,37.2767,-85.8978,37.305827,-85.878443,seat,42402.4,1003220.1,46.96546311,56221.5,1328684.5,46.96546311
21101,KY,Henderson County,Henderson,37.8356,-87.5808,37.792542,-87.572577,seat,48489.4,1144410.8,3.521006094,47480.6,1102369.4,3.521006094
21103,KY,Henry County,New Castle,38.4336,-85.1694,38.451383,-85.119647,seat,38950.6,916701.7,31.17056598,54912.1,1298229.5,31.17056598
21105,KY,Hickman County,Clinton,36.6669,-88.9942,36.675896,-88.972084,seat,54452.9,1288599.6,16.75885146,47672.5,1089076.8,16.75885146
21107,KY,Hopkins County,Madisonville,37.3325,-87.50194,37.31107,-87.542196,seat,47680.4,1131899.1,29.22512757,49815.9,1161132.0,29.22512757
21109,KY,Jackson County,McKee,37.43028,-83.99333,37.403458,-84.020576,seat,38241.5,862541.2,9.104694344,62016.3,1457576.4,9.104694344
21111,KY,Jefferson County,Louisville,38.256111111111,-85.751388888889,38.189532,-85.657624,seat,39626.0,938154.6,6.057624411,52294.4,1239174.5,6.057624411
21113,KY,Jessamine County,Nicholasville,37.882777777778,-84.576666666667,37.873291,-84.58396,seat,35949.5,843754.7,6.326062244,57947.2,1365579.6,6.326062244
21115,KY,Johnson County,Paintsville,37.811388888889,-82.806666666667,37.847756,-82.830121,seat,30807.5,720161.0,0.3521630837,64508.3,1536578.5,0.3521630837
21117,KY,Kenton County,Independence,38.9536,-84.5469,38.930503,-84.533438,seat,37034.5,858622.9,15.01177323,57171.1,1334199.4,15.01177323
21119,KY,Knott County,Hindman,37.3372,-82.9811,37.354368,-82.952546,seat,32220.3,750300.6,2.403319917,65654.0,1558949.3,2.403319917
21121,KY,Knox County,Barbourville,36.861111111111,-83.879444444444,36.8885,-83.855551,seat,34839.6,811595.3,15.39950624,64035.1,1522773.5,15.39950624
21123,KY,Larue County,Hodgenville,37.571111111111,-85.738611111111,37.544462,-85.696841,seat,41066.3,957884.2,95.5718528,55048.7,1300167.0,95.5718528
21125,KY,Laurel County,London,37.1275,-84.0842,37.113268,-84.119395,seat,36947.0,857174.9,20.93124262,62058.0,1478157.0,20.93124262
21127,KY,Lawrence County,Louisa,38.1119,-82.6058,38.074453,-82.73829,seat,28886.9,675206.0,28.51875886,66054.6,1574767.5,28.51875886
21129,KY,Lee County,Beattyville,37.5772,-83.7097,37.608116,-83.719248,seat,35551.8,825913.8,33.59775723,62059.2,1471911.0,33.59775723
21131,KY,Leslie County,Hyden,37.1633,-83.375,37.087846,-83.388617,seat,34515.6,790101.3,63.1512061,65332.3,1553505.4,63.1512061
21133,KY,Letcher County,Whitesburg,37.1178,-82.8211,37.118536,-82.861251,seat,31163.1,711982.6,2.345778316,66859.5,1587177.8,2.345778316
21135,KY,Lewis County,Vanceburg,38.5958,-83.3197,38.535047,-83.370143,seat,30966.6,718058.1,8.026487158,63304.8,1456857.5,8.026487158
21137,KY,Lincoln County,Stanford,37.5322,-84.6603,37.457174,-84.658335,seat,37619.4,877220.6,12.32360917,58941.0,1391783.0,12.32360917
21139,KY,Livingston County,Smithland,37.1394,-88.4028,37.209517,-88.363426,seat,51121.2,1213227.8,53.41774515,47967.6,1129299.5,53.41774515
21141,KY,Logan County,Russellville,36.8425,-86.892777777778,36.859607,-86.881288,seat,47241.6,1120135.1,33.35625161,53745.4,1269988.5,33.35625161
21143,KY,Lyon County,Eddyville,37.0806,-88.0694,37.023976,-88.083391,seat,49478.7,1177430.5,156.6106639,48755.3,1154128.6,156.6106639
21145,KY,McCracken County,Paducah,37.072222222222,-88.6275,37.054111,-88.712454,seat,51862.7,1237086.8,8.082641664,46493.7,1098649.1,8.082641664
21147,KY,McCreary County,Whitley City,36.7244,-84.4703,36.731136,-84.491052,seat,38623.4,910203.8,31.36759808,63020.0,1488357.3,31.36759808
21149,KY,McLean County,Calhoun,37.5386,-87.2594,37.526707,-87.265597,seat,47378.0,1107526.3,46.37243758,49942.0,1155066.8,46.37243758
21151,KY,Madison County,Richmond,37.744722222222,-84.293611111111,37.725511,-84.278362,seat,35276.2,827615.6,49.25405388,59050.9,1400372.3,49.25405388
21153,KY,Magoffin County,Salyersville,37.748055555556,-83.063055555556,37.698983,-83.069721,seat,31813.7,744638.3,58.88685349,63261.3,1508942.5,58.88685349
21155,KY,Marion County,Lebanon,37.5706,-85.2564,37.552604,-85.268959,seat,39366.3,925743.9,41.84535988,57327.1,1345603.0,41.84535988
21157,KY,Marshall County,Benton,36.8553,-88.3542,36.882017,-88.332752,seat,51256.7,1221447.0,38.00834324,48269.0,1142009.1,38.00834324
21159,KY,Martin County,Inez,37.8664,-82.5392,37.796774,-82.506623,seat,30224.1,693442.3,4.957924058,66365.6,1574633.8,4.957924058
21161,KY,Mason County,Maysville,38.643888888889,-83.775833333333,38.594137,-83.828125,seat,33436.2,766556.4,12.84659684,60887.0,1410574.3,12.84659684
21163,KY,Meade County,Brandenburg,37.9928,-86.1747,37.967476,-86.200863,seat,42404.3,996899.1,44.49585153,51981.0,1233619.9,44.49585153
21165,KY,Menifee County,Frenchburg,37.9531,-83.6272,37.935485,-83.589355,seat,33135.7,764556.6,123.4119802,61257.6,1443636.0,123.4119802
21167,KY,Mercer County,Harrodsburg,37.7639,-84.8461,37.812085,-84.879695,seat,37618.0,883728.8,21.33254913,57288.2,1353639.5,21.33254913
21169,KY,Metcalfe County,Edmonton,36.9803,-85.6203,36.99243,-85.633456,seat,42894.3,1011426.4,16.03694743,57475.8,1344530.0,16.03694743
21171,KY,Monroe County,Tompkinsville,36.6994,-85.6919,36.714077,-85.713508,seat,42487.2,1015123.1,38.49265161,58325.2,1363595.3,38.49265161
21173,KY,Montgomery County,Mount Sterling,38.0567,-83.9444,38.038109,-83.912416,seat,32635.6,771164.2,45.56924292,59358.6,1409633.5,45.56924292
21175,KY,Morgan County,West Liberty,37.9164,-83.2614,37.92294,-83.258944,seat,32148.8,735956.8,16.54075552,62976.9,1495006.6,16.54075552
21177,KY,Muhlenberg County,Greenville,37.207222222222,-87.176388888889,37.213816,-87.134092,seat,46424.7,1097600.0,60.7489609,51606.2,1201585.9,60.7489609
21179,KY,Nelson County,Bardstown,37.81528,-85.46278,37.80312,-85.465931,seat,39053.4,919474.6,21.92201611,55469.6,1303706.5,21.92201611
21181,KY,Nicholas County,Carlisle,38.315833333333,-84.031944444444,38.338031,-84.026223,seat,34384.8,789312.9,22.09021677,59676.8,1408915.9,22.09021677
21183,KY,Ohio County,Hartford,37.4503,-86.9019,37.477859,-86.844871,seat,45066.9,1067034.0,50.08738134,51095.1,1195633.5,50.08738134
21185,KY,Oldham County,La Grange,38.4067,-85.3794,38.400127,-85.45615,seat,39599.3,927196.3,20.26270953,53790.0,1277286.3,20.26270953
21187,KY,Owen County,Owenton,38.5367,-84.8394,38.499395,-84.84159,seat,38055.9,898744.4,3.949158799,57152.5,1355741.8,3.949158799
21189,KY,Owsley County,Booneville,37.4747,-83.6767,37.423622,-83.691637,seat,36263.5,841013.6,66.50388804,62770.9,1487010.8,66.50388804
21191,KY,Pendleton County,Falmouth,38.6739,-84.3342,38.696284,-84.351943,seat,36633.1,822093.5,9.333297364,59208.8,1372744.5,9.333297364
21193,KY,Perry County,Hazard,37.2486,-83.195,37.241282,-83.217772,seat,33248.1,761877.8,4.993272502,64732.5,1537230.0,4.993272502
21195,KY,Pike County,Pikeville,37.4772,-82.53,37.486031,-82.410912,seat,29974.2,690623.1,2.013476328,66617.8,1580039.8,2.013476328
21197,KY,Powell County,Stanton,37.8475,-83.8592,37.809567,-83.831235,seat,34144.3,797080.6,68.14581643,59899.6,1424326.4,68.14581643
21199,KY,Pulaski County,Somerset,37.0831,-84.6094,37.107428,-84.576969,seat,38792.6,912859.8,23.83587905,61246.1,1444176.3,23.83587905
21201,KY,Robertson County,Mount Olivet,38.5319,-84.0372,38.513473,-84.06423,seat,34767.7,801490.9,7.590539346,60904.5,1435715.5,7.590539346
21203,KY,Rockcastle County,Mount Vernon,37.3669,-84.3375,37.36105,-84.314368,seat,36776.6,869080.3,35.1710774,60512.9,1429243.3,35.1710774
21205,KY,Rowan County,Morehead,38.183611111111,-83.441111111111,38.204266,-83.428079,seat,31067.5,729027.3,30.63116952,61358.0,1456643.5,30.63116952
21207,KY,Russell County,Jamestown,36.9847,-85.0669,36.990587,-85.05495,seat,40973.8,963605.9,6.896894428,59690.9,1407522.0,6.896894428
21209,KY,Scott County,Georgetown,38.2097,-84.56,38.28571,-84.57834,seat,35449.2,836704.5,14.76124146,56977.3,1350234.8,14.76124146
21211,KY,Shelby County,Shelbyville,38.2122,-85.2258,38.239011,-85.228247,seat,37649.6,893029.3,28.40722427,54475.4,1287922.3,28.40722427
21213,KY,Simpson County,Franklin,36.7225,-86.5775,36.740937,-86.581793,seat,45898.4,1103740.8,38.61849338,55230.2,1290829.8,38.61849338
21215,KY,Spencer County,Taylorsville,38.0347,-85.3439,38.025313,-85.317312,seat,38744.4,915834.1,16.27567572,54572.1,1290004.3,16.27567572
21217,KY,Taylor County,Campbellsville,37.3458,-85.3456,37.36621,-85.328059,seat,40620.5,956300.9,66.38828308,57114.9,1348811.3,66.38828308
21219,KY,Todd County,Elkton,36.8089,-87.1564,36.840338,-87.183642,seat,48404.6,1145076.5,26.99400261,52744.4,1244972.8,26.99400261
21221,KY,Trigg County,Cadiz,36.8678,-87.8175,36.807681,-87.858652,seat,49536.0,1202754.3,33.71310124,50423.5,1189045.0,33.71310124
21223,KY,Trimble County,Bedford,38.5919,-85.3172,38.62004,-85.351208,seat,40487.6,944156.5,22.66631422,55127.7,1306901.3,22.66631422
21225,KY,Union County,Morganfield,37.6844,-87.9119,37.658029,-87.95165,seat,50220.6,1180048.4,47.65764362,47096.9,1080248.4,47.65764362
21227,KY,Warren County,Bowling Green,36.981666666667,-86.444444444444,36.995634,-86.423579,seat,45148.6,1069027.8,23.74041903,53937.4,1264528.8,23.74041903
21229,KY,Washington County,Springfield,37.6864,-85.2219,37.754209,-85.175416,seat,38734.2,911530.9,23.04964615,56734.9,1332479.4,23.04964615
21231,KY,Wayne County,Monticello,36.8381,-84.85,36.800772,-84.82659,seat,40494.0,951485.1,12.45854028,61673.0,1431262.0,12.45854028
21233,KY,Webster County,Dixon,37.51,-87.6986,37.520375,-87.685206,seat,49618.5,1164585.4,12.7328833,49068.9,1112014.0,12.7328833
21235,KY,Whitley County,Williamsburg,36.7367,-84.1647,36.758024,-84.144648,seat,37251.3,852168.9,20.76703536,63893.9,1522842.5,20.76703536
21237,KY,Wolfe County,Campton,37.7347,-83.5483,37.743893,-83.49511,seat,33928.0,793655.7,25.45883902,61317.3,1458547.1,25.45883902
21239,KY,Woodford County,Versailles,38.0547,-84.7308,38.043103,-84.748855,seat,35948.3,844360.6,7.257951262,56502.9,1339096.8,7.257951262
22001,LA,Acadia Parish,Crowley,30.2136,-92.3736,30.291497,-92.411037,seat,80575.4,1959618.5,30.09295672,60739.6,1473685.3,30.09295672
22003,LA,Allen Parish,Oberlin,30.6194,-92.7642,30.652744,-92.819605,seat,82163.1,1962866.8,58.38845061,58023.3,1426867.5,58.38845061
22005,LA,Ascension Parish,Donaldsonville,30.1,-90.994166666667,30.206444,-90.912502,seat,76154.6,1846587.9,32.73426143,64911.7,1586352.3,32.73426143
22007,LA,Assumption Parish,Napoleonville,29.9378,-91.0267,29.9033,-91.065219,seat,77138.0,1862168.5,31.31480907,66197.9,1607533.9,31.31480907
22009,LA,Avoyelles Parish,Marksville,31.12639,-92.06583,31.088503,-91.983275,seat,78992.0,1886745.5,2.097432909,56777.9,1397250.5,2.097432909
22011,LA,Beauregard Parish,DeRidder,30.851388888889,-93.290277777778,30.645018,-93.340253,seat,83615.2,1999790.0,49.78172226,55900.7,1349499.8,49.78172226
22013,LA,Bienville Parish,Arcadia,32.55167,-92.92417,32.340952,-93.041151,seat,75839.4,1843438.0,20.86317256,50074.5,1235398.6,20.86317256
22015,LA,Bossier Parish,Benton,32.6947,-93.7406,32.698481,-93.626561,seat,79658.4,1923219.3,30.72251663,46935.9,1148204.9,30.72251663
22017,LA,Caddo Parish,Shreveport,32.508055555556,-93.762777777778,32.580106,-93.88497,seat,79192.1,1925123.5,11.53357062,46941.9,1159235.6,11.53357062
22019,LA,Calcasieu Parish,Lake Charles,30.214722222222,-93.208611111111,30.229559,-93.358015,seat,83849.8,2040657.8,58.86497998,58953.8,1435831.4,58.86497998
22021,LA,Caldwell Parish,Columbia,32.1042,-92.0769,32.101219,-92.114231,seat,74552.2,1811168.0,51.88192733,54475.7,1364970.5,51.88192733
22023,LA,Cameron Parish,Cameron,29.795833333333,-93.320833333333,29.871812,-93.164948,seat,87384.1,2105549.5,1.251158186,60648.8,1494014.9,1.251158186
22025,LA,Catahoula Parish,Harrisonburg,31.7722,-91.8275,31.666517,-91.846703,seat,75064.6,1800191.5,99.9576902,57652.9,1415243.6,99.9576902
22027,LA,Claiborne Parish,Homer,32.79181,-93.05572,32.82716,-92.989728,seat,77447.3,1875327.0,17.051885,48721.4,1182453.3,17.051885
22029,LA,Concordia Parish,Vidalia,31.5683,-91.4342,31.469805,-91.626315,seat,72733.0,1764946.8,53.38575205,58398.7,1438700.9,53.38575205
22031,LA,De Soto Parish,Mansfield,32.03278,-93.70222,32.059248,-93.740797,seat,81999.0,1979649.8,87.18291589,49161.1,1196637.3,87.18291589
22033,LA,East Baton Rouge Parish,Baton Rouge,30.4475,-91.178611111111,30.54393,-91.093131,seat,75467.0,1839337.1,2.308403454,62619.7,1538991.1,2.308403454
22035,LA,East Carroll Parish,Lake Providence,32.805277777778,-91.179444444444,32.73017,-91.234141,seat,71804.7,1726496.6,27.23764364,52573.3,1305114.0,27.23764364
22037,LA,East Feliciana Parish,Clinton,30.86574,-91.01566,30.839784,-91.043434,seat,73623.5,1781859.8,2.439081006,64081.3,1536982.4,2.439081006
22039,LA,Evangeline Parish,Ville Platte,30.6892,-92.2775,30.720693,-92.404086,seat,81472.1,1958603.8,36.06508615,57848.6,1431083.0,36.06508615
22041,LA,Franklin Parish,Winnsboro,32.1633,-91.7233,32.139076,-91.672371,seat,72524.4,1747876.0,51.98378377,54830.6,1356012.5,51.98378377
22043,LA,Grant Parish,Colfax,31.5197,-92.7083,31.597787,-92.561716,seat,79458.8,1909103.5,17.30027568,54441.0,1338605.6,17.30027568
22045,LA,Iberia Parish,New Iberia,30.0036,-91.8183,29.606013,-91.842706,seat,80734.2,1944657.0,26.64232945,61273.9,1516348.6,26.64232945
22047,LA,Iberville Parish,Plaquemine,30.2842,-91.2406,30.270653,-91.365872,seat,76721.0,1860856.5,17.59493077,63511.7,1554271.9,17.59493077
22049,LA,Jackson Parish,Jonesboro,32.241111111111,-92.715833333333,32.30429,-92.5617,seat,76514.1,1852172.3,14.80074221,52845.3,1296339.4,14.80074221
22051,LA,Jefferson Parish,Gretna,29.9164,-90.0542,29.5033,-90.036231,seat,72272.0,1756291.3,43.80393004,68405.3,1673465.5,43.80393004
22053,LA,Jefferson Davis Parish,Jennings,30.2222,-92.6569,30.269529,-92.816221,seat,81658.6,1986287.3,25.41496171,61138.3,1489292.3,25.41496171
22055,LA,Lafayette Parish,Lafayette,30.243062,-92.012649,30.206507,-92.06417,seat,79108.6,1924555.5,49.91121953,59441.2,1482629.4,49.91121953
22057,LA,Lafourche Parish,Thibodaux,29.7922,-90.82,29.491992,-90.394849,seat,76308.0,1837113.8,55.33667067,66479.3,1641219.3,55.33667067
22059,LA,LaSalle Parish,Jena,31.683333333333,-92.133333333333,31.680083,-92.161596,seat,76493.4,1843336.0,4.243877754,57200.0,1401075.9,4.243877754
22061,LA,Lincoln Parish,Ruston,32.52875,-92.638694444444,32.601823,-92.662303,seat,74758.6,1816643.0,27.75980405,51169.0,1263006.3,27.75980405
22063,LA,Livingston Parish,Livingston,30.4986,-90.7483,30.440419,-90.727474,seat,73720.4,1797177.9,3.45684488,64595.9,1583832.1,3.45684488
22065,LA,Madison Parish,Tallulah,32.4092,-91.1914,32.346878,-91.231932,seat,69223.9,1680143.0,24.71124139,55118.2,1351892.6,24.71124139
22067,LA,Morehouse Parish,Bastrop,32.7778,-91.915,32.820008,-91.800399,seat,73872.0,1777442.5,52.37359587,50664.0,1277155.3,52.37359587
22069,LA,Natchitoches Parish,Natchitoches,31.7431,-93.095,31.732509,-93.082546,seat,81175.7,1917313.3,0.5268360853,51455.4,1266531.0,0.5268360853
22071,LA,Orleans Parish,New Orleans,29.976111111111,-90.078333333333,30.05342,-89.934502,seat,71772.9,1746060.3,0.4409330423,68009.0,1664816.6,0.4409330423
22073,LA,Ouachita Parish,Monroe,32.5094,-92.1183,32.480932,-92.151581,seat,72654.4,1765899.8,8.664446883,52514.0,1317287.5,8.664446883
22075,LA,Plaquemines Parish,Pointe à la Hache,29.576388888889,-89.791666666667,29.282447,-89.576068,seat,75590.2,1811842.0,88.8217121,71723.5,1729016.3,88.8217121
22077,LA,Pointe Coupee Parish,New Roads,30.6964,-91.4389,30.708319,-91.604621,seat,76858.0,1840387.0,1.938411403,61326.4,1481894.0,1.938411403
22079,LA,Rapides Parish,Alexandria,31.31125,-92.445194444444,31.193204,-92.535953,seat,78235.2,1879094.8,22.63635196,54192.1,1343938.6,22.63635196
22081,LA,Red River Parish,Coushatta,32.0231,-93.3417,32.101213,-93.34905,seat,80292.8,1927028.3,58.27307287,50245.2,1228980.8,58.27307287
22083,LA,Richland Parish,Rayville,32.47736,-91.75485,32.413158,-91.748353,seat,71317.1,1733738.3,7.498987057,53222.9,1319753.8,7.498987057
22085,LA,Sabine Parish,Many,31.5675,-93.4775,31.560402,-93.559579,seat,83153.0,2002760.3,52.46047237,51891.9,1261694.8,52.46047237
22087,LA,St. Bernard Parish,Chalmette,29.9456,-89.9617,29.91811,-89.263494,seat,71510.1,1741287.8,42.45461931,68987.4,1677085.4,42.45461931
22089,LA,St. Charles Parish,Hahnville,29.9669,-90.41,29.905722,-90.357855,seat,74098.9,1790009.4,104.2855537,67744.4,1645073.4,104.2855537
22091,LA,St. Helena Parish,Greensburg,30.8281,-90.6692,30.822539,-90.708307,seat,72222.1,1756860.0,42.53758185,65933.4,1610831.0,42.53758185
22093,LA,St. James Parish,Convent,30.020833333333,-90.829722222222,30.024777,-90.793956,seat,75814.4,1833196.5,16.92424899,65477.7,1603323.3,16.92424899
22095,LA,St. John the Baptist Parish,Edgard,30.0339,-90.5539,30.144068,-90.49096,seat,74300.2,1802425.0,409.8056685,66625.1,1624760.4,409.8056685
22097,LA,St. Landry Parish,Opelousas,30.533527777778,-92.0815,30.583441,-91.989274,seat,79845.4,1931137.3,15.23023262,58181.4,1450735.0,15.23023262
22099,LA,St. Martin Parish,St. Martinville,30.125,-91.8306,30.121433,-91.611481,seat,79884.6,1929448.1,35.53763181,61043.8,1509611.1,35.53763181
22101,LA,St. Mary Parish,Franklin,29.7917,-91.5083,29.629349,-91.463804,seat,79163.6,1912794.0,27.30235746,62925.7,1559197.1,27.30235746
22103,LA,St. Tammany Parish,Covington,30.4789,-90.1042,30.410022,-89.951962,seat,71418.3,1725413.4,34.03007463,67131.1,1645062.8,34.03007463
22105,LA,Tangipahoa Parish,Amite City,30.72861,-90.50833,30.621348,-90.40649,seat,72130.4,1757396.0,5.272412137,65841.7,1611367.0,5.272412137
22107,LA,Tensas Parish,St. Joseph,31.9186,-91.2383,32.001489,-91.342576,seat,72388.3,1736043.1,44.59050553,58444.6,1415342.5,44.59050553
22109,LA,Terrebonne Parish,Houma,29.595777777778,-90.719527777778,29.33413,-90.843674,seat,75860.0,1833138.5,7.612466229,66648.8,1647909.0,7.612466229
22111,LA,Union Parish,Farmerville,32.77347,-92.4057,32.829349,-92.37565,seat,75254.7,1816149.3,11.65057732,51929.1,1258176.1,11.65057732
22113,LA,Vermilion Parish,Abbeville,29.9725,-92.129166666667,29.806638,-92.321394,seat,81052.0,1962008.0,40.3147432,61453.7,1520491.1,40.3147432
22115,LA,Vernon Parish,Leesville,31.1436,-93.2711,31.102841,-93.18833,seat,82010.2,1966804.3,39.29696227,54295.7,1316513.9,39.29696227
22117,LA,Washington Parish,Franklinton,30.84731,-90.15527,30.852144,-90.046253,seat,70303.0,1685541.8,3.622424279,67076.7,1621584.5,3.622424279
22119,LA,Webster Parish,Minden,32.615416666667,-93.286833333333,32.732152,-93.339825,seat,77302.8,1880288.3,1.435908148,48833.9,1203350.6,1.435908148
22121,LA,West Baton Rouge Parish,Port Allen,30.4536,-91.21,30.464052,-91.309808,seat,75632.1,1842261.8,1.253218121,62421.3,1534294.5,1.253218121
22123,LA,West Carroll Parish,Oak Grove,32.86111,-91.38889,32.79248,-91.451998,seat,72808.3,1754667.5,19.96788573,52270.3,1297827.9,19.96788573
22125,LA,West Feliciana Parish,St. Francisville,30.7847,-91.3806,30.873364,-91.421776,seat,75828.2,1821157.6,48.70147942,62377.9,1505368.9,48.70147942
22127,LA,Winn Parish,Winnfield,31.9233,-92.6403,31.941187,-92.641269,seat,78049.1,1862821.0,34.42632967,54311.1,1313155.8,34.42632967
23001,ME,Androscoggin County,Auburn,44.089166666667,-70.241388888889,44.167681,-70.207435,seat,41843.3,911251.4,71.97645128,120702.6,2888508.0,71.97645128
23003,ME,Aroostook County,Houlton,46.133333333333,-67.839444444444,46.709193,-68.612409,seat,55397.3,1258405.0,10.00981538,133569.3,3093524.5,10.00981538
23005,ME,Cumberland County,Portland,43.66,-70.255,43.808348,-70.330375,seat,39819.6,864179.3,9.717936789,118678.9,2841436.0,9.717936789
23007,ME,Franklin County,Farmington,44.665555555556,-70.146944444444,44.976724,-70.414935,seat,45193.3,983012.6,2.272516178,121414.3,2806942.5,2.272516178
23009,ME,Hancock County,Ellsworth,44.543055555556,-68.420277777778,44.564906,-68.370703,seat,50020.4,1083925.0,7.659106082,128787.5,2945763.0,7.659106082
23011,ME,Kennebec County,Augusta,44.310555555556,-69.779444444444,44.417012,-69.765764,seat,43623.3,952022.4,21.0013767,122482.6,2929279.0,21.0013767
23013,ME,Knox County,Rockland,44.109444444444,-69.114722222222,44.042045,-69.038514,seat,46199.0,987815.4,19.69996547,125058.3,2965072.0,19.69996547
23015,ME,Lincoln County,Wiscasset,44.002808,-69.665864,43.994781,-69.513624,seat,43410.6,934058.2,1.621427063,122269.9,2911315.0,1.621427063
23017,ME,Oxford County,Paris,44.259722222222,-70.500555555556,44.4945,-70.734421,seat,43824.9,933097.6,9.802750591,119829.1,2782135.5,9.802750591
23019,ME,Penobscot County,Bangor,44.803055555556,-68.7675,45.409284,-68.666616,seat,48470.7,1072187.9,1.822409665,126642.7,2907307.5,1.822409665
23021,ME,Piscataquis County,Dover-Foxcroft,45.186111111111,-69.220277777778,45.915639,-69.102231,seat,49274.4,1070610.3,3.15136717,126081.2,2882954.3,3.15136717
23023,ME,Sagadahoc County,Bath,43.916388888889,-69.8225,43.916845,-69.844227,seat,42429.9,917926.9,18.99897464,121289.2,2895183.5,18.99897464
23025,ME,Somerset County,Skowhegan,44.764809833333,-69.718388888889,45.503646,-69.95611,seat,46279.2,1011469.4,3.861025471,122525.0,2821146.8,3.861025471
23027,ME,Waldo County,Belfast,44.426111111111,-69.008333333333,44.505822,-69.138961,seat,46999.1,1024210.9,0.07963144731,125858.4,3001467.5,0.07963144731
23029,ME,Washington County,Machias,44.683333333333,-67.466666666667,44.967009,-67.609354,seat,55496.0,1180535.0,30.77392128,134311.5,3042269.5,30.77392128
23031,ME,York County,Alfred,43.4825,-70.718611111111,43.426019,-70.668425,seat,39260.8,838670.8,44.33734223,118120.1,2815927.5,44.33734223
24001,MD,Allegany County,Cumberland,39.652777777778,-78.7625,39.612313,-78.703104,seat,9854.0,217342.7,12.80278041,79492.2,1864355.0,12.80278041
24003,MD,Anne Arundel County,Annapolis,38.978611111111,-76.491944444444,38.991617,-76.560894,seat,2589.2,50118.4,3.886491356,90270.7,2121036.5,3.886491356
24005,MD,Baltimore County,Towson,39.393055555556,-76.609444444444,39.443167,-76.616569,seat,4691.8,76448.7,41.29864702,89146.3,2093972.8,41.29864702
24009,MD,Calvert County,Prince Frederick,38.548611111111,-76.588611111111,38.522719,-76.529762,seat,3660.9,63431.8,24.52330909,92345.7,2145289.5,24.52330909
24011,MD,Caroline County,Denton,38.883888888889,-75.826666666667,38.871531,-75.831662,seat,5946.2,114593.0,16.60148118,93329.5,2174676.5,16.60148118
24013,MD,Carroll County,Westminster,39.576666666667,-77.0,39.563328,-77.01533,seat,5702.2,103878.4,27.58773678,87979.5,2060858.0,27.58773678
24015,MD,Cecil County,Elkton,39.607777777778,-75.829722222222,39.562354,-75.941585,seat,7395.3,145280.6,2.923230393,92830.0,2173559.0,2.923230393
24017,MD,Charles County,La Plata,38.534166666667,-76.973333333333,38.472853,-77.015427,seat,3183.8,49720.7,20.52895949,92202.8,2140820.5,20.52895949
24019,MD,Dorchester County,Cambridge,38.566388888889,-76.076944444444,38.429196,-76.047433,seat,7208.0,136794.3,4.714142267,94591.3,2196877.8,4.714142267
24021,MD,Frederick County,Frederick,39.426294,-77.420403,39.470177,-77.397636,seat,4273.8,77931.4,41.46068808,85483.0,2007991.5,41.46068808
24023,MD,Garrett County,Oakland,39.41048,-79.40438,39.547299,-79.274619,seat,13213.1,281713.3,2.862894105,78625.1,1816528.5,2.862894105
24025,MD,Harford County,Bel Air,39.5355063,-76.3490396,39.537429,-76.299789,seat,5599.9,104993.7,18.51357656,90902.7,2101741.3,18.51357656
24027,MD,Howard County,Ellicott City,39.268055555556,-76.798888888889,39.252264,-76.924406,seat,3455.7,59587.3,2.078939288,87826.9,2067632.5,2.078939288
24029,MD,Kent County,Chestertown,39.209166666667,-76.066666666667,39.241279,-76.125987,seat,6360.1,120473.0,1.939256867,93743.4,2180556.5,1.939256867
24031,MD,Montgomery County,Rockville,39.084,-77.15276,39.137381,-77.203063,seat,2091.1,31695.2,10.9921721,87442.4,2051009.5,10.9921721
24033,MD,Prince George's County,Upper Marlboro,38.816388888889,-76.753333333333,38.829278,-76.848188,seat,1686.6,25664.8,8.938632791,90267.9,2106756.3,8.938632791
24035,MD,Queen Anne's County,Centreville,39.046111111111,-76.064444444444,39.040693,-76.082405,seat,4958.3,95322.2,30.74938682,92341.6,2155405.5,30.74938682
24037,MD,St. Mary's County,Leonardtown,38.295277777778,-76.638055555556,38.223077,-76.534487,seat,4988.3,83840.7,11.19248368,94007.3,2174940.8,11.19248368
24039,MD,Somerset County,Princess Anne,38.209722222222,-75.695,38.07445,-75.853323,seat,10757.0,210395.5,6.165516576,98140.3,2270479.0,6.165516576
24041,MD,Talbot County,Easton,38.771666666667,-76.070555555556,38.748349,-76.178476,seat,5896.1,111746.6,3.217219109,93279.4,2171830.0,3.217219109
24043,MD,Washington County,Hagerstown,39.642777777778,-77.72,39.603621,-77.814671,seat,5774.4,113587.0,22.15454421,84039.1,1974224.8,22.15454421
24045,MD,Wicomico County,Salisbury,38.361111111111,-75.6,38.36737,-75.632083,seat,9749.5,186026.5,5.22604538,97132.8,2246110.0,5.22604538
24047,MD,Worcester County,Snow Hill,38.175,-75.390833333333,38.222133,-75.309931,seat,11307.1,216261.1,16.76898366,98690.4,2276344.5,16.76898366
24510,MD,Baltimore city,(internal point),39.300032,-76.610476,39.300032,-76.610476,internal_point,3589.3,62173.4,26.58650731,88955.0,2083755.5,26.58650731
25001,MA,Barnstable County,Barnstable,41.7,-70.3,41.706123,-70.164823,seat,36333.1,763564.5,15.28785842,116097.3,2757755.5,15.28785842
25003,MA,Berkshire County,Pittsfield,42.45,-73.25,42.371493,-73.217928,seat,28874.3,626228.9,35.00567294,103844.0,2453289.0,35.00567294
25005,MA,Bristol County,Taunton,41.9,-71.090277777778,41.748588,-71.088894,seat,32255.1,673696.8,15.74773852,112019.3,2667887.5,15.74773852
25007,MA,Dukes County,Edgartown,41.388888888889,-70.513888888889,41.38097,-70.701499,seat,39778.2,785732.5,28.84742485,119542.4,2779923.5,28.84742485
25009,MA,Essex County,Salem,42.516845,-70.898503,42.642708,-70.864909,seat,34420.5,725371.5,29.74444012,113279.8,2702628.3,29.74444012
25011,MA,Franklin County,Greenfield,42.5875,-72.6,42.584504,-72.591792,seat,30456.9,645112.6,33.19281254,108313.9,2572688.0,33.19281254
25013,MA,Hampden County,Springfield,42.112411,-72.547455,42.136198,-72.635648,seat,27849.9,586958.4,10.39852373,106589.5,2534811.0,10.39852373
25015,MA,Hampshire County,Northampton,42.325,-72.641666666667,42.339459,-72.663694,seat,29161.0,614119.8,17.5213201,106935.7,2535537.0,17.5213201
25017,MA,Middlesex County,Cambridge,42.375,-71.106111111111,42.481718,-71.394916,seat,32887.7,696684.4,28.16416059,111747.0,2673941.0,28.16416059
25019,MA,Nantucket County,Nantucket,41.2833,-70.1,41.293392,-70.102164,seat,44716.9,811937.9,11.8794232,124481.1,2806128.8,11.8794232
25021,MA,Norfolk County,Dedham,42.2417,-71.1667,42.171738,-71.18111,seat,32764.5,697344.1,25.9140924,111623.8,2674601.0,25.9140924
25023,MA,Plymouth County,Plymouth,41.958611111111,-70.667777777778,41.987196,-70.741942,seat,34137.9,711854.5,2.23643019,113902.1,2706045.5,2.23643019
25025,MA,Suffolk County,Boston,42.360277777778,-71.057777777778,42.338551,-71.018253,seat,33013.0,701427.1,38.05410049,111872.3,2678684.0,38.05410049
25027,MA,Worcester County,Worcester,42.271388888889,-71.798888888889,42.311693,-71.940282,seat,30216.1,639880.1,0.5614860992,109075.4,2617137.0,0.5614860992
26001,MI,Alcona County,Harrisville,44.656388888889,-83.294722222222,44.657509,-83.29458,seat,49513.8,1152810.6,10.00254558,72047.8,1736722.6,10.00254558
26003,MI,Alger County,Munising,46.411111111111,-86.647777777778,46.521736,-86.657119,seat,61245.6,1476916.3,137.588544,66525.9,1517599.5,137.588544
26005,MI,Allegan County,Allegan,42.529166666667,-85.855277777778,42.421251,-86.261403,seat,43134.1,1013458.3,12.54385686,54753.0,1319972.8,12.54385686
26007,MI,Alpena County,Alpena,45.061666666667,-83.432777777778,44.894954,-83.426574,seat,51441.9,1215669.4,7.151524747,72801.5,1763811.1,7.151524747
26009,MI,Antrim County,Bellaire,44.973611111111,-85.205833333333,45.005455,-85.175639,seat,51334.0,1212221.0,42.38130987,66857.3,1615927.0,42.38130987
26011,MI,Arenac County,Standish,43.983055555556,-83.958888888889,44.036833,-83.740675,seat,43634.0,1042876.0,36.78507989,66954.7,1633822.6,36.78507989
26013,MI,Baraga County,L'Anse,46.756666666667,-88.453333333333,46.695859,-88.36181,seat,69790.7,1645503.9,14.21296329,64891.3,1523992.0,14.21296329
26015,MI,Barry County,Hastings,42.645833333333,-85.290833333333,42.582811,-85.31455,seat,42271.9,989147.3,8.998294104,57266.1,1368075.8,8.998294104
26017,MI,Bay County,Bay City,43.59505,-83.888639,43.699711,-83.978701,seat,41907.9,998451.0,1.794104198,65228.6,1589397.5,1.794104198
26019,MI,Benzie County,Beulah,44.629444444444,-86.095833333333,44.636844,-86.231999,seat,51833.5,1219393.1,3.302564553,65420.9,1550794.3,3.302564553
26021,MI,Berrien County,St. Joseph,42.098055555556,-86.484166666667,41.791382,-86.742543,seat,43451.2,1032040.2,2.332569544,51040.9,1230659.3,2.332569544
26023,MI,Branch County,Coldwater,41.94,-85.0,41.918455,-85.066885,seat,37704.6,893823.4,55.816389,56075.4,1343864.8,55.816389
26025,MI,Calhoun County,Marshall,42.274167,-84.963333,42.24299,-85.012385,seat,39210.9,932936.9,3.776673297,56192.5,1363342.6,3.776673297
26027,MI,Cass County,Cassopolis,41.911666666667,-86.01,41.917243,-86.000142,seat,41268.0,976549.5,1.493063607,52539.7,1253822.6,1.493063607
26029,MI,Charlevoix County,Charlevoix,45.318055555556,-85.258333333333,45.618554,-85.543684,seat,52618.0,1254188.4,17.16991985,68857.5,1644818.0,17.16991985
26031,MI,Cheboygan County,Cheboygan,45.646944444444,-84.474444444444,45.476022,-84.495431,seat,52204.4,1266419.3,18.29285866,71073.0,1729709.4,18.29285866
26033,MI,Chippewa County,Sault Ste. Marie,46.496944444444,-84.345555555556,46.321819,-84.52063,seat,56036.6,1369722.4,7.075394847,73909.1,1696255.3,7.075394847
26035,MI,Clare County,Harrison,44.019166666667,-84.799444444444,43.991137,-84.838325,seat,45496.3,1092594.1,1.202587607,64201.8,1552622.9,1.202587607
26037,MI,Clinton County,St. Johns,43.000833333333,-84.556666666667,42.950455,-84.591695,seat,41035.2,973647.1,13.93337434,60349.4,1457942.8,13.93337434
26039,MI,Crawford County,Grayling,44.661388888889,-84.714722222222,44.680175,-84.611343,seat,47351.6,1143161.3,5.22839698,66220.2,1606451.3,5.22839698
26041,MI,Delta County,Escanaba,45.745833333333,-87.064166666667,45.805229,-86.901938,seat,63054.5,1513415.1,1.012000056,61310.0,1418312.6,1.012000056
26043,MI,Dickinson County,Iron Mountain,45.8225,-88.0642,46.012833,-87.866139,seat,66685.4,1596188.4,28.52064878,60957.1,1398642.6,28.52064878
26045,MI,Eaton County,Charlotte,42.563611111111,-84.835833333333,42.58953,-84.84645,seat,40719.4,949270.0,4.761840906,57589.4,1394298.3,4.761840906
26047,MI,Emmet County,Petoskey,45.373333333333,-84.955277777778,45.590094,-84.986822,seat,51925.7,1243725.3,22.450646,69140.3,1658774.5,22.450646
26049,MI,Genesee County,Flint,43.018888888889,-83.693333333333,43.021077,-83.706372,seat,39195.9,926583.9,1.183626131,62366.3,1517351.5,1.183626131
26051,MI,Gladwin County,Gladwin,43.980833333333,-84.486388888889,43.98975,-84.389816,seat,45220.9,1073925.8,19.44869547,65241.2,1571540.8,19.44869547
26053,MI,Gogebic County,Bessemer,46.4813363,-90.0529504,46.488054,-89.788314,seat,74847.3,1767832.5,18.67513798,58347.0,1308936.4,18.67513798
26055,MI,Grand Traverse County,Traverse City,44.768055555556,-85.622222222222,44.718688,-85.553848,seat,51913.0,1226100.0,190.8271024,65610.1,1589307.0,190.8271024
26057,MI,Gratiot County,Ithaca,43.291666666667,-84.6075,43.292326,-84.60469,seat,42414.1,1008235.4,1.777569536,61826.5,1500495.8,1.777569536
26059,MI,Hillsdale County,Hillsdale,41.92005,-84.63051,41.927461,-84.637479,seat,37020.9,865284.5,3.428917165,58183.0,1393936.5,3.428917165
26061,MI,Houghton County,Houghton,47.121111111111,-88.569444444444,46.998427,-88.651903,seat,72262.3,1696552.6,2.112292309,65831.4,1533631.3,2.112292309
26063,MI,Huron County,Bad Axe,43.801944444444,-83.000833333333,43.907616,-82.857045,seat,44186.5,1022579.3,10.89133882,68451.9,1662760.3,10.89133882
26065,MI,Ingham County,Mason,42.579166666667,-84.443611111111,42.603534,-84.373811,seat,39255.7,930074.0,2.667290916,59366.7,1442094.0,2.667290916
26067,MI,Ionia County,Ionia,42.981944444444,-85.066666666667,42.94465,-85.073766,seat,42556.3,1008287.1,5.244225599,58707.6,1419979.8,5.244225599
26069,MI,Iosco County,Tawas City,44.269444444444,-83.514722222222,44.386912,-83.380141,seat,46734.5,1100108.1,13.23513318,70055.2,1691054.8,13.23513318
26071,MI,Iron County,Crystal Falls,46.098055555556,-88.333888888889,46.170254,-88.540526,seat,68835.9,1627160.9,10.67548276,61874.9,1453309.1,10.67548276
26073,MI,Isabella County,Mount Pleasant,43.597777777778,-84.7675,43.645233,-84.839424,seat,43881.4,1047675.9,4.444891914,62141.9,1495539.4,4.444891914
26075,MI,Jackson County,Jackson,42.245833333333,-84.401388888889,42.248474,-84.420868,seat,37905.1,867007.3,1.898839893,58165.8,1411830.8,1.898839893
26077,MI,Kalamazoo County,Kalamazoo,42.29,-85.59,42.246266,-85.532854,seat,41570.7,986799.8,8.085085015,54352.5,1313248.1,8.085085015
26079,MI,Kalkaska County,Kalkaska,44.734166666667,-85.175833333333,44.678881,-85.088992,seat,49564.1,1184992.9,16.47501176,64748.5,1576869.9,16.47501176
26081,MI,Kent County,Grand Rapids,42.963333333333,-85.667777777778,43.032497,-85.547446,seat,44162.7,1052237.1,8.490241705,56270.7,1361795.8,8.490241705
26083,MI,Keweenaw County,Eagle River,47.413888888889,-88.295833333333,47.367297,-88.351332,seat,74829.3,1741598.0,8.449273869,68379.2,1578179.5,8.449273869
26085,MI,Lake County,Baldwin,43.897222222222,-85.853055555556,43.995187,-85.8114,seat,49256.9,1165745.1,6.109464269,61706.6,1497568.1,6.109464269
26087,MI,Lapeer County,Lapeer,43.051388888889,-83.318888888889,43.088633,-83.224325,seat,40194.5,932299.4,13.44856425,63591.0,1549560.6,13.44856425
26089,MI,Leelanau County,Suttons Bay Township,44.993055555556,-85.636388888889,45.146182,-86.051574,seat,53504.2,1253653.9,1.236248857,67203.8,1617322.3,1.236248857
26091,MI,Lenawee County,Adrian,41.8975,-84.037222222222,41.896022,-84.074356,seat,35054.0,811408.1,3.820903334,60616.4,1455083.3,3.820903334
26093,MI,Livingston County,Howell,42.607222222222,-83.929444444444,42.602532,-83.911718,seat,37523.7,886983.0,7.580716598,61003.3,1478469.5,7.580716598
26095,MI,Luce County,Newberry,46.355,-85.509444444444,46.510988,-85.517552,seat,57665.6,1396738.3,7.892263655,69792.2,1599283.4,7.892263655
26097,MI,Mackinac County,St. Ignace,45.865833333333,-84.725833333333,46.167868,-85.303762,seat,52952.5,1287271.4,43.79178563,71443.1,1644296.6,43.79178563
26099,MI,Macomb County,Mount Clemens,42.597222222222,-82.878055555556,42.671553,-82.911456,seat,37694.8,880233.5,4.765682969,64651.2,1565167.3,4.765682969
26101,MI,Manistee County,Manistee,44.243611111111,-86.321388888889,44.245268,-86.327537,seat,51729.2,1221565.6,3.337327328,62529.3,1498729.0,3.337327328
26103,MI,Marquette County,Marquette,46.543611111111,-87.395555555556,46.656596,-87.584028,seat,64515.2,1545575.1,1.260705283,66712.3,1523195.5,1.260705283
26105,MI,Mason County,Ludington,43.955277777778,-86.4525,43.957196,-86.442937,seat,50243.8,1204223.8,4.814391825,60875.5,1464695.5,4.814391825
26107,MI,Mecosta County,Big Rapids,43.69888889,-85.48111111,43.635295,-85.332751,seat,47502.0,1138327.5,7.01943396,59729.0,1452014.3,7.01943396
26109,MI,Menominee County,Menominee,45.107777777778,-87.614166666667,45.535568,-87.501457,seat,65351.7,1539331.6,2.335144355,57084.9,1330120.3,2.335144355
26111,MI,Midland County,Midland,43.615555555556,-84.247222222222,43.648203,-84.379414,seat,42834.3,1019821.8,1.856118358,64455.3,1539244.3,1.856118358
26113,MI,Missaukee County,Lake City,44.335277777778,-85.215,44.325424,-85.085471,seat,48372.2,1160019.3,23.05295357,62942.3,1534608.9,23.05295357
26115,MI,Monroe County,Monroe,41.916388888889,-83.397777777778,41.916097,-83.487106,seat,33499.0,784026.8,6.616453003,62625.4,1503088.4,6.616453003
26117,MI,Montcalm County,Stanton,43.2925,-85.081388888889,43.312782,-85.149468,seat,44427.3,1043469.5,8.777124978,60095.9,1442451.3,8.777124978
26119,MI,Montmorency County,Atlanta,45.0047,-84.1439,45.024134,-84.130107,seat,50083.5,1171751.3,2.890513563,70028.9,1702112.8,2.890513563
26121,MI,Muskegon County,Muskegon,43.234166666667,-86.248333333333,43.428739,-86.420908,seat,46704.1,1115285.8,9.576433337,57348.0,1377891.1,9.576433337
26123,MI,Newaygo County,White Cloud,43.550277777778,-85.771944444444,43.562712,-85.791372,seat,47759.9,1122049.8,3.392612974,59822.3,1428368.8,3.392612974
26125,MI,Oakland County,Pontiac,42.646111111111,-83.2925,42.660452,-83.38421,seat,37895.4,888956.5,18.22705925,63791.3,1533182.3,18.22705925
26127,MI,Oceana County,Hart,43.698333333333,-86.363888888889,43.603954,-86.467177,seat,48861.6,1171621.1,5.488204742,59493.3,1432092.9,5.488204742
26129,MI,Ogemaw County,West Branch,44.275555555556,-84.235277777778,44.33328,-84.128073,seat,44957.0,1078057.4,33.61045218,67072.0,1617205.0,33.61045218
26131,MI,Ontonagon County,Ontonagon,46.871111111111,-89.314166666667,46.835325,-89.276912,seat,73592.3,1739356.5,2.923070967,62620.3,1399602.6,2.923070967
26133,MI,Osceola County,Reed City,43.875,-85.51,43.997552,-85.322283,seat,47812.3,1137844.4,3.618553913,60400.6,1472653.9,3.618553913
26135,MI,Oscoda County,Mio,44.652222222222,-84.129722222222,44.687257,-84.126905,seat,47183.5,1116756.4,7.112027304,68350.2,1655687.5,7.112027304
26137,MI,Otsego County,Gaylord,45.0275,-84.674722222222,45.021787,-84.576603,seat,48930.9,1186634.5,12.66907832,67799.5,1649924.5,12.66907832
26139,MI,Ottawa County,Grand Haven,43.063055555556,-86.228333333333,43.054969,-86.219349,seat,46558.1,1103323.9,11.3122818,56273.6,1353421.3,11.3122818
26141,MI,Presque Isle County,Rogers City,45.421388888889,-83.818333333333,45.252397,-83.432283,seat,52465.5,1239169.4,0.6796510425,72668.5,1762213.5,0.6796510425
26143,MI,Roscommon County,Roscommon,44.498333333333,-84.591944444444,44.339517,-84.611271,seat,46583.5,1122298.0,10.61234034,66240.8,1603306.0,10.61234034
26145,MI,Saginaw County,Saginaw,43.4199247,-83.9500261,43.328267,-84.05541,seat,41117.2,977825.8,21.08349282,64103.7,1546911.3,21.08349282
26147,MI,St. Clair County,Port Huron,42.975,-82.424444444444,42.928803,-82.668913,seat,39924.4,935704.0,0.68912641,66318.0,1623514.5,0.68912641
26149,MI,St. Joseph County,Centreville,41.923333333333,-85.528333333333,41.911488,-85.52287,seat,39712.3,936078.3,9.042011849,54603.1,1305692.0,9.042011849
26151,MI,Sanilac County,Sandusky,43.420277777778,-82.829722222222,43.449155,-82.642815,seat,42850.8,979953.6,8.782955382,67302.8,1635216.1,8.782955382
26153,MI,Schoolcraft County,Manistique,45.957777777778,-86.249722222222,46.021122,-86.197029,seat,59087.5,1427589.0,6.972786561,65209.2,1503694.3,6.972786561
26155,MI,Shiawassee County,Corunna,42.981944444444,-84.117777777778,42.951545,-84.146352,seat,40437.9,956536.8,3.777136471,61415.9,1490302.4,3.777136471
26157,MI,Tuscola County,Caro,43.491111111111,-83.396944444444,43.487902,-83.436618,seat,42984.1,1006123.4,16.02981643,66304.8,1597070.0,16.02981643
26159,MI,Van Buren County,Paw Paw,42.217777777778,-85.891111111111,42.28215,-86.306076,seat,42468.2,992600.6,12.48690638,52974.4,1282833.5,12.48690638
26161,MI,Washtenaw County,Ann Arbor,42.281388888889,-83.748333333333,42.252217,-83.843423,seat,35773.4,838896.6,3.558342978,60311.8,1464340.5,3.558342978
26163,MI,Wayne County,Detroit,42.331666666667,-83.0475,42.284664,-83.261953,seat,35793.4,841205.0,1.666193976,62994.3,1530693.0,1.666193976
26165,MI,Wexford County,Cadillac,44.25,-85.4,44.331375,-85.570046,seat,48371.0,1147360.1,2.604000518,62020.6,1513649.3,2.604000518
27001,MN,Aitkin County,Aitkin,46.533055555556,-93.710277777778,46.602409,-93.419694,seat,83364.8,1980258.6,36.34983399,46716.0,1028788.2,36.34983399
27003,MN,Anoka County,Anoka,45.197777777778,-93.387222222222,45.27411,-93.242723,seat,76053.7,1812470.9,0.8646709507,40548.4,889387.8,0.8646709507
27005,MN,Becker County,Detroit Lakes,46.817222222222,-95.845277777778,46.937629,-95.741757,seat,88701.1,2104638.3,4.338214687,40591.1,985858.4,4.338214687
27007,MN,Beltrami County,Bemidji,47.473611111111,-94.880277777778,47.879508,-95.00505,seat,90530.1,2118625.0,8.560867832,47909.8,1126432.4,8.560867832
27009,MN,Benton County,Foley,45.664722222222,-93.909722222222,45.701225,-94.00144,seat,79650.2,1891465.5,10.31630734,41292.0,906345.3,10.31630734
27011,MN,Big Stone County,Ortonville,45.304722222222,-96.444722222222,45.419925,-96.402226,seat,88030.0,2083988.8,13.78167566,32400.2,739531.4,13.78167566
27013,MN,Blue Earth County,Mankato,44.167666666667,-94.0034,44.03371,-94.064012,seat,77146.6,1824069.5,1.280469858,33741.7,742522.4,1.280469858
27015,MN,Brown County,New Ulm,44.3125,-94.460555555556,44.246541,-94.733647,seat,78963.3,1866054.1,7.249445111,33710.8,738413.6,7.249445111
27017,MN,Carlton County,Carlton,46.663888888889,-92.425,46.603818,-92.671044,seat,80745.7,1906291.8,7.735303492,47926.2,1170477.1,7.735303492
27019,MN,Carver County,Chaska,44.789444444444,-93.601944444444,44.82132,-93.800091,seat,76606.1,1822058.6,3.395964111,37830.8,830695.3,3.395964111
27021,MN,Cass County,Walker,47.101388888889,-94.587222222222,46.951745,-94.333705,seat,88231.3,2080168.1,14.92502035,46373.2,1093970.4,14.92502035
27023,MN,Chippewa County,Montevideo,44.9425,-95.723611111111,45.028625,-95.564108,seat,85005.3,1992236.4,8.140776992,33423.9,733723.2,8.140776992
27025,MN,Chisago County,Center City,45.395,-92.817222222222,45.505444,-92.903849,seat,76069.1,1794642.9,35.69486594,42098.7,1022044.4,35.69486594
27027,MN,Clay County,Moorhead,46.873888888889,-96.767222222222,46.898377,-96.494901,seat,90040.3,2158629.0,6.937220856,37387.0,913311.9,6.937220856
27029,MN,Clearwater County,Bagley,47.521666666667,-95.398333333333,47.575873,-95.371117,seat,92184.5,2171821.8,14.56491562,46753.1,1110112.9,14.56491562
27031,MN,Cook County,Grand Marais,47.749211111111,-90.3331,47.758556,-90.344319,seat,88504.9,2058599.9,1.725484921,58142.1,1378622.1,1.725484921
27033,MN,Cottonwood County,Windom,43.866388888889,-95.116944444444,44.010639,-95.183152,seat,80881.1,1934867.3,17.99978788,29102.5,638716.4,17.99978788
27035,MN,Crow Wing County,Brainerd,46.358055555556,-94.200833333333,46.491653,-94.070718,seat,83869.5,1988279.0,2.667807433,44408.9,980188.8,2.667807433
27037,MN,Dakota County,Hastings,44.73525,-92.85265,44.670893,-93.062481,seat,74618.8,1775933.8,2.059800239,39542.8,951224.6,2.059800239
27039,MN,Dodge County,Mantorville,44.067222222222,-92.7575,44.020706,-92.869353,seat,72651.4,1717911.5,49.42683826,37103.7,898669.3,49.42683826
27041,MN,Douglas County,Alexandria,45.885233333333,-95.377222222222,45.936835,-95.462155,seat,83623.6,1996819.6,29.4321876,39559.6,886646.2,29.4321876
27043,MN,Faribault County,Blue Earth,43.6375,-94.102222222222,43.676522,-93.947234,seat,76739.7,1834416.5,8.888760237,32137.9,715891.6,8.888760237
27045,MN,Fillmore County,Preston,43.669472222222,-92.081980555556,43.679187,-92.093937,seat,71205.8,1681142.6,1.209640662,37927.7,912380.1,1.209640662
27047,MN,Freeborn County,Albert Lea,43.647861111111,-93.36875,43.674202,-93.350289,seat,74370.4,1771652.5,2.82483726,33108.6,805592.1,2.82483726
27049,MN,Goodhue County,Red Wing,44.565555555556,-92.534722222222,44.406178,-92.716,seat,72989.5,1719041.5,4.686236466,40446.1,970515.4,4.686236466
27051,MN,Grant County,Elbow Lake,45.994166666667,-95.976666666667,45.930743,-96.010699,seat,85626.7,2044188.8,5.558081823,37819.6,886950.6,5.558081823
27053,MN,Hennepin County,Minneapolis,44.981944444444,-93.269166666667,45.006121,-93.475228,seat,75102.4,1786037.3,6.513079804,39450.5,958896.9,6.513079804
27055,MN,Houston County,Caledonia,43.63465,-91.497,43.66699,-91.501556,seat,68318.7,1615472.4,0.0,40425.3,940471.0,0.0
27057,MN,Hubbard County,Park Rapids,46.916666666667,-95.05,47.095551,-94.91329,seat,88713.9,2088811.6,164.5305685,43984.0,1049986.9,164.5305685
27059,MN,Isanti County,Cambridge,45.572777777778,-93.224444444444,45.562431,-93.296339,seat,77662.9,1850627.1,13.33739012,42760.9,1032809.0,13.33739012
27061,MN,Itasca County,Grand Rapids,47.237222222222,-93.530277777778,47.490817,-93.611102,seat,85023.9,2007494.3,26.90451208,51264.8,1113459.3,26.90451208
27063,MN,Jackson County,Jackson,43.620833333333,-94.988611111111,43.671111,-95.149731,seat,79607.4,1907706.5,1.210644539,29086.0,640936.1,1.210644539
27065,MN,Kanabec County,Mora,45.876944444444,-93.293888888889,45.94776,-93.297788,seat,79355.6,1883478.1,13.82350601,43733.6,962543.8,13.82350601
27067,MN,Kandiyohi County,Willmar,45.121944444444,-95.043333333333,45.152714,-95.004981,seat,82483.5,1935794.5,14.88418429,35554.3,782285.1,14.88418429
27069,MN,Kittson County,Hallock,48.774444444444,-96.946388888889,48.77604,-96.780349,seat,99641.7,2409966.0,1.326329996,46251.8,1152517.3,1.326329996
27071,MN,Koochiching County,International Falls,48.601669444444,-93.403680555556,48.245374,-93.782896,seat,91601.0,2142651.0,0.8896197316,56403.8,1309463.5,0.8896197316
27073,MN,Lac qui Parle County,Madison,45.009722222222,-96.195833333333,44.999826,-96.176851,seat,87422.0,2038597.4,18.06916446,32003.5,731814.7,18.06916446
27075,MN,Lake County,Two Harbors,47.02527778,-91.67388889,47.517111,-91.411704,seat,81862.2,1924467.8,2.779283229,51499.4,1244490.0,2.779283229
27077,MN,Lake of the Woods County,Baudette,48.7125,-94.595,48.7681,-94.904633,seat,96215.4,2245095.0,67.92908433,54605.1,1314727.1,67.92908433
27079,MN,Le Sueur County,Le Center,44.389444444444,-93.730277777778,44.373421,-93.730106,seat,77235.2,1823293.0,0.07969929291,35880.8,784210.6,0.07969929291
27081,MN,Lincoln County,Ivanhoe,44.466666666667,-96.25,44.408238,-96.272032,seat,86987.5,2021341.5,72.23884658,28891.6,666400.1,72.23884658
27083,MN,Lyon County,Marshall,44.446944444444,-95.788333333333,44.409195,-95.847268,seat,84786.3,1981130.3,21.0366824,30192.6,672298.3,21.0366824
27085,MN,McLeod County,Glencoe,44.769166666667,-94.151666666667,44.821657,-94.272323,seat,78550.0,1866129.4,4.353514727,36890.0,806600.3,4.353514727
27087,MN,Mahnomen County,Mahnomen,47.31527778,-95.96861111,47.328387,-95.811089,seat,91342.0,2162990.8,0.5291550517,43127.8,1042367.9,0.5291550517
27089,MN,Marshall County,Warren,48.196666666667,-96.772777777778,48.362728,-96.357761,seat,97874.4,2301549.8,17.5316049,44597.0,1093543.9,17.5316049
27091,MN,Martin County,Fairmont,43.652222222222,-94.461111111111,43.677173,-94.547096,seat,77943.2,1864131.3,6.777939547,30877.2,685528.8,6.777939547
27093,MN,Meeker County,Litchfield,45.127222222222,-94.528055555556,45.123155,-94.527346,seat,80132.7,1892085.4,4.405811587,37509.0,823735.7,4.405811587
27095,MN,Mille Lacs County,Milaca,45.755833333333,-93.654444444444,45.929043,-93.632996,seat,79145.5,1884003.8,15.59174359,42281.5,928923.2,15.59174359
27097,MN,Morrison County,Little Falls,45.976388888889,-94.3625,46.020484,-94.266619,seat,81720.9,1938548.5,3.073099346,42260.3,930458.3,3.073099346
27099,MN,Mower County,Austin,43.6666,-92.974861111111,43.666249,-92.759514,seat,72865.4,1737658.1,0.1612854211,34446.0,834905.4,0.1612854211
27101,MN,Murray County,Slayton,43.987777777778,-95.755833333333,44.015594,-95.761581,seat,83844.7,1993827.8,7.222264006,28971.6,652942.6,7.222264006
27103,MN,Nicollet County,St. Peter,44.325833333333,-93.955833333333,44.35882,-94.245684,seat,77812.7,1840576.3,1.757041794,34718.3,762613.9,1.757041794
27105,MN,Nobles County,Worthington,43.62,-95.596388888889,43.677686,-95.763132,seat,81580.7,1955968.0,28.80232044,26966.0,589315.3,28.80232044
27107,MN,Norman County,Ada,47.299722222222,-96.515277777778,47.329453,-96.463776,seat,92265.2,2192765.8,7.216870242,40758.9,981293.9,7.216870242
27109,MN,Olmsted County,Rochester,44.0234,-92.46295,43.9995,-92.410096,seat,71112.2,1688226.0,0.3206900287,37236.3,901841.5,0.3206900287
27111,MN,Otter Tail County,Fergus Falls,46.2830152,-96.0775581,46.405727,-95.714581,seat,86505.7,2068958.4,6.002956137,37886.4,903969.2,6.002956137
27113,MN,Pennington County,Thief River Falls,48.116944444444,-96.181666666667,48.069247,-96.037725,seat,95398.1,2257747.3,7.891159703,45811.1,1115971.6,7.891159703
27115,MN,Pine County,Pine City,45.826111111111,-92.968611111111,46.10094,-92.763094,seat,78105.9,1866841.8,17.48728698,43618.1,1062452.8,17.48728698
27117,MN,Pipestone County,Pipestone,44.000555555556,-96.3175,44.015361,-96.257015,seat,85791.9,2047277.0,5.666749239,26856.7,602670.9,5.666749239
27119,MN,Polk County,Crookston,47.774166666667,-96.608055555556,47.774254,-96.400027,seat,95165.0,2252010.3,8.077553787,42612.3,1050035.9,8.077553787
27121,MN,Pope County,Glenwood,45.650277777778,-95.389722222222,45.589623,-95.446705,seat,83846.9,1991620.0,4.001977417,38080.8,856013.7,4.001977417
27123,MN,Ramsey County,Saint Paul,44.944166666667,-93.093611111111,45.015204,-93.099965,seat,74297.3,1770994.1,36.92841922,39419.9,959609.6,36.92841922
27125,MN,Red Lake County,Red Lake Falls,47.882222222222,-96.274166666667,47.865487,-96.08718,seat,94690.6,2239619.3,5.312350394,44319.9,1089084.0,5.312350394
27127,MN,Redwood County,Redwood Falls,44.539444444444,-95.116944444444,44.403536,-95.254241,seat,82237.1,1928899.0,16.00242926,32985.0,732508.1,16.00242926
27129,MN,Renville County,Olivia,44.776388888889,-94.989722222222,44.723697,-94.955617,seat,81712.1,1935039.4,11.89062973,34726.7,765222.6,11.89062973
27131,MN,Rice County,Faribault,44.294972222222,-93.268833333333,44.350775,-93.298513,seat,75225.0,1774779.8,15.80729105,36113.3,880892.7,15.80729105
27133,MN,Rock County,Luverne,43.655833333333,-96.210277777778,43.669587,-96.263238,seat,83500.9,2005936.6,49.23107634,25526.9,576933.7,49.23107634
27135,MN,Roseau County,Roseau,48.846111111111,-95.762777777778,48.761068,-95.821504,seat,100007.5,2359775.3,3.30425107,50140.7,1220859.8,3.30425107
27137,MN,St. Louis County,Duluth,46.784444444444,-92.105277777778,47.578635,-92.514585,seat,79529.6,1880818.0,2.31364209,49229.4,1201040.4,2.31364209
27139,MN,Scott County,Shakopee,44.798055555556,-93.526944444444,44.651811,-93.533733,seat,76563.2,1817864.1,3.284318479,38036.0,834202.2,3.284318479
27141,MN,Sherburne County,Elk River,45.317222222222,-93.581111111111,45.453166,-93.769164,seat,77011.3,1831978.5,44.33614237,41363.1,905206.1,44.33614237
27143,MN,Sibley County,Gaylord,44.553055555556,-94.220277777778,44.575734,-94.230123,seat,79505.2,1874315.8,2.222469456,35712.8,777850.5,2.222469456
27145,MN,Stearns County,St. Cloud,45.553888888889,-94.170277777778,45.555235,-94.610482,seat,79401.9,1889763.3,15.84539845,40062.7,881448.6,15.84539845
27147,MN,Steele County,Owatonna,44.084288888889,-93.226,44.015261,-93.220453,seat,74147.4,1755883.9,37.33492435,35070.9,856296.3,37.33492435
27149,MN,Stevens County,Morris,45.586111111111,-95.913888888889,45.593461,-95.992315,seat,86380.7,2037087.9,1.222319037,35878.0,816675.6,1.222319037
27151,MN,Swift County,Benson,45.315,-95.6,45.27581,-95.690124,seat,84986.2,2015360.0,2.93256613,35358.8,806826.2,2.93256613
27153,MN,Todd County,Long Prairie,45.974722222222,-94.865555555556,46.066569,-94.900576,seat,83398.6,1983933.1,22.03067049,40607.5,884385.9,22.03067049
27155,MN,Traverse County,Wheaton,45.804444444444,-96.499166666667,45.769935,-96.474832,seat,88169.9,2081650.8,6.113134469,34714.3,824315.9,6.113134469
27157,MN,Wabasha County,Wabasha,44.37944444,-92.03555556,44.289634,-92.233454,seat,70458.2,1670917.9,14.66973129,40258.9,968620.5,14.66973129
27159,MN,Wadena County,Wadena,46.43944444,-95.13722222,46.586986,-94.988608,seat,85578.9,2031707.0,3.377721227,42446.6,989613.2,3.377721227
27161,MN,Waseca County,Waseca,44.0776,-93.507477777778,44.01846,-93.589844,seat,75078.7,1777485.4,0.4806305339,35791.6,863282.0,0.4806305339
27163,MN,Washington County,Stillwater,45.0565,-92.822175,45.037929,-92.890117,seat,73793.1,1756956.3,43.86542255,40848.3,989593.9,43.86542255
27165,MN,Watonwan County,St. James,43.982222222222,-94.628055555556,43.978109,-94.613798,seat,79969.5,1884460.0,6.065392509,31220.5,684542.9,6.065392509
27167,MN,Wilkin County,Breckenridge,46.2635701,-96.588129,46.362335,-96.476657,seat,88569.2,2109903.3,12.79553752,35417.0,858412.8,12.79553752
27169,MN,Winona County,Winona,44.047888888889,-91.640438888889,43.981353,-91.777044,seat,68149.8,1618729.8,0.0,39881.3,968727.8,0.0
27171,MN,Wright County,Buffalo,45.171944444444,-93.874722222222,45.175091,-93.966396,seat,78101.9,1851858.1,7.311244564,40517.0,872982.6,7.311244564
27173,MN,Yellow Medicine County,Granite Falls,44.81,-95.545555555556,44.715736,-95.862756,seat,84097.4,1980434.5,0.8890268612,32439.8,720857.7,0.8890268612
28001,MS,Adams County,Natchez,31.560416666667,-91.403166666667,31.486224,-91.351797,seat,72496.0,1758322.5,7.144099313,58624.2,1442788.1,7.144099313
28003,MS,Alcorn County,Corinth,34.937222222222,-88.515277777778,34.886569,-88.581109,seat,55638.5,1315500.6,43.68695941,55467.9,1399645.5,43.68695941
28005,MS,Amite County,Liberty,31.1608,-90.8039,31.203933,-90.795542,seat,71527.8,1731050.0,36.73846878,63987.0,1548488.8,36.73846878
28007,MS,Attala County,Kosciusko,33.0581,-89.5883,33.090468,-89.588622,seat,64461.1,1515354.0,43.60583051,58946.4,1490734.3,43.60583051
28009,MS,Benton County,Ashland,34.8325,-89.1792,34.809593,-89.200213,seat,58949.4,1388010.4,101.2873095,53343.3,1345779.5,101.2873095
28011,MS,Bolivar County,Rosedale,33.8536,-91.0269,33.799139,-90.88412,seat,67053.2,1594378.1,21.31684464,53704.9,1312159.6,21.31684464
28013,MS,Calhoun County,Pittsboro,33.9386,-89.3386,33.936634,-89.337114,seat,62094.6,1437638.6,10.302003,56978.3,1432301.3,10.302003
28015,MS,Carroll County,Vaiden,33.3317,-89.7469,33.440795,-89.918887,seat,64474.9,1536703.1,33.1931697,57002.2,1454737.5,33.1931697
28017,MS,Chickasaw County,Okolona,34.0058,-88.7506,33.933277,-88.947558,seat,58676.7,1377883.4,124.769919,57326.0,1448136.0,124.769919
28019,MS,Choctaw County,Ackerman,33.31012,-89.17284,33.345964,-89.251332,seat,61775.3,1466727.0,27.71400023,60177.5,1514372.0,27.71400023
28021,MS,Claiborne County,Port Gibson,31.9561,-90.9831,31.97281,-90.915424,seat,69569.0,1689639.8,52.36765739,58382.8,1428440.5,52.36765739
28023,MS,Clarke County,Quitman,32.0431,-88.7208,32.045374,-88.687976,seat,60622.0,1466303.4,41.44543586,67082.4,1632846.3,41.44543586
28025,MS,Clay County,West Point,33.6061,-88.6525,33.65967,-88.782468,seat,59347.9,1418422.0,21.51843266,59058.2,1489986.8,21.51843266
28027,MS,Coahoma County,Clarksdale,34.200638888889,-90.570222222222,34.230316,-90.60401,seat,63853.3,1529585.0,23.80948835,50807.0,1263705.3,23.80948835
28029,MS,Copiah County,Hazlehurst,31.865,-90.3914,31.866915,-90.448758,seat,67070.5,1629505.0,59.11854467,61486.4,1500981.0,59.11854467
28031,MS,Covington County,Collins,31.6422,-89.5594,31.633331,-89.548897,seat,64540.4,1565433.8,28.07980871,63809.1,1548372.0,28.07980871
28033,MS,DeSoto County,Hernando,34.8308,-89.9936,34.874922,-89.991211,seat,59631.5,1439573.3,35.53012227,50095.1,1282236.9,35.53012227
28035,MS,Forrest County,Hattiesburg,31.3158,-89.3086,31.18858,-89.259447,seat,64974.3,1574195.0,50.73084479,66019.9,1592561.6,50.73084479
28037,MS,Franklin County,Meadville,31.47278,-90.89083,31.477773,-90.895457,seat,70181.3,1705289.5,23.39538013,61025.0,1496110.4,23.39538013
28039,MS,George County,Lucedale,30.9197,-88.5917,30.855431,-88.642268,seat,66733.5,1608061.5,56.33473781,69940.3,1685341.8,56.33473781
28041,MS,Greene County,Leakesville,31.1539,-88.5558,31.212845,-88.634811,seat,65587.1,1579534.5,37.58685769,69879.7,1679289.3,37.58685769
28043,MS,Grenada County,Grenada,33.775,-89.8089,33.770031,-89.80274,seat,64087.3,1507340.5,7.132329165,54981.2,1403651.8,7.132329165
28045,MS,Hancock County,Bay St. Louis,30.314722222222,-89.344166666667,30.391641,-89.482791,seat,70897.8,1701102.0,48.26397648,70406.4,1725753.6,48.26397648
28047,MS,Harrison County,Gulfport,30.367416666667,-89.092805555556,30.416536,-89.083376,seat,69873.7,1685970.3,1.634064692,70960.2,1704630.3,1.634064692
28049,MS,Hinds County,Jackson,32.298888888889,-90.184722222222,32.267788,-90.466017,seat,64927.7,1577568.8,9.107823697,59312.5,1447327.3,9.107823697
28051,MS,Holmes County,Lexington,33.1144,-90.0511,33.125942,-90.091197,seat,66225.8,1577461.5,0.1866424278,57266.9,1388545.6,0.1866424278
28053,MS,Humphreys County,Belzoni,33.1817,-90.485,33.130996,-90.523421,seat,69028.5,1608586.4,16.42385765,54110.5,1335852.0,16.42385765
28055,MS,Issaquena County,Mayersville,32.901111111111,-91.050555555556,32.755539,-91.003535,seat,71907.7,1723757.0,81.65526004,53722.2,1327271.0,81.65526004
28057,MS,Itawamba County,Fulton,34.2661,-88.4014,34.281075,-88.363127,seat,55723.7,1313110.5,28.89912891,56841.9,1443191.0,28.89912891
28059,MS,Jackson County,Pascagoula,30.364694444444,-88.558611111111,30.456005,-88.625101,seat,67870.9,1614018.1,8.599893894,72828.5,1745627.4,8.599893894
28061,MS,Jasper County,Paulding,32.030833333333,-89.0375,32.016748,-89.119176,seat,61934.6,1491253.3,13.38942856,66119.9,1595167.8,13.38942856
28063,MS,Jefferson County,Fayette,31.7111,-91.0622,31.733633,-91.043878,seat,70886.4,1719364.4,37.6751214,59700.2,1458165.0,37.6751214
28065,MS,Jefferson Davis County,Prentiss,31.5969,-89.8697,31.564808,-89.827086,seat,66079.9,1599294.0,0.8290679134,63988.2,1541748.5,0.8290679134
28067,MS,Jones County,Ellisville,31.6011,-89.2022,31.616601,-89.168532,seat,63258.5,1534413.4,34.25428844,65770.8,1590119.1,34.25428844
28069,MS,Kemper County,De Kalb,32.7697,-88.6503,32.750136,-88.625631,seat,59431.9,1414267.0,65.85449129,63972.7,1593654.1,65.85449129
28071,MS,Lafayette County,Oxford,34.366666666667,-89.518611111111,34.353078,-89.485385,seat,60606.1,1428466.4,10.25038355,54222.3,1380510.8,10.25038355
28073,MS,Lamar County,Purvis,31.1425,-89.4078,31.197586,-89.506369,seat,65699.8,1592820.0,41.57696508,66786.3,1611480.0,41.57696508
28075,MS,Lauderdale County,Meridian,32.364305555556,-88.703666666667,32.403998,-88.660449,seat,58988.0,1431238.8,5.552285195,65272.3,1596124.3,5.552285195
28077,MS,Lawrence County,Monticello,31.5542,-90.11,31.550009,-90.10753,seat,67177.6,1623882.3,4.264505102,63858.3,1543415.3,4.264505102
28079,MS,Leake County,Carthage,32.7414,-89.535,32.76063,-89.52225,seat,64372.8,1501781.8,40.4102803,61024.0,1527016.3,40.4102803
28081,MS,Lee County,Tupelo,34.257611111111,-88.703388888889,34.29237,-88.682439,seat,57068.7,1345589.5,0.9208601308,55686.1,1414216.3,0.9208601308
28083,MS,Leflore County,Greenwood,33.5186,-90.1839,33.54979,-90.294934,seat,65420.4,1556550.6,7.897779099,54608.1,1356955.5,7.897779099
28085,MS,Lincoln County,Brookhaven,31.581944444444,-90.443055555556,31.535216,-90.453566,seat,68315.6,1660004.5,59.18976042,62731.5,1531480.4,59.18976042
28087,MS,Lowndes County,Columbus,33.501666666667,-88.415,33.471424,-88.439723,seat,57866.4,1382581.3,19.22605902,60591.4,1518330.1,19.22605902
28089,MS,Madison County,Canton,32.6119,-90.0317,32.63437,-90.03416,seat,66402.8,1579228.4,58.00076685,58512.3,1425187.9,58.00076685
28091,MS,Marion County,Columbia,31.2567,-89.8289,31.230167,-89.821712,seat,66921.1,1617717.5,29.84704471,66258.9,1582665.5,29.84704471
28093,MS,Marshall County,Holly Springs,34.7733,-89.4464,34.76619,-89.504231,seat,59226.8,1396096.8,50.593569,51968.3,1319510.5,50.593569
28095,MS,Monroe County,Aberdeen,33.824444444444,-88.549722222222,33.89003,-88.485038,seat,58556.1,1367676.5,99.24308595,58287.9,1470606.6,99.24308595
28097,MS,Montgomery County,Winona,33.482055555556,-89.728138888889,33.500714,-89.639625,seat,63450.8,1513191.8,20.67761183,56358.5,1438677.9,20.67761183
28099,MS,Neshoba County,Philadelphia,32.7742,-89.1128,32.752518,-89.119274,seat,61910.8,1458332.3,98.69898252,62582.1,1554330.3,98.69898252
28101,MS,Newton County,Decatur,32.4394,-89.1119,32.40197,-89.118412,seat,61140.5,1476784.8,55.12801536,64158.5,1564877.8,55.12801536
28103,MS,Noxubee County,Macon,33.1125,-88.56083,33.106606,-88.566152,seat,59667.8,1407699.0,66.62679177,61654.2,1547420.0,66.62679177
28105,MS,Oktibbeha County,Starkville,33.46222,-88.81972,33.422313,-88.876151,seat,59506.0,1421366.8,7.724258276,60548.6,1519144.6,7.724258276
28107,MS,Panola County,Sardis,34.4356,-89.9167,34.365205,-89.963065,seat,61414.6,1485663.6,12.86910097,51878.2,1328327.3,12.86910097
28109,MS,Pearl River County,Poplarville,30.840555555556,-89.533888888889,30.774793,-89.586904,seat,67090.8,1631651.8,7.820794251,68177.3,1650311.8,7.820794251
28111,MS,Perry County,New Augusta,31.2042,-89.0319,31.169307,-88.988755,seat,66270.8,1588231.8,21.74140694,67425.3,1629026.0,21.74140694
28113,MS,Pike County,Magnolia,31.14917,-90.46111,31.177516,-90.397725,seat,70271.3,1710067.0,20.67883066,63982.6,1564038.0,20.67883066
28115,MS,Pontotoc County,Pontotoc,34.2486,-89.0067,34.227081,-89.037239,seat,58544.6,1382195.0,41.83707844,55493.5,1400636.1,41.83707844
28117,MS,Prentiss County,Booneville,34.6611,-88.5614,34.620566,-88.522184,seat,56746.4,1331996.0,92.65636403,56720.5,1426195.5,92.65636403
28119,MS,Quitman County,Marks,34.25472,-90.27278,34.252833,-90.290171,seat,63749.2,1532691.9,13.40987005,51224.8,1270737.5,13.40987005
28121,MS,Rankin County,Brandon,32.2803,-89.9983,32.267123,-89.946063,seat,63940.0,1556590.3,66.86100242,60502.8,1478545.5,66.86100242
28123,MS,Scott County,Forest,32.3636,-89.4753,32.411959,-89.533486,seat,62182.8,1509857.8,12.50543364,62362.0,1523233.6,12.50543364
28125,MS,Sharkey County,Rolling Fork,32.906944444444,-90.878333333333,32.892395,-90.827613,seat,70988.1,1709065.1,13.39958375,53539.0,1326010.8,13.39958375
28127,MS,Simpson County,Mendenhall,31.96111,-89.8675,31.902505,-89.917709,seat,65447.6,1572933.4,40.58452222,61727.2,1500598.8,40.58452222
28129,MS,Smith County,Raleigh,32.033055555556,-89.522777777778,32.019029,-89.494876,seat,63930.3,1542059.5,22.97070228,63387.7,1527193.9,22.97070228
28131,MS,Stone County,Wiggins,30.858611111111,-89.137777777778,30.790184,-89.112297,seat,67289.4,1630889.5,4.207658934,68375.9,1649549.5,4.207658934
28133,MS,Sunflower County,Indianola,33.452777777778,-90.650833333333,33.605529,-90.59509,seat,67675.0,1604228.0,20.65280076,52405.8,1310164.4,20.65280076
28135,MS,Tallahatchie County,Sumner,33.97,-90.369722222222,33.954529,-90.172243,seat,65406.6,1560176.0,4.326942393,52360.3,1294296.3,4.326942393
28137,MS,Tate County,Senatobia,34.616388888889,-89.969444444444,34.649553,-89.943105,seat,60587.8,1464808.6,53.55448223,51051.4,1307472.3,53.55448223
28139,MS,Tippah County,Ripley,34.7325,-88.946944444444,34.763618,-88.918819,seat,58601.3,1376004.5,47.99499899,54862.4,1378715.6,47.99499899
28141,MS,Tishomingo County,Iuka,34.810555555556,-88.195833333333,34.738835,-88.234827,seat,54110.9,1283674.4,48.97053305,57084.2,1433884.6,48.97053305
28143,MS,Tunica County,Tunica,34.688888888889,-90.380555555556,34.652201,-90.37177,seat,61172.7,1471119.9,48.63418076,50772.2,1266625.5,48.63418076
28145,MS,Union County,New Albany,34.492222222222,-89.009444444444,34.489533,-89.002339,seat,58498.3,1383693.3,7.588484626,54073.0,1373127.5,7.588484626
28147,MS,Walthall County,Tylertown,31.1161,-90.1428,31.164492,-90.103431,seat,68403.5,1651350.0,20.40126904,65163.9,1587840.4,20.40126904
28149,MS,Warren County,Vicksburg,32.3525,-90.8775,32.356095,-90.852384,seat,67742.1,1644447.6,9.750446659,56916.7,1390168.0,9.750446659
28151,MS,Washington County,Greenville,33.399444444444,-91.051944444444,33.273174,-90.944446,seat,69214.6,1647386.5,4.286314004,50895.9,1274227.0,4.286314004
28153,MS,Wayne County,Waynesboro,31.673888888889,-88.643611111111,31.642503,-88.678214,seat,62567.0,1511382.0,0.8648481215,67957.8,1639935.4,0.8648481215
28155,MS,Webster County,Walthall,33.606666666667,-89.278888888889,33.612061,-89.283961,seat,61767.8,1471722.0,99.36793636,58853.2,1473491.9,99.36793636
28157,MS,Wilkinson County,Woodville,31.1028,-91.2997,31.161091,-91.324617,seat,74578.9,1781737.8,21.20324683,60996.8,1499024.1,21.20324683
28159,MS,Winston County,Louisville,33.1231,-89.0561,33.078724,-89.037391,seat,61971.7,1480000.3,5.785915237,61613.7,1540541.6,5.785915237
28161,MS,Yalobusha County,Coffeeville,33.977777777778,-89.677222222222,34.030666,-89.703807,seat,62669.7,1476976.3,53.37522766,55042.6,1396592.5,53.37522766
28163,MS,Yazoo County,Yazoo City,32.847222222222,-90.413611111111,32.765675,-90.387928,seat,68179.4,1650678.5,2.345399503,56105.6,1375158.8,2.345399503
29001,MO,Adair County,Kirksville,40.194722222222,-92.583333333333,40.190666,-92.603592,seat,67647.8,1596878.0,0.0,26333.4,566614.1,0.0
29003,MO,Andrew County,Savannah,39.9411,-94.8308,39.988863,-94.803551,seat,75084.1,1769616.5,5.263181981,16068.4,354832.5,5.263181981
29005,MO,Atchison County,Rock Port,40.4122,-95.5197,40.431846,-95.437555,seat,78337.1,1851657.3,29.44714595,15368.0,312805.2,29.44714595
29007,MO,Audrain County,Mexico,39.165833333333,-91.884722222222,39.214481,-91.843418,seat,64592.0,1520783.9,44.01147154,28750.6,640848.3,44.01147154
29009,MO,Barry County,Cassville,36.68,-93.869444444444,36.699376,-93.834334,seat,75879.8,1783047.8,15.82332062,31241.7,708650.6,15.82332062
29011,MO,Barton County,Lamar,37.493611111111,-94.272222222222,37.500799,-94.344089,seat,76216.0,1812642.6,16.81229656,25809.3,606041.8,16.81229656
29013,MO,Bates County,Butler,38.258611111111,-94.335,38.257217,-94.339246,seat,76476.8,1799733.3,6.216710324,22326.5,517407.2,6.216710324
29015,MO,Benton County,Warsaw,38.245277777778,-93.377222222222,38.301036,-93.287942,seat,71914.4,1690580.3,43.60548844,25453.6,581836.4,43.60548844
29017,MO,Bollinger County,Marble Hill,37.30472,-89.97611,37.318427,-90.024645,seat,60429.5,1396628.0,19.09759337,42350.8,981743.3,19.09759337
29019,MO,Boone County,Columbia,38.95171,-92.33407,38.989861,-92.310202,seat,64985.9,1529940.9,6.065981579,26526.3,625067.5,6.065981579
29021,MO,Buchanan County,St. Joseph,39.768611111111,-94.846638888889,39.660369,-94.808173,seat,74407.6,1754544.0,26.86988181,15006.8,333540.4,26.86988181
29023,MO,Butler County,Poplar Bluff,36.759722222222,-90.402777777778,36.71518,-90.40313,seat,59648.2,1411604.9,3.551149768,42993.0,985811.4,3.551149768
29025,MO,Caldwell County,Kingston,39.6431,-94.0383,39.658998,-93.979179,seat,71613.9,1689451.8,33.03574488,18747.8,416052.3,33.03574488
29027,MO,Callaway County,Fulton,38.850833333333,-91.948055555556,38.835547,-91.923446,seat,63938.6,1504132.1,26.24097852,28368.4,668229.9,26.24097852
29029,MO,Camden County,Camdenton,38.0089,-92.7464,38.026527,-92.765327,seat,69070.8,1632124.8,4.249066232,29462.3,657253.4,4.249066232
29031,MO,Cape Girardeau County,Jackson,37.38,-89.658055555556,37.384141,-89.685658,seat,58603.3,1365163.4,44.4887586,41291.4,972302.0,44.4887586
29033,MO,Carroll County,Carrollton,39.3589,-93.4956,39.427375,-93.500227,seat,71149.6,1671036.8,37.08646935,22314.1,496060.9,37.08646935
29035,MO,Carter County,Van Buren,37.0036,-91.0153,36.944858,-90.945705,seat,62576.5,1477378.5,130.6228037,39911.5,917142.3,130.6228037
29037,MO,Cass County,Harrisonville,38.653611111111,-94.346944444444,38.646474,-94.354547,seat,74615.2,1753839.8,21.11759939,20529.6,472452.2,21.11759939
29039,MO,Cedar County,Stockton,37.6967,-93.7953,37.733655,-93.850014,seat,73573.8,1715905.8,22.34166482,27243.1,627146.5,22.34166482
29041,MO,Chariton County,Keytesville,39.4342,-92.9369,39.517968,-92.96162,seat,68861.5,1596754.0,27.69324417,24357.9,537634.1,27.69324417
29043,MO,Christian County,Ozark,37.027222222222,-93.209444444444,36.969739,-93.187614,seat,71809.6,1704958.5,3.30554143,30793.5,708086.2,3.30554143
29045,MO,Clark County,Kahoka,40.4167,-91.7167,40.407275,-91.729472,seat,65474.5,1528045.3,27.66504202,31780.3,663754.9,27.66504202
29047,MO,Clay County,Liberty,39.240833333333,-94.426388888889,39.315551,-94.421502,seat,73366.1,1730754.0,2.554914573,18480.8,415500.2,2.554914573
29049,MO,Clinton County,Plattsburg,39.5644,-94.4533,39.608723,-94.395803,seat,73638.8,1737309.0,4.444382438,17165.2,378357.3,4.444382438
29051,MO,Cole County,Jefferson City,38.576666666667,-92.173611111111,38.503233,-92.280027,seat,65467.5,1542557.3,12.43537047,28658.6,675372.9,12.43537047
29053,MO,Cooper County,Boonville,38.965,-92.7417,38.847093,-92.810069,seat,66480.6,1566120.1,20.11837392,25155.1,588806.3,20.11837392
29055,MO,Crawford County,Steelville,37.9686,-91.3553,37.966559,-91.313936,seat,63050.4,1488095.0,22.90507317,35110.8,803916.1,22.90507317
29057,MO,Dade County,Greenfield,37.4153,-93.8428,37.43235,-93.854878,seat,74014.2,1748119.5,32.40792326,28478.3,657534.1,32.40792326
29059,MO,Dallas County,Buffalo,37.643611111111,-93.094444444444,37.683583,-93.033815,seat,69823.8,1647403.0,28.0863886,29044.3,662154.4,28.0863886
29061,MO,Daviess County,Gallatin,39.9119,-93.9619,39.962839,-93.970053,seat,72197.6,1700272.6,23.87458514,18861.0,419221.2,23.87458514
29063,MO,DeKalb County,Maysville,39.88667,-94.35972,39.894665,-94.40719,seat,73283.7,1723486.3,25.87277299,17648.2,387748.5,25.87277299
29065,MO,Dent County,Salem,37.6455993,-91.5359808,37.603072,-91.489717,seat,65946.5,1539649.0,23.41892822,35643.4,816719.6,23.41892822
29067,MO,Douglas County,Ava,36.956388888889,-92.663055555556,36.946517,-92.515892,seat,70692.4,1657935.4,36.9654301,33950.6,765955.0,36.9654301
29069,MO,Dunklin County,Kennett,36.238055555556,-90.051666666667,36.153025,-90.062254,seat,58755.6,1422396.9,3.917461843,47295.3,1063161.3,3.917461843
29071,MO,Franklin County,Union,38.446666666667,-91.006111111111,38.413003,-91.072832,seat,60347.1,1420910.5,7.510610956,33595.7,780550.1,7.510610956
29073,MO,Gasconade County,Hermann,38.6992,-91.4392,38.441183,-91.50578,seat,62791.7,1467230.4,68.8197165,30914.0,726932.2,68.8197165
29075,MO,Gentry County,Albany,40.24806,-94.33056,40.208127,-94.405321,seat,75927.8,1770411.0,23.54087489,20054.5,426544.5,23.54087489
29077,MO,Greene County,Springfield,37.195,-93.286111111111,37.258196,-93.340641,seat,71260.0,1688878.8,26.85797114,29772.9,682013.9,26.85797114
29079,MO,Grundy County,Trenton,40.0783,-93.6114,40.112541,-93.565054,seat,71642.5,1676932.9,10.77083698,20629.5,455568.3,10.77083698
29081,MO,Harrison County,Bethany,40.266666666667,-94.033888888889,40.34562,-93.992582,seat,74466.3,1760920.5,11.22719016,19944.3,449340.8,11.22719016
29083,MO,Henry County,Clinton,38.37,-93.7717,38.386491,-93.792628,seat,73255.6,1707040.8,10.65777713,23140.9,535734.2,10.65777713
29085,MO,Hickory County,Hermitage,37.9419,-93.3178,37.93691,-93.322988,seat,71610.5,1684174.3,28.76779034,27184.7,616647.9,28.76779034
29087,MO,Holt County,Oregon,39.9867,-95.1425,40.095724,-95.219072,seat,76055.4,1793480.1,12.55796449,15764.8,336539.0,12.55796449
29089,MO,Howard County,Fayette,39.1456,-92.6861,39.143365,-92.695926,seat,66959.7,1571497.5,9.087734237,26540.8,611343.9,9.087734237
29091,MO,Howell County,West Plains,36.737222222222,-91.865,36.774369,-91.887368,seat,67764.1,1593274.8,9.434353982,37218.3,855007.4,9.434353982
29093,MO,Iron County,Ironton,37.6006,-90.6317,37.625971,-90.699587,seat,63472.5,1482460.9,145.4027791,40317.8,898148.4,145.4027791
29095,MO,Jackson County,Kansas City,39.05,-94.583333333333,39.005364,-94.343211,seat,73248.4,1728424.0,18.00781165,18561.5,427675.5,18.00781165
29097,MO,Jasper County,Carthage,37.167777777778,-94.315,37.205197,-94.337259,seat,74904.5,1778796.5,0.0,26783.5,620079.4,0.0
29099,MO,Jefferson County,Hillsboro,38.2322,-90.5633,38.25763,-90.543681,seat,59629.8,1404454.3,12.65529598,36566.1,848718.8,12.65529598
29101,MO,Johnson County,Warrensburg,38.7631,-93.735,38.741528,-93.811863,seat,71132.4,1678644.9,44.89293629,22186.8,509816.1,44.89293629
29103,MO,Knox County,Edina,40.1689,-92.1733,40.136856,-92.146835,seat,66162.0,1544089.1,0.5962282535,27971.4,614357.6,0.5962282535
29105,MO,Laclede County,Lebanon,37.678333333333,-92.661666666667,37.659698,-92.594843,seat,67535.6,1603505.5,3.677084969,31041.4,693978.9,3.677084969
29107,MO,Lafayette County,Lexington,39.1831,-93.875,39.068705,-93.802639,seat,71302.9,1680182.1,25.75636685,21650.0,481613.5,25.75636685
29109,MO,Lawrence County,Mount Vernon,37.1,-93.8181,37.10659,-93.830551,seat,72905.5,1735978.9,19.47723899,28864.6,672406.9,19.47723899
29111,MO,Lewis County,Monticello,40.1178,-91.7142,40.084559,-91.728803,seat,64420.0,1507801.9,10.7736276,30179.3,649096.4,10.7736276
29113,MO,Lincoln County,Troy,38.975,-90.977222222222,39.062255,-90.962916,seat,60296.6,1417442.8,22.70266713,32424.9,761471.1,22.70266713
29115,MO,Linn County,Linneus,39.8781,-93.1878,39.86444,-93.108019,seat,68475.0,1616767.1,12.33161091,21889.1,489182.0,12.33161091
29117,MO,Livingston County,Chillicothe,39.7931,-93.5519,39.778587,-93.548201,seat,69453.3,1640140.0,4.7120409,20090.7,447879.4,4.7120409
29119,MO,McDonald County,Pineville,36.5925,-94.3825,36.627955,-94.343716,seat,77417.0,1846125.0,26.99072779,28850.2,674476.6,26.99072779
29121,MO,Macon County,Macon,39.74056,-92.47056,39.829795,-92.56434,seat,65365.0,1545519.3,20.66017813,24074.5,541322.9,20.66017813
29123,MO,Madison County,Fredericktown,37.5594,-90.2944,37.474481,-90.343413,seat,62035.9,1429448.5,5.124743725,40234.2,940758.9,5.124743725
29125,MO,Maries County,Vienna,38.1867,-91.9481,38.162615,-91.923601,seat,65127.2,1535329.0,28.86327089,31450.3,734339.4,28.86327089
29127,MO,Marion County,Palmyra,39.7975,-91.5247,39.807538,-91.635379,seat,61966.7,1465431.8,20.69593687,28316.5,639328.6,20.69593687
29129,MO,Mercer County,Princeton,40.3989,-93.5858,40.421413,-93.567631,seat,73590.1,1713105.0,23.0154874,22200.3,490794.1,23.0154874
29131,MO,Miller County,Tuscumbia,38.2353,-92.4597,38.21668,-92.429876,seat,67682.9,1592586.9,40.93066946,29712.4,662431.7,40.93066946
29133,MO,Mississippi County,Charleston,36.921388888889,-89.346388888889,36.826264,-89.295929,seat,55392.4,1312252.0,9.100487622,44290.8,1048752.3,9.100487622
29135,MO,Moniteau County,California,38.63,-92.5683,38.633037,-92.583642,seat,67051.4,1578171.3,32.39951504,27375.4,615090.6,32.39951504
29137,MO,Monroe County,Paris,39.4803,-92.0011,39.49827,-92.006458,seat,64334.1,1512638.0,35.53827748,27120.2,605641.9,35.53827748
29139,MO,Montgomery County,Montgomery City,38.9769,-91.505,38.935184,-91.465427,seat,62175.9,1459781.9,21.90381042,29800.3,703440.2,21.90381042
29141,MO,Morgan County,Versailles,38.431388888889,-92.844443888889,38.420806,-92.874835,seat,68710.9,1607910.5,29.26357212,27465.8,620196.8,29.26357212
29143,MO,New Madrid County,New Madrid,36.587777777778,-89.535833333333,36.594261,-89.655948,seat,57590.9,1363435.4,42.94564493,44854.7,1061656.8,42.94564493
29145,MO,Newton County,Neosho,36.855555555556,-94.376388888889,36.908371,-94.335034,seat,76302.5,1809609.4,51.749064,27783.6,647008.9,51.749064
29147,MO,Nodaway County,Maryville,40.345277777778,-94.871111111111,40.361136,-94.883146,seat,77037.4,1816314.3,5.525312252,17846.0,398738.3,5.525312252
29149,MO,Oregon County,Alton,36.69389,-91.39889,36.68531,-91.401827,seat,65480.6,1522476.0,19.09045731,39987.5,904846.8,19.09045731
29151,MO,Osage County,Linn,38.4831,-91.8469,38.464253,-91.859504,seat,64133.0,1509388.4,15.24055695,30664.6,710295.8,15.24055695
29153,MO,Ozark County,Gainesville,36.6036,-92.4308,36.64959,-92.458549,seat,71094.0,1652420.9,23.28265025,36421.2,814656.5,23.28265025
29155,MO,Pemiscot County,Caruthersville,36.1847,-89.6614,36.209916,-89.785942,seat,57357.5,1387241.8,13.63093987,47066.6,1117428.9,13.63093987
29157,MO,Perry County,Perryville,37.7261,-89.8717,37.71113,-89.802125,seat,59475.5,1371815.3,49.98639972,39543.2,930131.8,49.98639972
29159,MO,Pettis County,Sedalia,38.709833333333,-93.229555555556,38.727367,-93.285207,seat,69290.5,1634613.4,25.86023707,24277.9,554713.3,25.86023707
29161,MO,Phelps County,Rolla,37.948888888889,-91.763055555556,37.866326,-91.790349,seat,63880.4,1510970.8,10.87893691,33436.6,774865.8,10.87893691
29163,MO,Pike County,Bowling Green,39.3417,-91.2,39.339959,-91.171607,seat,61773.4,1444345.5,28.54192034,30360.9,684125.6,28.54192034
29165,MO,Platte County,Platte City,39.3617,-94.7747,39.37869,-94.761477,seat,74824.0,1771570.3,35.76644355,16807.2,377595.3,35.76644355
29167,MO,Polk County,Bolivar,37.616666666667,-93.416666666667,37.616761,-93.400817,seat,71500.5,1677182.5,34.3957337,27387.2,632288.3,34.3957337
29169,MO,Pulaski County,Waynesville,37.8203,-92.2136,37.824835,-92.207022,seat,65789.3,1557165.3,18.4966103,32850.3,731331.7,18.4966103
29171,MO,Putnam County,Unionville,40.4764,-93.0061,40.478606,-93.014531,seat,71262.1,1670706.5,10.60048445,25166.9,544195.7,10.60048445
29173,MO,Ralls County,New London,39.5853,-91.3992,39.553455,-91.524787,seat,61831.4,1461819.0,44.11046426,28889.2,650834.3,44.11046426
29175,MO,Randolph County,Huntsville,39.4356,-92.5442,39.439249,-92.492959,seat,67091.0,1562767.3,157.0750811,26137.7,569726.0,157.0750811
29177,MO,Ray County,Richmond,39.2775,-93.9758,39.308401,-93.995746,seat,71768.9,1693221.8,42.85478523,20797.0,447250.1,42.85478523
29179,MO,Reynolds County,Centerville,37.436111111111,-90.961111111111,37.366464,-90.972282,seat,64800.3,1521789.8,5.711637869,40537.7,896341.2,5.711637869
29181,MO,Ripley County,Doniphan,36.6222,-90.8222,36.65017,-90.874834,seat,62056.9,1460539.4,39.26733847,43186.5,981872.1,39.26733847
29183,MO,St. Charles County,St. Charles,38.788611111111,-90.511666666667,38.781102,-90.674915,seat,57923.6,1366073.5,14.6836123,33581.3,787513.6,14.6836123
29185,MO,St. Clair County,Osceola,38.0464,-93.6994,38.04223,-93.77656,seat,74082.9,1734833.3,28.31492493,24904.6,575811.1,28.31492493
29186,MO,Ste. Genevieve County,Ste. Genevieve,37.9769,-90.0486,37.885845,-90.161531,seat,60403.1,1381631.0,46.33094963,38528.1,902594.3,46.33094963
29187,MO,St. Francois County,Farmington,37.781944444444,-90.422222222222,37.810707,-90.473868,seat,61631.7,1453955.0,12.32517572,38997.2,912024.3,12.32517572
29189,MO,St. Louis County,Clayton,38.645277777778,-90.331944444444,38.640688,-90.446073,seat,57355.3,1355664.5,23.2273628,34644.1,811585.8,23.2273628
29195,MO,Saline County,Marshall,39.116111111111,-93.197777777778,39.13584,-93.204164,seat,68872.6,1623059.8,31.47665054,24181.1,560267.4,31.47665054
29197,MO,Schuyler County,Lancaster,40.5242,-92.5292,40.469361,-92.519016,seat,69295.3,1635882.5,55.32130983,27600.6,588548.6,55.32130983
29199,MO,Scotland County,Memphis,40.46083,-92.16972,40.447686,-92.142824,seat,67789.1,1569304.5,19.7585309,29556.8,623604.6,19.7585309
29201,MO,Scott County,Benton,37.0969,-89.5622,37.047793,-89.568098,seat,57223.6,1356363.8,6.977135166,42608.0,1007840.9,6.977135166
29203,MO,Shannon County,Eminence,37.148333333333,-91.358888888889,37.152498,-91.391328,seat,65007.5,1528998.8,39.36768392,39185.9,886817.4,39.36768392
29205,MO,Shelby County,Shelbyville,39.8072,-92.0411,39.797531,-92.088719,seat,64217.0,1517524.6,32.31565717,26240.0,589992.3,32.31565717
29207,MO,Stoddard County,Bloomfield,36.8878,-89.93,36.851557,-89.947481,seat,58158.0,1370532.0,28.6588225,45014.0,1047216.6,28.6588225
29209,MO,Stone County,Galena,36.8056,-93.4672,36.745822,-93.457842,seat,73988.8,1745326.0,21.64073686,32038.3,731271.9,21.64073686
29211,MO,Sullivan County,Milan,40.20139,-93.125,40.209587,-93.109783,seat,70583.2,1649156.4,18.21217941,23408.9,505994.5,18.21217941
29213,MO,Taney County,Forsyth,36.6867,-93.1128,36.649827,-93.042819,seat,73991.7,1751919.3,66.40071334,32975.6,755047.1,66.40071334
29215,MO,Texas County,Houston,37.3233,-91.9597,37.314257,-91.964478,seat,67428.4,1589040.5,33.29807208,36273.9,831350.5,33.29807208
29217,MO,Vernon County,Nevada,37.838111111111,-94.359611111111,37.850196,-94.341597,seat,76470.3,1783417.5,15.55125975,24189.8,564479.6,15.55125975
29219,MO,Warren County,Warrenton,38.8158,-91.1403,38.761902,-91.159306,seat,60510.0,1420937.0,42.03554044,30805.2,731627.8,42.03554044
29221,MO,Washington County,Potosi,37.9378,-90.7819,37.942611,-90.897018,seat,62410.2,1454225.8,35.97791828,37871.4,853937.0,35.97791828
29223,MO,Wayne County,Greenville,37.1272,-90.4483,37.111074,-90.453931,seat,61647.0,1457688.4,1.734505146,42474.4,993997.6,1.734505146
29225,MO,Webster County,Marshfield,37.33944,-92.90722,37.280804,-92.87608,seat,69422.6,1647245.5,20.13034343,30721.4,699306.4,20.13034343
29227,MO,Worth County,Grant City,40.4857785,-94.4134577,40.480499,-94.419198,seat,76626.5,1818401.0,7.296114006,21119.3,452293.3,7.296114006
29229,MO,Wright County,Hartville,37.2503,-92.5119,37.267633,-92.479989,seat,70319.8,1651846.3,5.765923736,33454.1,741098.4,5.765923736
29510,MO,St. Louis city,(internal point),38.635699,-90.244582,38.635699,-90.244582,internal_point,56936.3,1345803.1,35.28486317,34973.8,818598.9,35.28486317
30001,MT,Beaverhead County,Dillon,45.215833333333,-112.63416666667,45.133863,-112.892869,seat,142447.1,3548618.3,14.22229676,67159.6,1687232.8,14.22229676
30003,MT,Big Horn County,Hardin,45.7319,-107.613,45.407868,-107.518162,seat,123050.1,3029276.8,33.16544336,49505.2,1307068.4,33.16544336
30005,MT,Blaine County,Chinook,48.583333333333,-109.23333333333,48.428282,-108.967648,seat,133141.3,3245955.3,7.91533151,70562.0,1742232.5,7.91533151
30007,MT,Broadwater County,Townsend,46.320277777778,-111.51777777778,46.329849,-111.497873,seat,138019.9,3466949.8,11.58591461,64547.2,1711184.0,11.58591461
30009,MT,Carbon County,Red Lodge,45.1875,-109.24861111111,45.224468,-109.028554,seat,130337.8,3232889.3,11.09691861,55409.0,1384599.5,11.09691861
30011,MT,Carter County,Ekalaka,45.889166666667,-104.54972222222,45.516825,-104.515324,seat,118050.9,2856028.8,48.83772824,47075.3,1063230.5,48.83772824
30013,MT,Cascade County,Great Falls,47.503611111111,-111.28638888889,47.316575,-111.350262,seat,135664.7,3346574.3,5.559053791,66939.2,1732016.3,5.559053791
30015,MT,Chouteau County,Fort Benton,47.819444444444,-110.66972222222,47.886834,-110.4362,seat,138302.9,3409633.0,8.015237325,69577.4,1795074.8,8.015237325
30017,MT,Custer County,Miles City,46.40833,-105.84,46.261414,-105.550352,seat,116792.9,2904895.5,3.001309723,50515.8,1167888.0,3.001309723
30019,MT,Daniels County,Scobey,48.790833333333,-105.42,48.794429,-105.541739,seat,124232.5,3017569.5,10.44635056,65677.1,1529594.1,10.44635056
30021,MT,Dawson County,Glendive,47.108333333333,-104.70833333333,47.26613,-104.898271,seat,112510.4,2782970.5,84.75584669,53955.0,1294995.3,84.75584669
30023,MT,Deer Lodge County,Anaconda,46.127777777778,-112.95833333333,46.094672,-113.141624,seat,140586.9,3539108.3,22.33761876,67114.2,1783342.5,22.33761876
30025,MT,Fallon County,Baker,46.364722222222,-104.275,46.318184,-104.405718,seat,114937.8,2810494.5,10.93260149,48614.3,1147297.0,10.93260149
30027,MT,Fergus County,Lewistown,47.064722222222,-109.43,47.221816,-109.232956,seat,128556.7,3176273.3,14.18934359,61273.7,1577657.8,14.18934359
30029,MT,Flathead County,Kalispell,48.2,-114.31666666667,48.295422,-114.052059,seat,151458.6,3707758.3,30.78631375,80423.9,2105029.3,30.78631375
30031,MT,Gallatin County,Bozeman,45.679444444444,-111.03722222222,45.518054,-111.163921,seat,134120.1,3364379.8,0.389577876,60647.4,1608614.0,0.389577876
30033,MT,Garfield County,Jordan,47.320833333333,-106.91,47.267184,-106.995991,seat,120011.1,2968282.3,0.7559357872,58028.0,1302549.6,0.7559357872
30035,MT,Glacier County,Cut Bank,48.634722222222,-112.33111111111,48.705671,-112.990502,seat,142123.8,3518917.3,7.567211675,73398.3,1904358.8,7.567211675
30037,MT,Golden Valley County,Ryegate,46.298888888889,-109.25555555556,46.380624,-109.174586,seat,129907.4,3235897.8,11.80301271,56434.7,1480132.3,11.80301271
30039,MT,Granite County,Philipsburg,46.333055555556,-113.29666666667,46.395955,-113.427356,seat,143204.3,3586140.3,17.87894569,69731.6,1830374.5,17.87894569
30041,MT,Hill County,Havre,48.545277777778,-109.6775,48.631959,-110.106321,seat,134529.4,3279251.8,2.477798393,71950.1,1775528.8,2.477798393
30043,MT,Jefferson County,Boulder,46.236388888889,-112.12194444444,46.124232,-112.059428,seat,140525.6,3500295.8,48.42740654,67052.9,1744530.3,48.42740654
30045,MT,Judith Basin County,Stanford,47.153055555556,-110.21916666667,47.032558,-110.30532,seat,131590.3,3249874.8,10.67299764,62864.8,1635316.8,10.67299764
30047,MT,Lake County,Polson,47.6881,-114.157,47.642901,-114.083687,seat,150891.3,3800644.3,16.23286361,77418.6,2044878.5,16.23286361
30049,MT,Lewis and Clark County,Helena,46.592777777778,-112.035,47.132013,-112.373367,seat,140597.1,3521429.8,3.85603018,67124.4,1765663.8,3.85603018
30051,MT,Liberty County,Chester,48.511111111111,-110.96722222222,48.559654,-111.036924,seat,138554.3,3375636.8,30.28549296,72857.7,1879852.0,30.28549296
30053,MT,Lincoln County,Libby,48.3882861,-115.5559988,48.552385,-115.463185,seat,157513.5,3849757.8,5.172151584,86225.6,2245929.0,5.172151584
30055,MT,McCone County,Circle,47.416944444444,-105.58861111111,47.629628,-105.757222,seat,115633.5,2861405.5,6.058029104,57078.1,1373430.0,6.058029104
30057,MT,Madison County,Virginia City,45.2942,-111.941,45.32529,-111.913791,seat,140068.0,3474469.8,0.342520867,66595.3,1718704.0,0.342520867
30059,MT,Meagher County,White Sulphur Springs,46.546388888889,-110.9025,46.5857,-110.92174,seat,137060.3,3376556.3,17.18729772,63587.6,1620790.5,17.18729772
30061,MT,Mineral County,Superior,47.193333333333,-114.89027777778,47.129687,-115.085385,seat,149109.4,3781794.3,13.5844275,75636.7,2026028.5,13.5844275
30063,MT,Missoula County,Missoula,46.8625,-114.01166666667,47.027263,-113.892691,seat,145982.0,3691566.8,14.81631246,72509.3,1935800.8,14.81631246
30065,MT,Musselshell County,Roundup,46.448333333333,-108.54277777778,46.505281,-108.439763,seat,128326.1,3139703.8,2.229174197,55331.6,1455957.5,2.229174197
30067,MT,Park County,Livingston,45.658333333333,-110.56666666667,45.463081,-110.53493,seat,132629.9,3326282.3,0.3828135386,59157.2,1570516.5,0.3828135386
30069,MT,Petroleum County,Winnett,47.0044,-108.351,47.141917,-108.226575,seat,125016.2,3090905.0,10.15260483,59518.5,1527804.3,10.15260483
30071,MT,Phillips County,Malta,48.354166666667,-107.87083333333,48.250143,-107.928897,seat,128466.0,3137204.0,20.79408548,69120.7,1708189.5,20.79408548
30073,MT,Pondera County,Conrad,48.1728,-111.947,48.228604,-112.220761,seat,139285.3,3444976.8,12.68637721,70559.8,1830418.8,12.68637721
30075,MT,Powder River County,Broadus,45.442777777778,-105.40916666667,45.408926,-105.555344,seat,114507.1,2833625.3,2.426114644,43531.5,1040826.9,2.426114644
30077,MT,Powell County,Deer Lodge,46.396111111111,-112.73305555556,46.844225,-112.9311,seat,141220.8,3559209.8,42.52528769,67748.1,1803444.0,42.52528769
30079,MT,Prairie County,Terry,46.79,-105.31333333333,46.812388,-105.503938,seat,114708.9,2844840.8,22.30833549,52706.1,1227144.1,22.30833549
30081,MT,Ravalli County,Hamilton,46.248333333333,-114.15972222222,46.077744,-114.105795,seat,148780.4,3667605.8,4.256262497,75307.7,1911840.0,4.256262497
30083,MT,Richland County,Sidney,47.7125,-104.16138888889,47.785633,-104.563408,seat,115998.2,2866469.8,9.785017894,57442.8,1378494.3,9.785017894
30085,MT,Roosevelt County,Wolf Point,48.091388888889,-105.6425,48.282747,-104.99517,seat,120211.4,2944662.5,38.82405882,61656.0,1456687.0,38.82405882
30087,MT,Rosebud County,Forsyth,46.2667,-106.678,46.173206,-106.666792,seat,119259.8,2975284.5,17.18229618,52990.7,1235971.6,17.18229618
30089,MT,Sanders County,Thompson Falls,47.596666666667,-115.34361111111,47.756497,-115.180306,seat,154117.2,3851696.3,25.0569686,80644.5,2095930.8,25.0569686
30091,MT,Sheridan County,Plentywood,48.776111111111,-104.55888888889,48.705587,-104.533916,seat,121145.7,2963433.0,8.857027963,62543.2,1475405.4,8.857027963
30093,MT,Silver Bow County,Butte,46.006388888889,-112.52972222222,45.896232,-112.660071,seat,139167.8,3501402.3,18.89724874,65695.1,1745636.5,18.89724874
30095,MT,Stillwater County,Columbus,45.6383,-109.252,45.658545,-109.381576,seat,128344.8,3204152.0,18.14903701,54872.1,1448386.3,18.14903701
30097,MT,Sweet Grass County,Big Timber,45.833333333333,-109.95027777778,45.811292,-109.944796,seat,130592.7,3267395.3,10.62795514,57120.0,1511629.5,10.62795514
30099,MT,Teton County,Choteau,47.816666666667,-112.18333333333,47.819035,-112.281725,seat,139295.3,3432138.0,7.106645765,70569.8,1817579.8,7.106645765
30101,MT,Toole County,Shelby,48.507222222222,-111.86027777778,48.645125,-111.733472,seat,140608.3,3483308.3,35.56279042,71882.8,1868750.0,35.56279042
30103,MT,Treasure County,Hysham,46.290555555556,-107.23,46.227113,-107.275296,seat,121214.1,3021713.0,9.711908985,53723.8,1385602.8,9.711908985
30105,MT,Valley County,Glasgow,48.195,-106.63611111111,48.34985,-106.670424,seat,123583.3,3023748.3,16.89190605,65027.9,1535772.9,16.89190605
30107,MT,Wheatland County,Harlowton,46.436388888889,-109.83361111111,46.496967,-109.857684,seat,131960.8,3283839.5,24.42915236,58488.1,1528073.8,24.42915236
30109,MT,Wibaux County,Wibaux,46.986944444444,-104.18972222222,46.962966,-104.274518,seat,110961.3,2738997.5,7.90311128,52405.9,1251022.3,7.90311128
30111,MT,Yellowstone County,Billings,45.786666666667,-108.53722222222,45.936987,-108.276656,seat,125952.3,3139191.0,25.00999261,52479.6,1383425.5,25.00999261
31001,NE,Adams County,Hastings,40.589166666667,-98.391666666667,40.520632,-98.500044,seat,87036.5,2105070.5,30.76070838,4504.5,96599.6,30.76070838
31003,NE,Antelope County,Neligh,42.13,-98.029166666667,42.183225,-98.058037,seat,86216.4,2055300.0,43.87989255,13643.6,294502.7,43.87989255
31005,NE,Arthur County,Arthur,41.5722,-101.691,41.57193,-101.695917,seat,99350.6,2427374.8,12.26026836,17790.7,430050.1,12.26026836
31007,NE,Banner County,Harrisburg,41.554444444444,-103.74027777778,41.53975,-103.726263,seat,105159.6,2591079.5,34.29187466,23599.7,593754.9,34.29187466
31009,NE,Blaine County,Brewster,41.938333333333,-99.865555555556,41.931945,-99.996407,seat,92756.3,2205283.5,37.69521927,14688.9,330995.6,37.69521927
31011,NE,Boone County,Albion,41.689444444444,-98.003055555556,41.703934,-98.070476,seat,84924.5,2026282.3,44.32073053,11169.1,241350.7,44.32073053
31013,NE,Box Butte County,Alliance,42.101388888889,-102.87027777778,42.21038,-103.081779,seat,104370.6,2470852.5,25.00571044,24180.2,577978.3,25.00571044
31015,NE,Boyd County,Butte,42.911666666667,-98.846944444444,42.894448,-98.773022,seat,90970.1,2176221.5,0.4898404422,17200.4,380456.3,0.4898404422
31017,NE,Brown County,Ainsworth,42.5475,-99.858888888889,42.359562,-99.92392,seat,94000.7,2225724.5,3.040151571,17675.0,399659.8,3.040151571
31019,NE,Buffalo County,Kearney,40.7,-99.083333333333,40.855265,-99.074984,seat,88396.0,2145353.0,14.65926261,6783.5,147942.4,14.65926261
31021,NE,Burt County,Tekamah,41.778055555556,-96.2225,41.854179,-96.337746,seat,78773.4,1884556.8,5.82578164,17258.3,405322.5,5.82578164
31023,NE,Butler County,David City,41.254444444444,-97.126388888889,41.226072,-97.132039,seat,82187.5,1960506.8,58.14974513,12038.1,259248.3,58.14974513
31025,NE,Cass County,Plattsmouth,41.008611111111,-95.891666666667,40.909878,-96.140609,seat,78149.6,1876981.3,6.11030718,14873.9,347875.3,6.11030718
31027,NE,Cedar County,Hartington,42.621111111111,-97.263888888889,42.60456,-97.25687,seat,84773.0,2038167.0,6.070596584,17616.5,385327.3,6.070596584
31029,NE,Chase County,Imperial,40.518333333333,-101.6425,40.53039,-101.694192,seat,100228.9,2404018.0,9.659936857,14439.3,322701.2,9.659936857
31031,NE,Cherry County,Valentine,42.873611111111,-100.55027777778,42.571323,-101.047653,seat,97226.3,2299112.5,25.74340389,20342.6,461697.3,25.74340389
31033,NE,Cheyenne County,Sidney,41.1394,-102.978,41.214236,-103.011929,seat,101281.3,2489571.5,3.673507479,19721.4,492246.7,3.673507479
31035,NE,Clay County,Clay Center,40.522222222222,-98.055,40.523669,-98.050858,seat,86303.9,2084770.0,11.21839911,5337.6,118577.0,11.21839911
31037,NE,Colfax County,Schuyler,41.448888888889,-97.060277777778,41.57496,-97.088945,seat,81455.6,1944346.0,41.21121749,12643.6,268619.7,41.21121749
31039,NE,Cuming County,West Point,41.839722222222,-96.711388888889,41.915865,-96.788517,seat,80694.4,1931389.8,9.805647135,15735.3,338829.7,9.805647135
31041,NE,Custer County,Broken Bow,41.404722222222,-99.641388888889,41.393893,-99.726866,seat,91668.1,2178619.8,28.00368418,11269.1,252964.5,28.00368418
31043,NE,Dakota County,Dakota City,42.415277777778,-96.417777777778,42.391624,-96.561327,seat,81228.7,1955720.6,6.222743582,19408.2,421091.4,6.222743582
31045,NE,Dawes County,Chadron,42.8275,-103.00305555556,42.713038,-103.135436,seat,107080.3,2519827.8,4.193978347,27732.8,661011.9,4.193978347
31047,NE,Dawson County,Lexington,40.779444444444,-99.743888888889,40.86784,-99.815583,seat,90566.3,2203531.0,9.106455346,9006.4,206206.2,9.106455346
31049,NE,Deuel County,Chappell,41.094166666667,-102.46888888889,41.111903,-102.332609,seat,99488.0,2444975.5,1.998996441,17928.1,447650.7,1.998996441
31051,NE,Dixon County,Ponca,42.563888888889,-96.710555555556,42.485086,-96.855784,seat,82409.7,1983754.4,3.109985706,19245.0,418020.6,3.109985706
31053,NE,Dodge County,Fremont,41.439722222222,-96.49,41.577008,-96.645852,seat,79354.2,1895928.3,40.71326917,14916.4,347028.9,40.71326917
31055,NE,Douglas County,Omaha,41.258611111111,-95.9375,41.297091,-96.154066,seat,77128.4,1853041.5,4.997665223,14913.0,355195.3,4.997665223
31057,NE,Dundy County,Benkelman,40.050555555556,-101.53361111111,40.180165,-101.681133,seat,99583.7,2388538.0,42.52715862,13794.1,307221.1,42.52715862
31059,NE,Fillmore County,Geneva,40.526388888889,-97.601944444444,40.52504,-97.596705,seat,84863.2,2048003.5,0.8883579053,7032.1,157029.2,0.8883579053
31061,NE,Franklin County,Franklin,40.095277777778,-98.953055555556,40.183203,-98.96208,seat,90710.0,2196214.8,7.932933312,3217.4,69113.0,7.932933312
31063,NE,Frontier County,Stockville,40.53325,-100.384545,40.530947,-100.406683,seat,94230.9,2277760.5,56.35236697,10820.2,230785.0,56.35236697
31065,NE,Furnas County,Beaver City,40.136666666667,-99.829166666667,40.192252,-99.908637,seat,93350.8,2253746.5,26.09871481,6813.7,149663.5,26.09871481
31067,NE,Gage County,Beatrice,40.268333333333,-96.743055555556,40.255234,-96.683453,seat,83352.8,2006751.8,15.21270705,9015.7,196849.6,15.21270705
31069,NE,Garden County,Oshkosh,41.408611111111,-102.34638888889,41.633364,-102.302985,seat,100232.8,2448204.5,0.6687394383,18672.9,450879.7,0.6687394383
31071,NE,Garfield County,Burwell,41.781388888889,-99.134166666667,41.906912,-98.951283,seat,89550.5,2131948.0,47.38197227,11911.9,254124.0,47.38197227
31073,NE,Gosper County,Elwood,40.588611111111,-99.860555555556,40.509095,-99.823206,seat,91365.0,2222936.0,9.991448106,8374.9,187612.1,9.991448106
31075,NE,Grant County,Hyannis,42.000833333333,-101.76527777778,41.913957,-101.755965,seat,100139.9,2375904.5,0.0828183253,20223.3,473860.3,0.0828183253
31077,NE,Greeley County,Greeley Center,41.548055555556,-98.530833333333,41.567563,-98.530567,seat,87712.7,2077916.6,0.3338561991,9809.9,211820.5,0.3338561991
31079,NE,Hall County,Grand Island,40.924277777778,-98.338694444444,40.866027,-98.502664,seat,86337.8,2085891.1,13.00476154,6585.3,137115.5,13.00476154
31081,NE,Hamilton County,Aurora,40.8667,-98.0036,40.872817,-98.022329,seat,84897.8,2051579.3,0.8429393515,7269.9,161850.1,0.8429393515
31083,NE,Harlan County,Alma,40.100833333333,-99.3625,40.178766,-99.403418,seat,91964.1,2225703.5,33.75495639,4818.7,105258.1,33.75495639
31085,NE,Hayes County,Hayes Center,40.511388888889,-101.02055555556,40.537234,-101.047963,seat,97087.2,2331241.0,49.84584559,12786.3,284121.2,49.84584559
31087,NE,Hitchcock County,Trenton,40.176111111111,-101.01361111111,40.176896,-101.044217,seat,97401.4,2340507.0,42.67290788,11611.8,259190.2,42.67290788
31089,NE,Holt County,O'Neill,42.460833333333,-98.646944444444,42.459287,-98.784766,seat,89216.4,2120614.5,16.8853433,14281.3,316094.4,16.8853433
31091,NE,Hooker County,Mullen,42.0425,-101.04555555556,41.920317,-101.117324,seat,97428.8,2313451.3,49.09488534,17663.3,415118.5,49.09488534
31093,NE,Howard County,St. Paul,41.213611111111,-98.46,41.216851,-98.513342,seat,86933.0,2070396.3,6.960305069,8047.5,171625.1,6.960305069
31095,NE,Jefferson County,Fairbury,40.140833333333,-97.1775,40.175736,-97.143103,seat,84815.4,1985132.0,25.91233501,6790.9,153200.0,25.91233501
31097,NE,Johnson County,Tecumseh,40.37,-96.191666666667,40.394955,-96.265264,seat,81740.4,1910171.3,24.76247763,11573.6,248505.3,24.76247763
31099,NE,Kearney County,Minden,40.498527777778,-98.947694444444,40.50912,-98.947602,seat,88722.0,2151732.3,1.695984452,5189.9,114542.8,1.695984452
31101,NE,Keith County,Ogallala,41.128888888889,-101.71944444444,41.194245,-101.644449,seat,97011.0,2378590.3,39.77887127,15451.1,381265.5,39.77887127
31103,NE,Keya Paha County,Springview,42.823611111111,-99.748055555556,42.87548,-99.718351,seat,94661.3,2239650.8,6.378215694,18520.3,416806.9,6.378215694
31105,NE,Kimball County,Kimball,41.233611111111,-103.65944444444,41.199274,-103.703153,seat,103377.9,2547950.8,11.06854883,21818.0,550626.1,11.06854883
31107,NE,Knox County,Center,42.608888888889,-97.876111111111,42.634404,-97.891349,seat,86995.7,2090228.0,56.98777236,16361.2,359834.0,56.98777236
31109,NE,Lancaster County,Lincoln,40.809166666667,-96.678055555556,40.783547,-96.688658,seat,80706.7,1940527.3,12.65359834,11672.6,268725.5,12.65359834
31111,NE,Lincoln County,North Platte,41.135914,-100.770501,41.050322,-100.744481,seat,94202.1,2298968.0,41.92310935,12642.2,301643.2,41.92310935
31113,NE,Logan County,Stapleton,41.48,-100.51277777778,41.542155,-100.443665,seat,95456.7,2265273.0,27.23021656,14346.7,316610.8,27.23021656
31115,NE,Loup County,Taylor,41.769444444444,-99.380555555556,41.90279,-99.509276,seat,90579.1,2155689.5,20.77138501,12511.7,281401.8,20.77138501
31117,NE,McPherson County,Tryon,41.55277,-100.95765,41.648414,-101.120851,seat,96649.4,2353941.8,1.000797166,15089.5,356617.1,1.000797166
31119,NE,Madison County,Madison,41.8275,-97.456944444444,41.909929,-97.606856,seat,83466.8,1993509.3,42.86850261,13213.2,283838.6,42.86850261
31121,NE,Merrick County,Central City,41.1139,-98.0025,41.16979,-98.031057,seat,85393.6,2034394.3,5.811344578,8185.3,174307.8,5.811344578
31123,NE,Morrill County,Bridgeport,41.667777777778,-103.09888888889,41.732204,-102.990594,seat,103358.1,2519505.3,0.7494390066,21798.2,522180.6,0.7494390066
31125,NE,Nance County,Fullerton,41.363055555556,-97.970833333333,41.402385,-97.991408,seat,85402.1,2030399.9,15.9696347,9604.2,204368.5,15.9696347
31127,NE,Nemaha County,Auburn,40.388333333333,-95.842222222222,40.387389,-95.852721,seat,80191.5,1878981.8,25.87275048,13149.2,280576.7,25.87275048
31129,NE,Nuckolls County,Nelson,40.2019,-98.0667,40.176492,-98.046842,seat,87892.9,2120746.5,38.7549335,3696.9,82502.6,38.7549335
31131,NE,Otoe County,Nebraska City,40.676111111111,-95.859722222222,40.637992,-96.131027,seat,79519.5,1912690.0,14.88070331,14243.3,321164.4,14.88070331
31133,NE,Pawnee County,Pawnee City,40.110555555556,-96.153611111111,40.137797,-96.245214,seat,80733.3,1894454.5,3.331111071,10889.0,243812.2,3.331111071
31135,NE,Perkins County,Grant,40.844444444444,-101.72611111111,40.857646,-101.627468,seat,98314.9,2407380.5,14.76921287,16240.8,364750.4,14.76921287
31137,NE,Phelps County,Holdrege,40.436388888889,-99.382222222222,40.516365,-99.406557,seat,90350.8,2188835.5,17.21351843,6328.4,142289.5,17.21351843
31139,NE,Pierce County,Pierce,42.199444444444,-97.529444444444,42.271413,-97.610992,seat,84878.5,2023982.6,6.442447609,15209.3,329570.9,6.442447609
31141,NE,Platte County,Columbus,41.429305555556,-97.358138888889,41.576866,-97.513467,seat,82610.2,1970348.6,2.760785014,11277.1,241384.3,2.760785014
31143,NE,Polk County,Osceola,41.178055555556,-97.548611111111,41.187925,-97.570663,seat,83483.6,1991836.9,5.331410416,10187.8,217412.5,5.331410416
31145,NE,Red Willow County,McCook,40.205277777778,-100.62611111111,40.16942,-100.468576,seat,95708.3,2305110.0,23.24882409,10040.8,224153.6,23.24882409
31147,NE,Richardson County,Falls City,40.0625,-95.601111111111,40.123743,-95.718603,seat,78246.0,1839636.9,6.226926148,13239.8,291851.3,6.226926148
31149,NE,Rock County,Bassett,42.583888888889,-99.537222222222,42.394749,-99.420851,seat,92754.9,2198911.5,3.201927506,16613.9,376067.7,3.201927506
31151,NE,Saline County,Wilber,40.481944444444,-96.9625,40.516802,-97.131755,seat,83237.3,1997691.8,10.77258123,9124.4,208225.1,10.77258123
31153,NE,Sarpy County,Papillion,41.155833333333,-96.040833333333,41.115064,-96.109125,seat,77808.0,1867196.9,68.30276033,14394.4,340280.0,68.30276033
31155,NE,Saunders County,Wahoo,41.211111111111,-96.619805555556,41.22339,-96.6421,seat,80074.9,1911934.3,9.773486517,13235.3,311080.4,9.773486517
31157,NE,Scotts Bluff County,Gering,41.824166666667,-103.665,41.850506,-103.703021,seat,105676.8,2570432.8,1.443908526,24116.9,573108.1,1.443908526
31159,NE,Seward County,Seward,40.911111111111,-97.096944444444,40.871944,-97.140383,seat,81782.0,1969761.8,20.30440619,10344.0,242046.2,20.30440619
31161,NE,Sheridan County,Rushville,42.717222222222,-102.46027777778,42.512289,-102.36828,seat,104694.1,2468532.5,3.774113901,26386.6,608731.8,3.774113901
31163,NE,Sherman County,Loup City,41.277222222222,-98.968055555556,41.218743,-98.972849,seat,89040.5,2116960.3,3.435165311,9347.9,191144.7,3.435165311
31165,NE,Sioux County,Harrison,42.688055555556,-103.88222222222,42.470668,-103.73217,seat,110340.9,2606273.5,19.92352224,28904.6,682107.3,19.92352224
31167,NE,Stanton County,Stanton,41.95,-97.2231,41.905045,-97.177109,seat,83158.1,1985255.5,17.54934874,14695.8,316548.8,17.54934874
31169,NE,Thayer County,Hebron,40.168333333333,-97.586666666667,40.173429,-97.596235,seat,86521.4,2088577.4,6.32973896,5426.9,119835.2,6.32973896
31171,NE,Thomas County,Thedford,41.978888888889,-100.575,41.85573,-100.524703,seat,95604.1,2272084.8,43.60164768,15993.5,362541.9,43.60164768
31173,NE,Thurston County,Pender,42.111666666667,-96.710555555556,42.154061,-96.533943,seat,81600.6,1956166.8,43.98668123,17246.4,371331.3,43.98668123
31175,NE,Valley County,Ord,41.6025,-98.93,41.564094,-98.983484,seat,89438.2,2119695.0,0.500012486,10667.2,226271.8,0.500012486
31177,NE,Washington County,Blair,41.545555555556,-96.134444444444,41.533973,-96.224577,seat,77384.5,1856342.8,7.692454595,15907.0,377910.3,7.692454595
31179,NE,Wayne County,Wayne,42.236111111111,-97.016944444444,42.210746,-97.126243,seat,83166.7,1984690.8,12.46679154,16543.4,357622.3,12.46679154
31181,NE,Webster County,Red Cloud,40.088333333333,-98.522777777778,40.180646,-98.49859,seat,90051.5,2105985.0,5.800424357,1486.7,31795.9,5.800424357
31183,NE,Wheeler County,Bartlett,41.885,-98.5525,41.922575,-98.520853,seat,87874.5,2093505.4,32.21065498,11350.4,248880.8,32.21065498
31185,NE,York County,York,40.867222222222,-97.588888888889,40.873056,-97.596742,seat,83643.7,2018169.6,2.107348379,8586.6,195943.3,2.107348379
32001,NV,Churchill County,Fallon,39.4728,-118.779,39.53771,-118.264166,seat,161069.0,4125681.8,15.66044249,79509.1,2128357.3,15.66044249
32003,NV,Clark County,Las Vegas,36.167222222222,-115.14861111111,36.21413,-115.014398,seat,155668.0,3916176.8,50.37757581,71478.1,1826040.8,50.37757581
32005,NV,Douglas County,Minden,38.95583,-119.76917,38.905129,-119.609019,seat,166128.1,4234234.0,4.880745031,84568.2,2236909.8,4.880745031
32007,NV,Elko County,Elko,40.832472222222,-115.76316666667,41.141133,-115.351424,seat,146217.6,3720183.3,12.21989705,64657.7,1722858.5,12.21989705
32009,NV,Esmeralda County,Goldfield,37.7085439,-117.2356341,37.778966,-117.632382,seat,161103.8,4051452.8,1.147294822,79543.9,2054128.3,1.147294822
32011,NV,Eureka County,Eureka,39.5117,-115.962,39.977788,-116.272208,seat,153470.1,3902816.8,13.59971593,71910.2,1905492.0,13.59971593
32013,NV,Humboldt County,Winnemucca,40.968333333333,-117.72666666667,41.407914,-118.127591,seat,153682.2,3920490.3,13.33566217,72122.3,1923165.8,13.33566217
32015,NV,Lander County,Battle Mountain,40.639444444444,-116.93722222222,39.90021,-117.04724,seat,150411.4,3834780.5,2.098447193,68851.5,1837455.8,2.098447193
32017,NV,Lincoln County,Pioche,37.941388888889,-114.44888888889,37.634605,-114.863037,seat,151691.4,3791653.8,24.76831568,67501.5,1701517.5,24.76831568
32019,NV,Lyon County,Dayton,39.2517,-119.562,39.022213,-119.197425,seat,164297.8,4195242.0,131.0629042,82737.9,2197917.3,131.0629042
32021,NV,Mineral County,Hawthorne,38.5253,-118.623,38.516647,-118.416279,seat,166290.6,4240548.0,12.03517835,84730.7,2243223.8,12.03517835
32023,NV,Nye County,Tonopah,38.067222222222,-117.23,37.965864,-116.459011,seat,159264.4,4009374.0,1.789679255,77704.5,2012049.3,1.789679255
32027,NV,Pershing County,Lovelock,40.18,-118.47666666667,40.439639,-118.409477,seat,157616.7,4035900.8,0.5962282547,76056.8,2038576.0,0.5962282547
32029,NV,Storey County,Virginia City,39.310277777778,-119.64944444444,39.438385,-119.524646,seat,164257.5,4195227.0,22.79097165,82697.6,2197902.8,22.79097165
32031,NV,Washoe County,Reno,39.526111111111,-119.8125,40.73132,-119.663269,seat,163358.6,4185363.3,12.93265024,81798.7,2188038.5,12.93265024
32033,NV,White Pine County,Ely,39.253333333333,-114.87722222222,39.418176,-114.900565,seat,148155.8,3737172.8,39.06470699,66595.9,1739848.0,39.06470699
32510,NV,Carson City,(internal point),39.15306,-119.747368,39.15306,-119.747368,internal_point,165101.9,4211646.0,25.57813262,83542.0,2214321.8,25.57813262
33001,NH,Belknap County,Laconia,43.5275,-71.4703,43.519109,-71.425366,seat,38909.3,819133.7,19.13324157,116169.1,2672652.0,19.13324157
33003,NH,Carroll County,Ossipee,43.684722222222,-71.117222222222,43.867774,-71.20156,seat,40391.8,861693.4,57.5124363,118517.6,2708027.5,57.5124363
33005,NH,Cheshire County,Keene,42.933611111111,-72.278055555556,42.92546,-72.248183,seat,33315.6,696390.3,12.36998705,109501.0,2544747.5,12.36998705
33007,NH,Coos County,Lancaster,44.488888888889,-71.569166666667,44.652548,-71.289431,seat,42758.9,917135.6,28.07000327,114950.9,2704804.8,28.07000327
33009,NH,Grafton County,Haverhill,44.034166666667,-72.063888888889,43.926439,-71.842424,seat,38513.2,828148.0,14.13660865,113913.1,2627501.5,14.13660865
33011,NH,Hillsborough County,Manchester,42.990833333333,-71.463611111111,42.911532,-71.723055,seat,35467.6,749364.0,4.243303452,114326.9,2726620.8,4.243303452
33013,NH,Merrimack County,Concord,43.206666666667,-71.538055555556,43.299579,-71.680041,seat,36691.2,776909.4,12.51069123,113803.9,2626126.0,12.51069123
33015,NH,Rockingham County,Brentwood,42.978611111111,-71.072777777778,42.988664,-71.09908,seat,35926.7,760957.9,10.73878032,114786.0,2738214.5,10.73878032
33017,NH,Strafford County,Dover,43.195277777778,-70.875,43.293272,-71.035589,seat,37210.6,797218.8,14.46364926,116069.9,2774475.5,14.46364926
33019,NH,Sullivan County,Newport,43.365277777778,-72.173333333333,43.361188,-72.222084,seat,35713.8,762471.4,11.7554014,111333.9,2579900.5,11.7554014
34001,NJ,Atlantic County,Mays Landing,39.456111111111,-74.726944444444,39.469355,-74.633759,seat,12474.8,249726.0,13.16071457,96547.2,2242830.3,13.16071457
34003,NJ,Bergen County,Hackensack,40.887777777778,-74.048055555556,40.959698,-74.074727,seat,17353.4,371491.1,7.059467972,96945.3,2344332.5,7.059467972
34005,NJ,Burlington County,Mount Holly,39.9953,-74.7865,39.875786,-74.663006,seat,11927.2,250948.6,53.44740904,94490.1,2202989.8,53.44740904
34007,NJ,Camden County,Camden,39.9368,-75.1066,39.802407,-74.961249,seat,10767.9,223549.6,69.63474841,93213.1,2172147.8,69.63474841
34009,NJ,Cape May County,Middle Township,39.088,-74.8376,39.085841,-74.846354,seat,13826.1,278456.7,78.00656025,98702.3,2283295.8,78.00656025
34011,NJ,Cumberland County,Bridgeton,39.4275,-75.228,39.328434,-75.121628,seat,10433.0,216747.9,77.93516994,95635.2,2210698.8,77.93516994
34013,NJ,Essex County,Newark,40.735555555556,-74.172222222222,40.7874,-74.246292,seat,16255.1,347878.5,6.519733596,96578.1,2336429.0,6.519733596
34015,NJ,Gloucester County,Woodbury,39.838055555556,-75.153055555556,39.722875,-75.145679,seat,10238.4,211227.4,7.080808316,93898.4,2184375.8,7.080808316
34017,NJ,Hudson County,Jersey City,40.71,-74.06,40.731375,-74.078601,seat,16482.0,353786.1,28.49730022,97265.4,2346386.5,28.49730022
34019,NJ,Hunterdon County,Flemington,40.5087,-74.8601,40.565283,-74.911969,seat,14922.3,296359.1,32.02642814,95332.6,2206192.3,32.02642814
34021,NJ,Mercer County,Trenton,40.220277777778,-74.765833333333,40.282503,-74.703724,seat,13093.3,276630.8,2.014945323,94096.8,2199320.8,2.014945323
34023,NJ,Middlesex County,New Brunswick,40.486666666667,-74.444444444444,40.439621,-74.40743,seat,14648.9,313829.6,38.82246438,96351.7,2253890.3,38.82246438
34025,NJ,Monmouth County,Freehold,40.262862,-74.277344,40.287048,-74.152446,seat,14419.2,305239.9,25.86431642,96122.0,2245300.8,25.86431642
34027,NJ,Morris County,Morristown,40.7966,-74.4773,40.858896,-74.547292,seat,17057.5,366082.4,17.47435108,95543.4,2305275.8,17.47435108
34029,NJ,Ocean County,Toms River,39.9943,-74.1662,39.865669,-74.258864,seat,15424.7,308876.4,172.7654725,97528.9,2260282.3,172.7654725
34031,NJ,Passaic County,Paterson,40.916666666667,-74.172222222222,41.036655,-74.299408,seat,17373.0,369722.4,0.20177152,96368.9,2333674.0,0.20177152
34033,NJ,Salem County,Salem,39.5682,-75.4725,39.573828,-75.357356,seat,9243.0,189608.0,99.18082651,94445.2,2183558.8,99.18082651
34035,NJ,Somerset County,Somerville,40.5698,-74.6077,40.565527,-74.619938,seat,15672.3,318595.3,2.00563057,96033.2,2217545.3,2.00563057
34037,NJ,Sussex County,Newton,41.0527,-74.7548,41.137461,-74.691914,seat,18958.2,374263.4,18.33126783,94659.1,2284154.0,18.33126783
34039,NJ,Union County,Elizabeth,40.662222222222,-74.209166666667,40.659871,-74.308696,seat,15806.4,338870.2,10.12749291,97189.0,2346411.0,10.12749291
34041,NJ,Warren County,Belvidere,40.8298,-75.0733,40.853491,-75.009498,seat,16646.8,335203.2,48.8131582,93309.8,2258672.0,48.8131582
35001,NM,Bernalillo County,Albuquerque,35.084444444444,-106.65027777778,35.053628,-106.66908,seat,120290.7,3039161.5,6.512374229,46245.9,1086811.5,6.512374229
35003,NM,Catron County,Reserve,33.7086,-108.761,33.901621,-108.391928,seat,136222.3,3362048.5,14.18199347,62177.5,1409698.5,14.18199347
35005,NM,Chaves County,Roswell,33.394166666667,-104.52277777778,33.361604,-104.469837,seat,117485.5,2920165.5,2.140285179,46966.1,1074037.3,2.140285179
35006,NM,Cibola County,Grants,35.155277777778,-107.84222222222,34.928272,-107.99268,seat,124831.8,3159560.5,54.25428104,50787.0,1207210.8,54.25428104
35007,NM,Colfax County,Raton,36.896944444444,-104.44,36.612964,-104.64011,seat,115957.2,2731059.5,5.774712078,34121.7,754638.1,5.774712078
35009,NM,Curry County,Clovis,34.405472222222,-103.20508333333,34.572984,-103.346055,seat,109532.6,2745163.0,26.01396839,39013.2,899034.6,26.01396839
35011,NM,De Baca County,Fort Sumner,34.471666666667,-104.24527777778,34.359273,-104.368696,seat,113794.4,2841816.5,4.495381992,41574.8,961452.9,4.495381992
35013,NM,Doña Ana County,Las Cruces,32.314027777778,-106.77980555556,32.349919,-106.834968,seat,127568.6,3235178.0,11.16086832,58326.2,1291907.4,11.16086832
35015,NM,Eddy County,Carlsbad,32.42575,-104.23761111111,32.457835,-104.306434,seat,116565.4,2904592.8,6.96092934,51667.4,1185455.4,6.96092934
35017,NM,Grant County,Silver City,32.7725,-108.27936111111,32.732087,-108.381504,seat,135205.2,3410401.8,29.35057439,63889.4,1463127.8,29.35057439
35019,NM,Guadalupe County,Santa Rosa,34.9422,-104.684,34.869782,-104.784968,seat,113000.1,2851197.5,42.6969719,38955.3,898847.5,42.6969719
35021,NM,Harding County,Mosquero,35.77611,-103.95694,35.859352,-103.853424,seat,113960.2,2833305.0,15.64489305,37762.5,842707.6,15.64489305
35023,NM,Hidalgo County,Lordsburg,32.346944444444,-108.70722222222,31.898052,-108.751929,seat,134629.2,3423534.3,4.973151052,65390.0,1556341.0,4.973151052
35025,NM,Lea County,Lovington,32.946388888889,-103.35361111111,32.795687,-103.413271,seat,113148.6,2822962.3,2.244772842,45929.2,1065400.5,2.244772842
35027,NM,Lincoln County,Carrizozo,33.643888888889,-105.8775,33.740841,-105.449805,seat,123393.7,3044403.8,16.86106995,49348.9,1092053.8,16.86106995
35028,NM,Los Alamos County,Los Alamos,35.891111111111,-106.29777777778,35.870047,-106.307968,seat,123485.2,3083813.5,39.64127476,47259.4,1050568.0,39.64127476
35029,NM,Luna County,Deming,32.261111111111,-107.75583333333,32.184523,-107.747191,seat,131000.3,3327722.8,16.85579154,61725.6,1460522.8,16.85579154
35031,NM,McKinley County,Gallup,35.523611111111,-108.73416666667,35.584062,-108.253294,seat,128469.3,3256931.5,91.27474984,54424.5,1304581.8,91.27474984
35033,NM,Mora County,Mora,35.974166666667,-105.33,35.982841,-104.921898,seat,119909.1,3005563.8,1.546045938,42409.6,943910.9,1.546045938
35035,NM,Otero County,Alamogordo,32.904638888889,-105.94183333333,32.615599,-105.751308,seat,126242.4,3105249.5,4.547028062,53764.5,1184837.3,4.547028062
35037,NM,Quay County,Tucumcari,35.169444444444,-103.72555555556,35.107018,-103.548071,seat,109557.4,2759312.5,1.002027264,35326.9,802811.6,1.002027264
35039,NM,Rio Arriba County,Tierra Amarilla,36.700277777778,-106.54972222222,36.509669,-106.693983,seat,128143.2,3171857.0,27.99315638,44120.0,1001026.5,27.99315638
35041,NM,Roosevelt County,Portales,34.182222222222,-103.33861111111,34.021207,-103.483004,seat,110907.6,2773394.5,27.01811599,40388.2,927266.3,27.01811599
35043,NM,Sandoval County,Bernalillo,35.309444444444,-106.55194444444,35.685091,-106.883119,seat,121146.6,3055618.5,24.49523532,46926.0,1096761.0,24.49523532
35045,NM,San Juan County,Aztec,36.822055555556,-107.99288888889,36.511624,-108.324578,seat,132140.7,3313413.5,20.29401187,50365.6,1136658.3,20.29401187
35047,NM,San Miguel County,Las Vegas,35.596944444444,-105.2225,35.476859,-104.803519,seat,117347.4,2957516.0,26.43285774,40591.7,928531.8,26.43285774
35049,NM,Santa Fe County,Santa Fe,35.666666666667,-105.96666666667,35.514531,-105.963972,seat,120131.7,3023136.5,9.415346803,44593.4,1031947.6,9.415346803
35051,NM,Sierra County,Truth or Consequences,33.133611111111,-107.25277777778,33.119468,-107.188161,seat,129250.9,3275855.5,23.90091782,55206.1,1323505.5,23.90091782
35053,NM,Socorro County,Socorro,34.061666666667,-106.89944444444,33.991658,-106.939136,seat,124952.6,3159514.5,3.896242673,50907.8,1207164.5,3.896242673
35055,NM,Taos County,Taos,36.40725,-105.57327777778,36.577183,-105.638878,seat,124414.5,2860746.0,4.404445191,41040.4,940876.2,4.404445191
35057,NM,Torrance County,Estancia,34.758333333333,-106.05555555556,34.554978,-105.890557,seat,119119.8,3003716.0,5.767919956,45075.0,1051366.3,5.767919956
35059,NM,Union County,Clayton,36.450777777778,-103.18475,36.488085,-103.475723,seat,110294.3,2598794.0,21.87926158,30571.7,668351.4,21.87926158
35061,NM,Valencia County,Los Lunas,34.809444444444,-106.73527777778,34.71684,-106.806582,seat,121678.5,3075143.5,9.008655341,47633.7,1122793.6,9.008655341
36001,NY,Albany County,Albany,42.65,-73.766666666667,42.58824,-73.97401,seat,26698.1,583239.4,10.29022239,100601.0,2394301.0,10.29022239
36003,NY,Allegany County,Belmont,42.2257,-78.0319,42.247853,-78.026153,seat,26548.5,568116.6,39.24335287,83068.8,1992402.5,39.24335287
36005,NY,Bronx County,(internal point),40.848711,-73.852939,40.848711,-73.852939,internal_point,18056.1,380263.3,39.36449518,98094.7,2363390.5,39.36449518
36007,NY,Broome County,Binghamton,42.098888888889,-75.910833333333,42.161977,-75.830283,seat,22429.4,493112.6,0.7441260202,92739.2,2214975.0,0.7441260202
36009,NY,Cattaraugus County,Little Valley,42.2494,-78.7997,42.239099,-78.662332,seat,25172.7,531398.6,4.492607308,79701.7,1905937.8,4.492607308
36011,NY,Cayuga County,Auburn,42.931661111111,-76.564769444444,43.008546,-76.574587,seat,28089.0,551492.9,19.51948466,89316.1,2132081.3,19.51948466
36013,NY,Chautauqua County,Mayville,42.25139,-79.5,42.304216,-79.407595,seat,27408.9,546438.8,70.38213293,76965.9,1849182.5,70.38213293
36015,NY,Chemung County,Elmira,42.085277777778,-76.809166666667,42.148697,-76.752471,seat,22538.3,460964.4,112.840479,88815.5,2121334.3,112.840479
36017,NY,Chenango County,Norwich,42.531944444444,-75.521666666667,42.478024,-75.602241,seat,25106.3,555942.9,2.666600418,95334.8,2276183.0,2.666600418
36019,NY,Clinton County,Plattsburgh,44.695277777778,-73.458333333333,44.752712,-73.705643,seat,37904.4,839913.2,43.46740656,104497.1,2461363.5,43.46740656
36021,NY,Columbia County,Hudson,42.25,-73.789722222222,42.247696,-73.626718,seat,25264.2,547060.0,6.48961826,101552.9,2445645.5,6.48961826
36023,NY,Cortland County,Cortland,42.600555555556,-76.181388888889,42.594039,-76.07624,seat,25266.7,557518.9,3.119312004,92828.6,2197958.0,3.119312004
36025,NY,Delaware County,Delhi,42.2789,-74.9164,42.193986,-74.966728,seat,26851.3,532188.3,60.10118742,98282.3,2326521.5,60.10118742
36027,NY,Dutchess County,Poughkeepsie,41.705277777778,-73.930555555556,41.754825,-73.740014,seat,22502.1,479502.7,28.46640328,99050.6,2389673.5,28.46640328
36029,NY,Erie County,Buffalo,42.886388888889,-78.878055555556,42.752759,-78.778192,seat,29478.7,615320.6,45.92657945,80906.6,1940113.4,45.92657945
36031,NY,Essex County,Elizabethtown,44.2164,-73.5906,44.109601,-73.778431,seat,35412.6,779929.9,3.617471579,105949.9,2469532.5,3.617471579
36033,NY,Franklin County,Malone,44.8506,-74.2892,44.594376,-74.31067,seat,40600.2,896510.8,0.4533159628,100417.2,2382379.5,0.4533159628
36035,NY,Fulton County,Johnstown,43.0072,-74.3722,43.115609,-74.423678,seat,29800.9,653133.8,19.00323503,98072.4,2324894.0,19.00323503
36037,NY,Genesee County,Batavia,42.998611111111,-78.184166666667,43.00091,-78.192778,seat,29012.7,596214.6,47.38204434,83405.5,1996390.5,47.38204434
36039,NY,Greene County,Catskill,42.2167,-73.8667,42.28697,-74.149542,seat,24795.6,540490.6,48.44401552,101084.3,2439076.5,48.44401552
36041,NY,Hamilton County,Lake Pleasant,43.4709016,-74.4126461,43.657879,-74.502456,seat,33571.0,723115.4,8.941032911,98765.1,2330200.3,8.941032911
36043,NY,Herkimer County,Herkimer,43.0261,-74.9903,43.571009,-74.841097,seat,29994.3,645225.4,22.68409858,95072.4,2268947.0,22.68409858
36045,NY,Jefferson County,Watertown,43.9756,-75.9064,43.996389,-76.052968,seat,32420.7,719948.4,22.1125281,94228.7,2257811.3,22.1125281
36047,NY,Kings County,(internal point),40.635045,-73.95064,40.635045,-73.95064,internal_point,17312.8,362362.9,41.26638941,98643.1,2363228.0,41.26638941
36049,NY,Lewis County,Lowville,43.7867,-75.4878,43.782706,-75.444132,seat,33691.0,720919.3,53.88034599,96322.5,2301371.3,53.88034599
36051,NY,Livingston County,Geneseo,42.7958,-77.8136,42.729042,-77.778463,seat,26759.4,556138.3,6.078625304,85241.6,2021808.9,6.078625304
36053,NY,Madison County,Wampsville,43.0814,-75.7081,42.910026,-75.663575,seat,29315.7,629331.9,23.67750647,92560.4,2207090.0,23.67750647
36055,NY,Monroe County,Rochester,43.165555555556,-77.611388888889,43.250347,-77.700518,seat,29263.9,608018.4,69.40024665,85716.2,2052663.0,69.40024665
36057,NY,Montgomery County,Fonda,42.9544,-74.3756,42.900891,-74.435357,seat,29324.1,647174.6,6.800642461,97722.1,2330298.3,6.800642461
36059,NY,Nassau County,Mineola,40.7472,-73.6381,40.729612,-73.589414,seat,19243.2,399312.6,30.44420016,99356.6,2389538.3,30.44420016
36061,NY,New York County,(internal point),40.776642,-73.970187,40.776642,-73.970187,internal_point,17693.4,367804.6,273.7209299,98090.0,2358618.3,273.7209299
36063,NY,Niagara County,Lockport,43.1697,-78.6911,43.272672,-78.812943,seat,30914.7,646597.6,14.82573743,80909.3,1954794.6,14.82573743
36065,NY,Oneida County,Utica,43.100833333333,-75.2325,43.242727,-75.434282,seat,29500.6,633315.3,4.465252174,94265.7,2249510.5,4.465252174
36067,NY,Onondaga County,Syracuse,43.046899,-76.144423,43.006516,-76.196134,seat,27405.1,607531.9,7.889303222,90958.1,2172119.5,7.889303222
36069,NY,Ontario County,Canandaigua,42.8861,-77.2817,42.856357,-77.303497,seat,27292.4,556044.9,1.198645196,86764.9,2076574.3,1.198645196
36071,NY,Orange County,Goshen,41.4019,-74.3231,41.40241,-74.306252,seat,20760.9,447693.4,23.76106335,96416.9,2335523.5,23.76106335
36073,NY,Orleans County,Albion,43.2461,-78.1936,43.339906,-78.207028,seat,30626.0,624153.5,11.4600834,83104.6,1998516.5,11.4600834
36075,NY,Oswego County,Oswego,43.454722222222,-76.506666666667,43.461443,-76.209262,seat,30404.3,667259.3,42.63572879,91743.9,2161810.3,42.63572879
36077,NY,Otsego County,Cooperstown,42.697222222222,-74.926944444444,42.629776,-75.028841,seat,28130.9,612485.3,16.41646827,97621.1,2310947.0,16.41646827
36079,NY,Putnam County,Carmel,41.4261,-73.6789,41.427907,-73.743861,seat,21689.8,452210.5,2.434335658,99520.5,2406609.5,2.434335658
36081,NY,Queens County,(internal point),40.654658,-73.841209,40.654658,-73.841209,internal_point,17983.0,378037.7,39.65931673,99304.5,2375139.5,39.65931673
36083,NY,Rensselaer County,Troy,42.731666666667,-73.6925,42.710421,-73.513845,seat,27235.6,595806.3,22.50582629,100968.4,2402319.0,22.50582629
36085,NY,Richmond County,(internal point),40.561263,-74.1399,40.561263,-74.1399,internal_point,16151.0,337751.9,2.604089411,97853.8,2277812.8,2.604089411
36087,NY,Rockland County,New City,41.1456,-73.995,41.154628,-74.024662,seat,19154.3,407628.3,79.4344663,98310.1,2372045.0,79.4344663
36089,NY,St. Lawrence County,Canton,44.5975,-75.1711,44.488112,-75.074311,seat,36531.5,817306.9,31.88275641,96402.9,2300623.8,31.88275641
36091,NY,Saratoga County,Ballston Spa,43.0072,-73.8511,43.106135,-73.855387,seat,29110.5,633076.3,24.368842,100180.6,2375370.0,24.368842
36093,NY,Schenectady County,Schenectady,42.804166666667,-73.929166666667,42.817552,-74.043559,seat,27525.6,605299.3,32.69861599,99534.3,2370288.0,32.69861599
36095,NY,Schoharie County,Schoharie,42.6669,-74.3097,42.591294,-74.438172,seat,28163.0,598177.1,13.77802786,98745.0,2346991.0,13.77802786
36097,NY,Schuyler County,Watkins Glen,42.3811,-76.8711,42.419776,-76.938603,seat,24270.9,486514.2,18.39135768,89122.7,2114309.5,18.39135768
36099,NY,Seneca County,Waterloo,42.903611111111,-76.859388888889,42.782294,-76.827088,seat,27646.8,554931.0,32.50216589,88230.0,2107935.0,32.50216589
36101,NY,Steuben County,Bath,42.3378,-77.3169,42.266725,-77.385525,seat,23416.8,479477.7,30.00366773,86008.3,2061077.5,30.00366773
36103,NY,Suffolk County,Riverhead,40.9675,-72.7025,40.943554,-72.692218,seat,23861.0,490177.4,23.30696795,103983.6,2480663.5,23.30696795
36105,NY,Sullivan County,Monticello,41.6536,-74.6906,41.719993,-74.771577,seat,23013.8,495657.5,28.0649383,96957.4,2328799.0,28.0649383
36107,NY,Tioga County,Owego,42.1044,-76.2633,42.178057,-76.297456,seat,22659.0,464210.6,24.63427675,91114.3,2179885.5,24.63427675
36109,NY,Tompkins County,Ithaca,42.443333333333,-76.5,42.453006,-76.473483,seat,24772.7,492705.6,23.38895521,90688.7,2164041.8,23.38895521
36111,NY,Ulster County,Kingston,41.925,-74.0,41.947212,-74.265458,seat,23130.2,502976.6,32.4733617,99297.3,2400412.5,32.4733617
36113,NY,Warren County,Queensbury,43.359444444444,-73.656944444444,43.555105,-73.838139,seat,30786.8,673354.1,21.93944568,102613.9,2424093.5,21.93944568
36115,NY,Washington County,Fort Edward,43.2724215,-73.5623968,43.312377,-73.439428,seat,30825.2,669215.6,79.97717518,102652.3,2419955.0,79.97717518
36117,NY,Wayne County,Lyons,43.0597,-76.9925,43.218114,-77.049402,seat,28235.5,565085.8,6.01895506,88064.8,2107132.5,6.01895506
36119,NY,Westchester County,White Plains,41.0325,-73.766666666667,41.152686,-73.745753,seat,19266.3,404972.6,3.723975832,99006.2,2388838.5,3.723975832
36121,NY,Wyoming County,Warsaw,42.7411,-78.1356,42.701365,-78.228576,seat,27926.2,572694.0,3.999145694,83526.3,1992420.5,3.999145694
36123,NY,Yates County,Penn Yan,42.66,-77.055555555556,42.638237,-77.104324,seat,25884.1,523924.9,5.354781119,88475.6,2105524.8,5.354781119
37001,NC,Alamance County,Graham,36.064444444444,-79.398055555556,36.043954,-79.400573,seat,19750.8,460787.7,60.4450436,86071.6,2009580.8,60.4450436
37003,NC,Alexander County,Taylorsville,35.9178,-81.1744,35.920951,-81.177467,seat,27648.0,635546.1,2.529406394,82140.1,1939367.5,2.529406394
37005,NC,Alleghany County,Sparta,36.505555555556,-81.121666666667,36.489356,-81.132299,seat,24440.4,558639.8,14.33979512,79484.5,1824151.3,14.33979512
37007,NC,Anson County,Wadesboro,34.966666666667,-80.066666666667,34.974972,-80.109763,seat,26494.1,607610.5,93.00926366,87621.2,2053477.8,93.00926366
37009,NC,Ashe County,Jefferson,36.42,-81.4689,36.443469,-81.499334,seat,26232.7,591466.4,14.81821032,78635.6,1802735.3,14.81821032
37011,NC,Avery County,Newland,36.086388888889,-81.926666666667,36.07209,-81.920285,seat,29676.6,666441.6,6.101185425,77022.9,1791944.5,6.101185425
37013,NC,Beaufort County,Washington,35.553611111111,-77.051944444444,35.482313,-76.842014,seat,20043.8,464299.2,14.27569574,97075.8,2261846.8,14.27569574
37015,NC,Bertie County,Windsor,35.998055555556,-76.948888888889,36.059043,-76.962364,seat,18342.5,403057.1,32.33415736,97587.3,2281138.3,32.33415736
37017,NC,Bladen County,Elizabethtown,34.6256,-78.6122,34.591938,-78.539489,seat,24214.7,555674.3,42.25601244,94725.0,2180764.3,42.25601244
37019,NC,Brunswick County,Bolivia,34.0692,-78.1478,34.038754,-78.227765,seat,26312.2,626331.6,24.74355825,98351.5,2295762.8,24.74355825
37021,NC,Buncombe County,Asheville,35.595555555556,-82.551944444444,35.609371,-82.530423,seat,32010.0,759085.5,0.9332158366,75133.0,1784482.3,0.9332158366
37023,NC,Burke County,Morganton,35.7425,-81.692222222222,35.746182,-81.70618,seat,29512.8,684843.8,78.89940923,78901.8,1869881.0,78.89940923
37025,NC,Cabarrus County,Concord,35.4044,-80.6006,35.388346,-80.552728,seat,25938.0,609676.4,116.8066363,84881.7,1997475.3,116.8066363
37027,NC,Caldwell County,Lenoir,35.908333333333,-81.53,35.966396,-81.51254,seat,28452.3,652042.2,7.834850543,80300.5,1894581.3,7.834850543
37029,NC,Camden County,Camden,36.328611111111,-76.171944444444,36.342344,-76.162488,seat,17264.4,386750.7,48.31486215,99430.7,2365705.8,48.31486215
37031,NC,Carteret County,Beaufort,34.71822,-76.66382,34.858343,-76.53586,seat,25846.4,577900.8,28.70793675,101075.6,2337710.5,28.70793675
37033,NC,Caswell County,Yanceyville,36.406944444444,-79.341666666667,36.394298,-79.339609,seat,19431.3,409237.7,13.99930711,87030.2,2010885.8,13.99930711
37035,NC,Catawba County,Newton,35.665,-81.224444444444,35.661883,-81.214906,seat,27892.4,645514.4,80.91171638,80996.5,1917416.0,80.91171638
37037,NC,Chatham County,Pittsboro,35.720277777778,-79.176388888889,35.704994,-79.251454,seat,20394.8,468887.0,0.7974779892,87819.6,2045475.5,0.7974779892
37039,NC,Cherokee County,Murphy,35.089722222222,-84.03,35.13715,-84.061449,seat,40446.3,934490.8,14.80814079,71270.3,1668691.8,14.80814079
37041,NC,Chowan County,Edenton,36.060833333333,-76.608333333333,36.128979,-76.602752,seat,18811.8,404553.3,5.391544585,99257.9,2316038.0,5.391544585
37043,NC,Clay County,Hayesville,35.0467,-83.8178,35.052997,-83.752264,seat,40221.5,923500.9,1.065884212,72343.6,1690474.5,1.065884212
37045,NC,Cleveland County,Shelby,35.2883,-81.5378,35.33463,-81.557114,seat,30280.7,705465.4,31.0988621,80148.1,1897854.3,31.0988621
37047,NC,Columbus County,Whiteville,34.33,-78.704444444444,34.261602,-78.639308,seat,26201.8,619712.8,71.16598254,94472.6,2214479.0,71.16598254
37049,NC,Craven County,New Bern,35.108333333333,-77.044444444444,35.116829,-77.08132,seat,22660.3,515910.3,2.553313357,97843.1,2273566.5,2.553313357
37051,NC,Cumberland County,Fayetteville,35.066666666667,-78.9175,35.050192,-78.828719,seat,21853.0,519097.3,2.545674789,91346.7,2118465.5,2.545674789
37053,NC,Currituck County,Currituck,36.4397,-76.0053,36.372174,-75.941224,seat,16965.7,378450.1,183.880008,99132.0,2357405.3,183.880008
37055,NC,Dare County,Manteo,35.904722222222,-75.669444444444,35.606269,-75.767536,seat,21606.2,462454.1,30.45474315,103361.9,2399397.5,30.45474315
37057,NC,Davidson County,Lexington,35.816666666667,-80.258611111111,35.795131,-80.207107,seat,23590.3,546053.1,4.206068724,84411.0,1970534.5,4.206068724
37059,NC,Davie County,Mocksville,35.896388888889,-80.561944444444,35.929355,-80.542552,seat,24990.2,575504.6,7.414209956,83508.6,1978476.5,7.414209956
37061,NC,Duplin County,Kenansville,34.962222222222,-77.965555555556,34.934403,-77.933543,seat,21331.7,497879.8,60.18118402,95184.3,2219588.0,60.18118402
37063,NC,Durham County,Durham,35.994166666667,-78.898611111111,36.033828,-78.878125,seat,17838.9,414485.5,27.19316697,88205.8,2058299.5,27.19316697
37065,NC,Edgecombe County,Tarboro,35.902777777778,-77.545833333333,35.917077,-77.602742,seat,17017.9,393186.6,37.92981767,94716.8,2213052.0,37.92981767
37067,NC,Forsyth County,Winston-Salem,36.1025,-80.260555555556,36.132466,-80.256961,seat,23418.8,542219.4,3.49929737,82760.3,1933098.3,3.49929737
37069,NC,Franklin County,Louisburg,36.1003,-78.2989,36.088241,-78.28309,seat,16749.3,381459.2,56.22485617,91583.0,2118522.5,56.22485617
37071,NC,Gaston County,Gastonia,35.255277777778,-81.180277777778,35.293344,-81.177256,seat,28677.4,669654.4,27.94922427,81922.7,1933290.5,27.94922427
37073,NC,Gates County,Gatesville,36.4044,-76.7583,36.442135,-76.702355,seat,16802.6,351066.4,0.6658013898,98733.5,2312563.5,0.6658013898
37075,NC,Graham County,Robbinsville,35.322777777778,-83.807777777778,35.348364,-83.830915,seat,39078.6,906012.5,5.143076444,73143.5,1677169.0,5.143076444
37077,NC,Granville County,Oxford,36.311944444444,-78.590833333333,36.299884,-78.657634,seat,15935.4,369182.6,18.53816678,90031.1,2102101.5,18.53816678
37079,NC,Greene County,Snow Hill,35.45,-77.6667,35.481959,-77.681688,seat,19246.3,453023.0,18.83692084,95011.4,2212784.0,18.83692084
37081,NC,Guilford County,Martinsville,36.1327,-79.8423,36.079065,-79.788665,seat,22324.2,514061.1,240.2265202,84843.7,1976558.8,240.2265202
37083,NC,Halifax County,Halifax,36.3283,-77.5908,36.251438,-77.644842,seat,13948.9,328793.5,23.6002753,94733.0,2208953.5,23.6002753
37085,NC,Harnett County,Lillington,35.398611111111,-78.813611111111,35.36866,-78.871665,seat,21128.2,493746.4,3.494287925,90201.7,2097869.5,3.494287925
37087,NC,Haywood County,Waynesville,35.494444,-82.990556,35.558882,-82.981307,seat,34237.7,805423.4,8.932512757,73803.7,1752957.0,8.932512757
37089,NC,Henderson County,Hendersonville,35.320555555556,-82.461666666667,35.336427,-82.479583,seat,33888.1,798131.7,17.21419467,76301.5,1809226.8,17.21419467
37091,NC,Hertford County,Winton,36.39,-76.935833333333,36.363517,-76.981616,seat,16080.3,350110.1,54.18841682,97961.5,2264150.8,54.18841682
37093,NC,Hoke County,Raeford,34.981666666667,-79.2275,35.017233,-79.241964,seat,23506.1,556464.5,77.80757559,91375.3,2116295.5,77.80757559
37095,NC,Hyde County,Swan Quarter,35.406277777778,-76.329086111111,35.408157,-76.153687,seat,23727.5,511292.0,5.835293505,101533.5,2346717.5,5.835293505
37097,NC,Iredell County,Statesville,35.786666666667,-80.878611111111,35.806251,-80.874524,seat,26197.8,609259.4,19.58970975,82188.5,1946774.5,19.58970975
37099,NC,Jackson County,Sylva,35.3742,-83.2178,35.285454,-83.123966,seat,35518.6,832746.4,30.34049353,75084.6,1780280.3,30.34049353
37101,NC,Johnston County,Smithfield,35.509166666667,-78.346388888889,35.513419,-78.367348,seat,18578.1,443502.9,2.713269272,92010.4,2136981.8,2.713269272
37103,NC,Jones County,Trenton,35.063611111111,-77.356111111111,35.032268,-77.356195,seat,22196.3,524537.3,47.25930475,97332.8,2256209.5,47.25930475
37105,NC,Lee County,Sanford,35.4758,-79.1756,35.476336,-79.172117,seat,21062.5,491000.3,48.62821895,88476.0,2061126.5,48.62821895
37107,NC,Lenoir County,Kinston,35.270555555556,-77.585,35.240066,-77.635514,seat,20354.9,486866.6,38.79771272,95491.4,2218539.0,38.79771272
37109,NC,Lincoln County,Lincolnton,35.474166666667,-81.242777777778,35.488491,-81.226893,seat,29206.2,659038.8,74.60171905,81575.1,1932333.3,74.60171905
37111,NC,McDowell County,Marion,35.683055555556,-82.005833333333,35.682271,-82.048044,seat,30819.6,716223.8,27.05902536,77674.3,1838774.8,27.05902536
37113,NC,Macon County,Franklin,35.1811,-83.3817,35.152959,-83.421901,seat,37338.5,866298.9,36.40913005,75163.2,1744990.3,36.40913005
37115,NC,Madison County,Marshall,35.7999,-82.6748,35.864206,-82.712631,seat,32067.0,750068.0,23.62227011,74136.0,1743462.8,23.62227011
37117,NC,Martin County,Williamston,35.851388888889,-77.0625,35.847301,-77.119602,seat,18303.9,408941.5,50.50390528,96533.0,2258303.3,50.50390528
37119,NC,Mecklenburg County,Charlotte,35.226944444444,-80.843333333333,35.246862,-80.833832,seat,27338.8,638368.1,8.010061961,83457.2,1967700.0,8.010061961
37121,NC,Mitchell County,Bakersville,36.0139,-82.1558,36.013102,-82.163554,seat,30880.7,705716.2,42.83157768,76952.7,1792492.8,42.83157768
37123,NC,Montgomery County,Troy,35.360555555556,-79.896388888889,35.327548,-79.910752,seat,25046.2,565016.5,23.53630785,87751.4,2043076.0,23.53630785
37125,NC,Moore County,Carthage,35.34599,-79.41697,35.308273,-79.492723,seat,22378.1,517167.3,9.284871865,88852.0,2064767.0,9.284871865
37127,NC,Nash County,Nashville,35.969444444444,-77.961388888889,35.965945,-77.987555,seat,15920.3,378994.8,16.5416762,92844.7,2168607.3,16.5416762
37129,NC,New Hanover County,Wilmington,34.223333333333,-77.912222222222,34.183445,-77.864204,seat,25056.0,594358.3,4.706514033,98106.6,2289886.8,4.706514033
37131,NC,Northampton County,Jackson,36.390277777778,-77.422222222222,36.421774,-77.398352,seat,14185.7,332807.3,25.31614911,95303.2,2218240.5,25.31614911
37133,NC,Onslow County,Jacksonville,34.759722222222,-77.409722222222,34.763109,-77.499469,seat,23999.5,552878.6,51.65044248,98540.6,2282101.8,51.65044248
37135,NC,Orange County,Hillsborough,36.070555555556,-79.104166666667,36.062525,-79.120033,seat,18741.1,433817.5,27.59602314,87469.6,2038837.3,27.59602314
37137,NC,Pamlico County,Bayboro,35.1442,-76.7708,35.147575,-76.665268,seat,23273.1,526714.6,5.676411076,99240.7,2301888.3,5.676411076
37139,NC,Pasquotank County,Elizabeth City,36.295555555556,-76.225,36.265199,-76.260691,seat,17036.6,381576.7,14.78353152,99202.9,2360531.8,14.78353152
37141,NC,Pender County,Burgaw,34.5521113,-77.926098,34.512556,-77.888106,seat,23231.1,553743.8,52.67354449,96530.9,2255667.3,52.67354449
37143,NC,Perquimans County,Hertford,36.187222222222,-76.472222222222,36.180897,-76.403244,seat,17941.3,401152.4,41.61171828,100084.7,2334902.3,41.61171828
37145,NC,Person County,Roxboro,36.391666666667,-78.981944444444,36.386356,-78.96563,seat,18185.6,410896.8,55.84917055,88939.6,2046831.3,55.84917055
37147,NC,Pitt County,Greenville,35.601666666667,-77.3725,35.59249,-77.372739,seat,19028.9,444172.5,12.14742334,95318.3,2227723.3,12.14742334
37149,NC,Polk County,Columbus,35.2506,-82.2022,35.277901,-82.167621,seat,33148.6,768846.6,42.70879917,77361.8,1834442.3,42.70879917
37151,NC,Randolph County,Asheboro,35.715277777778,-79.813055555556,35.709915,-79.806215,seat,22977.3,535816.3,32.18904297,85655.7,2001958.8,32.18904297
37153,NC,Richmond County,Rockingham,34.939444444444,-79.761111111111,35.004636,-79.755695,seat,25001.5,578091.5,35.81896415,89162.3,2083158.5,35.81896415
37155,NC,Robeson County,Lumberton,34.6272,-79.0119,34.63921,-79.100881,seat,23638.0,565110.8,22.65545391,92829.5,2171933.3,22.65545391
37157,NC,Rockingham County,Wentworth,36.4,-79.774444444444,36.381806,-79.782754,seat,21094.5,447004.3,1.96175189,85482.5,1976812.5,1.96175189
37159,NC,Rowan County,Salisbury,35.668333333333,-80.478611111111,35.641355,-80.521721,seat,24671.4,576806.9,57.18566174,84339.0,1987041.5,57.18566174
37161,NC,Rutherford County,Rutherfordton,35.366388888889,-81.958888888889,35.402747,-81.919582,seat,32101.2,735176.1,12.11235457,78878.5,1869832.3,12.11235457
37163,NC,Sampson County,Clinton,35.0025,-78.3289,34.989298,-78.371261,seat,21311.7,500946.5,12.54579732,94011.6,2168472.8,12.54579732
37165,NC,Scotland County,Laurinburg,34.764722222222,-79.470277777778,34.840023,-79.477337,seat,25314.1,590736.0,53.94470856,90658.5,2120105.0,53.94470856
37167,NC,Stanly County,Albemarle,35.358333333333,-80.195277777778,35.310449,-80.254374,seat,26090.0,596256.6,61.07412369,87099.9,2034555.3,61.07412369
37169,NC,Stokes County,Danbury,36.409444444444,-80.208888888889,36.393797,-80.269921,seat,23877.3,527647.1,38.16904619,82666.7,1923902.3,38.16904619
37171,NC,Surry County,Dobson,36.3917,-80.7211,36.415416,-80.686463,seat,23796.5,559012.9,48.25240828,80927.1,1891687.3,48.25240828
37173,NC,Swain County,Bryson City,35.4269,-83.4478,35.568849,-83.465614,seat,36839.6,860758.5,16.44764606,74878.0,1744177.5,16.44764606
37175,NC,Transylvania County,Brevard,35.2417,-82.7286,35.210103,-82.816666,seat,34691.8,810654.8,12.03585238,77105.2,1821749.8,12.03585238
37177,NC,Tyrrell County,Columbia,35.917777777778,-76.249722222222,35.87042,-76.165345,seat,20673.1,457994.7,19.64554091,100241.3,2340331.0,19.64554091
37179,NC,Union County,Monroe,34.988888888889,-80.549722222222,34.99182,-80.530426,seat,28302.9,661931.9,12.95172654,85313.5,2007957.8,12.95172654
37181,NC,Vance County,Henderson,36.3258743,-78.4155472,36.365481,-78.405434,seat,15429.9,354278.5,12.07942235,90638.5,2116971.5,12.07942235
37183,NC,Wake County,Raleigh,35.78,-78.64,35.789846,-78.650624,seat,18912.6,420840.8,8.686614346,89987.8,2094450.8,8.686614346
37185,NC,Warren County,Warrenton,36.4003,-78.1569,36.398105,-78.099899,seat,14957.5,340113.2,26.30465856,91944.6,2146934.5,26.30465856
37187,NC,Washington County,Plymouth,35.859722222222,-76.747777777778,35.844713,-76.572291,seat,20114.8,442013.3,30.9333309,98135.1,2291181.5,30.9333309
37189,NC,Watauga County,Boone,36.21679,-81.67455,36.235368,-81.709888,seat,28156.8,644048.1,13.83428975,78186.0,1819965.8,13.83428975
37191,NC,Wayne County,Goldsboro,35.383888888889,-77.995,35.35419,-78.00867,seat,18573.6,445825.3,4.973971659,93741.5,2173759.8,4.973971659
37193,NC,Wilkes County,Wilkesboro,36.1425,-81.1625,36.208883,-81.166095,seat,26068.4,607872.3,65.22949453,81054.4,1872583.8,65.22949453
37195,NC,Wilson County,Wilson,35.731055555556,-77.928305555556,35.700357,-77.921598,seat,17117.1,406745.7,112.4798048,93083.9,2169650.5,112.4798048
37197,NC,Yadkin County,Yadkinville,36.132777777778,-80.660833333333,36.158765,-80.665164,seat,25062.8,580390.1,36.89734841,82472.8,1931897.5,36.89734841
37199,NC,Yancey County,Burnsville,35.9186,-82.2975,35.889326,-82.303954,seat,31685.5,716368.1,11.77073556,76438.6,1787379.0,11.77073556
38001,ND,Adams County,Hettinger,46.000833333333,-102.63333333333,46.096815,-102.533198,seat,111213.0,2614814.0,12.23570753,44203.2,965730.6,12.23570753
38003,ND,Barnes County,Valley City,46.924722222222,-98.005555555556,46.94255,-98.070195,seat,93652.1,2255216.0,7.896332296,40321.7,998116.8,7.896332296
38005,ND,Benson County,Minnewaukan,48.066666666667,-99.25,48.071743,-99.351152,seat,102377.7,2466159.0,20.02655613,46688.6,1001259.3,20.02655613
38007,ND,Billings County,Medora,46.914166666667,-103.525,47.007044,-103.364016,seat,109064.0,2684004.3,7.003670842,50508.6,1196028.8,7.003670842
38009,ND,Bottineau County,Bottineau,48.833333333333,-100.45,48.794412,-100.831257,seat,108110.9,2595572.5,47.06840315,53131.0,1154831.6,47.06840315
38011,ND,Bowman County,Bowman,46.181666666667,-103.40027777778,46.110144,-103.505943,seat,112108.1,2750819.5,10.88784025,45165.7,1074771.5,10.88784025
38013,ND,Burke County,Bowbells,48.8038,-102.2462,48.786453,-102.520087,seat,112610.1,2697179.0,4.800031618,55291.6,1252250.5,4.800031618
38015,ND,Burleigh County,Bismarck,46.808333333333,-100.78375,46.978829,-100.469533,seat,101330.7,2471855.8,23.45744412,43485.7,974566.8,23.45744412
38017,ND,Cass County,Fargo,46.877222222222,-96.789444444444,46.927003,-97.252375,seat,90200.5,2160595.8,25.91928672,37328.6,912118.4,25.91928672
38019,ND,Cavalier County,Langdon,48.761666666667,-98.371666666667,48.768439,-98.46379,seat,102225.2,2469879.3,23.75013925,48835.3,1212430.4,23.75013925
38021,ND,Dickey County,Ellendale,46.003055555556,-98.523055555556,46.107756,-98.496518,seat,96606.6,2262434.8,54.01983364,34778.4,749561.3,54.01983364
38023,ND,Divide County,Crosby,48.9125,-103.29472222222,48.814754,-103.509326,seat,116459.6,2784944.5,6.22704931,59141.1,1340015.9,6.22704931
38025,ND,Dunn County,Manning,47.229166666667,-102.76916666667,47.354557,-102.612322,seat,108918.3,2663807.0,2.423555949,51073.3,1166518.0,2.423555949
38027,ND,Eddy County,New Rockford,47.680555555556,-99.136111111111,47.723436,-98.900474,seat,100096.4,2409405.0,6.893816829,43878.3,949866.6,6.893816829
38029,ND,Emmons County,Linton,46.268333333333,-100.23222222222,46.284255,-100.237842,seat,102674.7,2497041.8,10.17438084,39135.4,869484.4,10.17438084
38031,ND,Foster County,Carrington,47.45,-99.123888888889,47.471431,-98.872876,seat,98799.0,2383321.0,6.337714085,42580.9,923782.7,6.337714085
38033,ND,Golden Valley County,Beach,46.915833333333,-104.00444444444,46.938924,-103.844612,seat,110512.1,2724228.5,33.49663539,51956.7,1236253.3,33.49663539
38035,ND,Grand Forks County,Grand Forks,47.925277777778,-97.0325,47.926003,-97.450851,seat,95042.5,2291090.5,1.559225059,41652.6,1033641.4,1.559225059
38037,ND,Grant County,Carson,46.420833333333,-101.56694444444,46.357827,-101.639049,seat,105953.6,2572229.5,42.92695441,44093.5,984668.9,42.92695441
38039,ND,Griggs County,Cooperstown,47.445,-98.123333333333,47.456334,-98.232286,seat,96407.3,2308465.5,10.00640594,43017.4,1051016.6,10.00640594
38041,ND,Hettinger County,Mott,46.373611111111,-102.325,46.435704,-102.454238,seat,108748.9,2632858.0,17.1817142,46888.8,1045297.7,17.1817142
38043,ND,Kidder County,Steele,46.856066,-99.916606,46.938273,-99.731198,seat,98840.2,2403274.8,33.35360146,42622.1,943736.5,33.35360146
38045,ND,LaMoure County,LaMoure,46.358611111111,-98.293611111111,46.464195,-98.526057,seat,95554.9,2262240.5,2.112014218,38115.0,822986.0,2.112014218
38047,ND,Logan County,Napoleon,46.504722222222,-99.766944444444,46.469278,-99.504585,seat,100408.8,2431961.5,9.00408732,41606.1,901652.3,9.00408732
38049,ND,McHenry County,Towner,48.345277777778,-100.40611111111,48.233842,-100.633267,seat,105748.8,2550998.3,12.60642464,49927.3,1118876.0,12.60642464
38051,ND,McIntosh County,Ashley,46.035,-99.373611111111,46.108682,-99.416487,seat,99706.4,2331311.5,3.779954538,37805.5,817573.3,3.779954538
38053,ND,McKenzie County,Watford City,47.8025,-103.28055555556,47.742475,-103.403215,seat,112661.4,2763197.0,20.29177074,54058.9,1275169.6,20.29177074
38055,ND,McLean County,Washburn,47.291388888889,-101.02777777778,47.653206,-101.421914,seat,103832.0,2530200.0,5.874954813,45987.0,1032911.0,5.874954813
38057,ND,Mercer County,Stanton,47.319444444444,-101.3825,47.307147,-101.833328,seat,105392.2,2561747.5,11.19005903,47547.2,1064458.8,11.19005903
38059,ND,Morton County,Mandan,46.828888888889,-100.89111111111,46.710029,-101.310041,seat,101659.5,2478365.5,4.738743416,43814.5,981076.7,4.738743416
38061,ND,Mountrail County,Stanley,48.314722222222,-102.38833333333,48.210073,-102.364895,seat,111594.1,2675259.5,2.224663173,54275.6,1230331.3,2.224663173
38063,ND,Nelson County,Lakota,48.041666666667,-98.344444444444,47.918667,-98.204428,seat,98833.3,2385840.5,20.27402187,45443.4,1128391.4,20.27402187
38065,ND,Oliver County,Center,47.115,-101.30027777778,47.118079,-101.33142,seat,104052.7,2534746.0,42.69114619,46207.7,1037456.9,42.69114619
38067,ND,Pembina County,Cavalier,48.795277777778,-97.623333333333,48.766896,-97.545405,seat,99716.2,2417755.0,37.58741725,46326.3,1160306.1,37.58741725
38069,ND,Pierce County,Rugby,48.367222222222,-99.996111111111,48.238883,-99.966497,seat,104520.7,2521086.0,0.1481658609,49540.8,1080345.1,0.1481658609
38071,ND,Ramsey County,Devils Lake,48.116666666667,-98.866666666667,48.266163,-98.739031,seat,100733.1,2428154.0,7.29560048,47343.2,1170705.0,7.29560048
38073,ND,Ransom County,Lisbon,46.439166666667,-97.683611111111,46.449276,-97.647554,seat,93630.7,2219666.3,8.533080475,38609.0,929663.9,8.533080475
38075,ND,Renville County,Mohall,48.765,-101.51111111111,48.712781,-101.658152,seat,111433.9,2679320.0,14.70016399,54270.2,1219702.6,14.70016399
38077,ND,Richland County,Wahpeton,46.265888888889,-96.608861111111,46.265219,-96.93796,seat,88749.8,2111781.8,16.56234683,35311.8,857003.9,16.56234683
38079,ND,Rolette County,Rolla,48.859722222222,-99.615277777778,48.768271,-99.840463,seat,106472.8,2568198.0,30.3886298,52809.1,1126222.1,30.3886298
38081,ND,Sargent County,Forman,46.105277777778,-97.637222222222,46.108204,-97.630051,seat,93005.3,2207098.0,9.661724106,36831.0,883158.3,9.661724106
38083,ND,Sheridan County,McClusky,47.484166666667,-100.44222222222,47.581359,-100.330986,seat,103476.4,2509030.5,20.88747218,45799.2,1022753.3,20.88747218
38085,ND,Sioux County,Fort Yates,46.085,-100.63027777778,46.110618,-101.061284,seat,106406.9,2577936.5,11.67129866,40952.7,902863.5,11.67129866
38087,ND,Slope County,Amidon,46.483055555556,-103.32222222222,46.445834,-103.462462,seat,110357.6,2712573.5,3.457686898,46889.2,1113152.0,3.457686898
38089,ND,Stark County,Dickinson,46.883611111111,-102.78888888889,46.817031,-102.662026,seat,106932.6,2627636.5,25.36240081,49087.6,1130347.8,25.36240081
38091,ND,Steele County,Finley,47.512777777778,-97.836944444444,47.451062,-97.71892,seat,95780.6,2293769.0,28.66639142,42390.7,1036319.9,28.66639142
38093,ND,Stutsman County,Jamestown,46.910555555556,-98.708444444444,46.972223,-98.956123,seat,95685.3,2310824.5,8.085313861,39565.1,853394.3,8.085313861
38095,ND,Towner County,Cando,48.488611111111,-99.204444444444,48.682183,-99.248158,seat,103373.8,2483304.5,1.848443579,49552.1,1055472.1,1.848443579
38097,ND,Traill County,Hillsboro,47.40387,-97.06203,47.446271,-97.164636,seat,92701.4,2229005.0,12.14562624,39311.5,971556.1,12.14562624
38099,ND,Walsh County,Grafton,48.416111111111,-97.410555555556,48.376979,-97.72223,seat,97595.0,2360413.0,9.120238082,44205.1,1102964.1,9.120238082
38101,ND,Ward County,Minot,48.2325,-101.29627777778,48.216686,-101.540537,seat,108021.9,2588496.0,5.205357412,50710.9,1144987.3,5.205357412
38103,ND,Wells County,Fessenden,47.649722222222,-99.626111111111,47.580851,-99.682213,seat,101515.7,2443159.5,13.09131629,45297.6,983621.3,13.09131629
38105,ND,Williams County,Williston,48.156388888889,-103.62805555556,48.355765,-103.501333,seat,115861.1,2835566.5,13.04487283,57258.6,1347539.0,13.04487283
39001,OH,Adams County,West Union,38.7939,-83.5436,38.834468,-83.478082,seat,32308.2,730406.6,28.5303839,61392.0,1425088.8,28.5303839
39003,OH,Allen County,Lima,40.74,-84.105,40.771627,-84.106103,seat,34729.1,803248.3,11.82090292,59462.1,1366608.5,11.82090292
39005,OH,Ashland County,Ashland,40.866944444444,-82.315277777778,40.843273,-82.270127,seat,27750.9,634613.2,13.87048272,66184.0,1538981.0,13.87048272
39007,OH,Ashtabula County,Jefferson,41.7372,-80.7719,41.906637,-80.745592,seat,24984.9,564696.1,36.88092736,71631.0,1725262.5,36.88092736
39009,OH,Athens County,Athens,39.329166666667,-82.101111111111,39.332755,-82.045885,seat,24994.5,569815.6,1.46628148,66057.7,1529304.3,1.46628148
39011,OH,Auglaize County,Wapakoneta,40.569167,-84.194167,40.561309,-84.224018,seat,34975.2,812014.7,7.797062645,58328.7,1340031.3,7.797062645
39013,OH,Belmont County,St. Clairsville,40.0794,-80.9014,40.017682,-80.967727,seat,20999.7,483084.9,13.36145304,68390.9,1599176.5,13.36145304
39015,OH,Brown County,Georgetown,38.8669,-83.9025,38.931377,-83.866772,seat,34203.8,762829.6,63.32292589,59721.6,1383125.8,63.32292589
39017,OH,Butler County,Hamilton,39.395833333333,-84.565,39.439747,-84.565734,seat,35575.7,828967.5,37.81203377,56270.1,1318357.6,37.81203377
39019,OH,Carroll County,Carrollton,40.578611111111,-81.086666666667,40.579884,-81.090787,seat,23744.4,505994.8,28.74242628,70857.0,1625097.5,28.74242628
39021,OH,Champaign County,Urbana,40.1108,-83.7514,40.132775,-83.767604,seat,32190.1,740929.6,4.011847642,58702.6,1359492.3,4.011847642
39023,OH,Clark County,Springfield,39.926944444444,-83.804166666667,39.917032,-83.783676,seat,31674.9,740988.8,18.71693664,57856.9,1340280.9,18.71693664
39025,OH,Clermont County,Batavia,39.0772,-84.1792,39.052054,-84.149485,seat,34854.1,782218.9,15.2020883,57895.4,1353854.1,15.2020883
39027,OH,Clinton County,Wilmington,39.4458,-83.8292,39.416681,-83.804583,seat,32744.8,766772.9,23.33418801,59314.4,1380150.5,23.33418801
39029,OH,Columbiana County,Lisbon,40.7739,-80.7675,40.770073,-80.778455,seat,22286.4,485670.8,1.66574342,72461.4,1735153.5,1.66574342
39031,OH,Coshocton County,Coshocton,40.2678,-81.8567,40.29671,-81.930109,seat,26339.0,593905.0,5.668781081,66154.2,1531213.6,5.668781081
39033,OH,Crawford County,Bucyrus,40.8061,-82.9731,40.848524,-82.924783,seat,30298.5,696119.9,26.06641259,64028.9,1474658.6,26.06641259
39035,OH,Cuyahoga County,Cleveland,41.499166666667,-81.694722222222,41.555037,-81.604957,seat,26000.1,595572.4,3.515281531,67539.2,1634529.6,3.515281531
39037,OH,Darke County,Greenville,40.1025,-84.6281,40.131467,-84.621191,seat,35314.2,829428.9,18.97772789,56208.7,1298124.8,18.97772789
39039,OH,Defiance County,Defiance,41.2819,-84.3628,41.321679,-84.486433,seat,35287.2,828913.8,8.061410082,59750.4,1423612.1,8.061410082
39041,OH,Delaware County,Delaware,40.298888888889,-83.071944444444,40.278941,-83.007462,seat,30236.2,691492.5,4.33898691,61529.0,1425360.6,4.33898691
39043,OH,Erie County,Sandusky,41.4467,-82.7092,41.394143,-82.586835,seat,29096.1,672816.8,35.55914523,63954.8,1547055.6,35.55914523
39045,OH,Fairfield County,Lancaster,39.719297,-82.605293,39.747694,-82.626685,seat,27877.7,637328.6,10.88931764,62971.9,1457505.8,10.88931764
39047,OH,Fayette County,Washington Court House,39.5364,-83.4356,39.555246,-83.461893,seat,31790.1,730383.9,0.6807164638,60372.9,1387548.5,0.6807164638
39049,OH,Franklin County,Columbus,39.962222222222,-83.000555555556,39.969875,-83.009086,seat,28742.2,670510.5,2.125157713,60761.7,1410678.1,2.125157713
39051,OH,Fulton County,Wauseon,41.5522,-84.1392,41.597264,-84.124267,seat,33893.0,797354.3,55.71148508,58749.3,1417444.0,55.71148508
39053,OH,Gallia County,Gallipolis,38.8153,-82.1975,38.817046,-82.301746,seat,26272.9,599858.6,29.3061128,66584.3,1530064.3,29.3061128
39055,OH,Geauga County,Chardon,41.579166666667,-81.204444444444,41.499322,-81.173505,seat,25524.7,574098.8,24.01907493,70213.5,1681096.4,24.01907493
39057,OH,Greene County,Xenia,39.6836,-83.9381,39.687479,-83.894894,seat,32797.6,766177.1,3.138253652,58162.1,1333426.6,3.138253652
39059,OH,Guernsey County,Cambridge,40.025,-81.586666666667,40.056665,-81.497875,seat,23593.4,546998.8,12.04075022,66062.5,1538828.3,12.04075022
39061,OH,Hamilton County,Cincinnati,39.1,-84.5125,39.196927,-84.544187,seat,35836.8,838542.9,1.700847557,56090.8,1315854.8,1.700847557
39063,OH,Hancock County,Findlay,41.042777777778,-83.642222222222,41.000217,-83.665947,seat,33311.7,766091.9,0.3331631734,61609.5,1420292.4,0.3331631734
39065,OH,Hardin County,Kenton,40.647222222222,-83.608055555556,40.660415,-83.664077,seat,33505.9,773022.8,5.336280394,61483.9,1394978.0,5.336280394
39067,OH,Harrison County,Cadiz,40.27056,-80.99556,40.292318,-81.091565,seat,22404.2,504888.8,29.4180747,69204.9,1604437.8,29.4180747
39069,OH,Henry County,Napoleon,41.391944444444,-84.126666666667,41.331584,-84.0689,seat,34211.2,805195.1,24.97985124,59662.7,1430906.5,24.97985124
39071,OH,Highland County,Hillsboro,39.2058,-83.6139,39.184422,-83.601359,seat,33542.0,724421.1,13.60548981,60573.5,1398681.3,13.60548981
39073,OH,Hocking County,Logan,39.5392,-82.4061,39.490342,-82.483447,seat,26576.8,607474.4,20.10304589,64238.3,1490745.5,20.10304589
39075,OH,Holmes County,Millersburg,40.55472,-81.91778,40.565597,-81.930001,seat,27507.5,587422.4,38.79959903,67462.8,1543164.5,38.79959903
39077,OH,Huron County,Norwalk,41.2431,-82.6114,41.14508,-82.594641,seat,28779.5,667622.3,21.71701734,64454.8,1557725.3,21.71701734
39079,OH,Jackson County,Jackson,39.0508,-82.6397,39.013477,-82.614142,seat,28044.2,631455.3,9.343474378,64270.6,1480188.3,9.343474378
39081,OH,Jefferson County,Steubenville,40.365277777778,-80.631111111111,40.399384,-80.763527,seat,21094.3,455136.4,24.99513213,71063.8,1643482.8,24.99513213
39083,OH,Knox County,Mount Vernon,40.3928,-82.4811,40.40362,-82.422393,seat,28825.0,651520.8,19.71790269,64623.8,1485413.9,19.71790269
39085,OH,Lake County,Painesville,41.722777777778,-81.249722222222,41.778142,-81.19733,seat,26524.9,587878.8,22.41797642,69697.1,1680479.5,22.41797642
39087,OH,Lawrence County,Ironton,38.5308,-82.6783,38.603866,-82.517186,seat,28052.0,653646.0,17.55912686,65344.3,1552873.8,17.55912686
39089,OH,Licking County,Newark,40.063014,-82.416779,40.091505,-82.483435,seat,27149.6,625688.9,7.271754739,63449.3,1470900.9,7.271754739
39091,OH,Logan County,Bellefontaine,40.3608,-83.7581,40.387553,-83.766343,seat,32581.9,762610.4,20.02673621,60380.6,1388012.0,20.02673621
39093,OH,Lorain County,Elyria,41.373333333333,-82.101666666667,41.438805,-82.179722,seat,26744.0,619148.4,33.76259363,65874.3,1596252.9,33.76259363
39095,OH,Lucas County,Toledo,41.652777777778,-83.537777777778,41.682321,-83.468903,seat,32145.9,752815.3,1.848333237,60805.2,1466980.5,1.848333237
39097,OH,Madison County,London,39.887466,-83.445041,39.89661,-83.400887,seat,30632.0,713504.1,12.20938002,59398.5,1374790.8,12.20938002
39099,OH,Mahoning County,Youngstown,41.096388888889,-80.649166666667,41.01088,-80.770396,seat,21483.7,488067.4,4.056420979,71176.3,1727222.0,4.056420979
39101,OH,Marion County,Marion,40.588611111111,-83.128888888889,40.588034,-83.168803,seat,31673.1,716393.5,3.056318367,62789.3,1441789.0,3.056318367
39103,OH,Medina County,Medina,41.13583,-81.86389,41.116174,-81.899764,seat,25918.2,595119.2,9.322001183,67692.2,1636074.8,9.322001183
39105,OH,Meigs County,Pomeroy,39.0281,-82.0319,39.089807,-82.028397,seat,24846.3,568332.8,23.14415929,67838.5,1568343.1,23.14415929
39107,OH,Mercer County,Celina,40.551388888889,-84.57,40.535333,-84.632059,seat,36285.5,844499.6,5.108804038,56864.5,1307490.0,5.108804038
39109,OH,Miami County,Troy,40.0417,-84.2086,40.053326,-84.228413,seat,33951.5,790710.3,13.36702027,57446.9,1325832.0,13.36702027
39111,OH,Monroe County,Woodsfield,39.7636,-81.1147,39.726253,-81.090983,seat,22698.7,491248.0,3.438542708,69594.7,1615017.3,3.438542708
39113,OH,Montgomery County,Dayton,39.766666666667,-84.2,39.753736,-84.290591,seat,33385.6,783483.2,33.42466622,56664.9,1308039.5,33.42466622
39115,OH,Morgan County,McConnelsville,39.64889,-81.85194,39.624946,-81.861697,seat,25830.4,579445.1,5.499470014,66783.8,1543082.0,5.499470014
39117,OH,Morrow County,Mount Gilead,40.5522,-82.8317,40.525266,-82.797729,seat,30343.0,698403.1,13.13790151,63798.0,1465386.8,13.13790151
39119,OH,Muskingum County,Zanesville,39.9461,-82.0122,39.966046,-81.943506,seat,25076.2,583484.1,39.49143087,64399.8,1499152.3,39.49143087
39121,OH,Noble County,Caldwell,39.7475,-81.516111111111,39.767232,-81.452493,seat,24195.6,560924.8,26.98680672,67363.9,1572590.5,26.98680672
39123,OH,Ottawa County,Port Clinton,41.5097,-82.9403,41.545495,-83.012613,seat,29944.7,696765.0,65.8699301,63203.1,1523466.6,65.8699301
39125,OH,Paulding County,Paulding,41.1417,-84.5814,41.118948,-84.582125,seat,36480.8,856125.5,44.53390296,59074.2,1324329.8,44.53390296
39127,OH,Perry County,New Lexington,39.715833,-82.210556,39.743187,-82.237952,seat,27240.3,617520.7,25.74044428,64952.0,1500290.0,25.74044428
39129,OH,Pickaway County,Circleville,39.6031,-82.9392,39.648947,-83.052827,seat,29869.9,668396.8,52.25527702,62715.0,1449793.3,52.25527702
39131,OH,Pike County,Waverly,39.1261,-82.9831,39.071341,-83.052911,seat,30040.2,672789.4,11.77581289,63450.7,1475147.3,11.77581289
39133,OH,Portage County,Ravenna,41.158611111111,-81.243333333333,41.16897,-81.196962,seat,23365.8,533244.9,19.66685033,69109.4,1673088.4,19.66685033
39135,OH,Preble County,Eaton,39.7475,-84.6339,39.73881,-84.644758,seat,35184.7,825035.4,22.29231712,54959.0,1269715.6,22.29231712
39137,OH,Putnam County,Ottawa,41.0208,-84.0414,41.024533,-84.129879,seat,35323.1,804789.9,3.784652406,60991.8,1374252.3,3.784652406
39139,OH,Richland County,Mansfield,40.754856,-82.522855,40.774159,-82.542781,seat,28701.4,656865.0,1.335266107,65210.9,1516345.3,1.335266107
39141,OH,Ross County,Chillicothe,39.336388888889,-82.983888888889,39.323895,-83.059538,seat,30135.4,662516.8,54.80761194,62170.2,1432447.5,54.80761194
39143,OH,Sandusky County,Fremont,41.3489,-83.1172,41.355319,-83.142776,seat,30113.8,706960.3,8.53766953,62332.5,1510567.9,8.53766953
39145,OH,Scioto County,Portsmouth,38.743055555556,-82.965555555556,38.814889,-82.998675,seat,29834.0,695114.4,0.2608821761,64560.8,1487015.4,0.2608821761
39147,OH,Seneca County,Tiffin,41.1169,-83.1789,41.119992,-83.127547,seat,31358.7,718640.1,23.71599716,63892.7,1533920.5,23.71599716
39149,OH,Shelby County,Sidney,40.289722222222,-84.161111111111,40.33668,-84.204142,seat,34861.1,804239.4,7.909678911,58572.4,1355744.9,7.909678911
39151,OH,Stark County,Canton,40.8,-81.375,40.814131,-81.365667,seat,24929.7,544446.7,0.6873314586,69611.3,1616129.3,0.6873314586
39153,OH,Summit County,Akron,41.073055555556,-81.517777777778,41.121847,-81.534928,seat,24319.9,557947.5,10.25589278,68970.9,1670143.5,10.25589278
39155,OH,Trumbull County,Warren,41.238333333333,-80.814444444444,41.306374,-80.7704,seat,22641.5,513175.1,9.64512637,70466.7,1706173.5,9.64512637
39157,OH,Tuscarawas County,New Philadelphia,40.4894,-81.4472,40.447439,-81.471166,seat,25035.5,541057.3,32.7167993,68607.6,1588481.6,32.7167993
39159,OH,Union County,Marysville,40.233888888889,-83.366388888889,40.295901,-83.367042,seat,30959.2,723454.6,16.56558263,60381.5,1396214.8,16.56558263
39161,OH,Van Wert County,Van Wert,40.867777777778,-84.583333333333,40.85552,-84.585775,seat,36167.8,840927.5,32.29393459,58388.3,1327364.4,32.29393459
39163,OH,Vinton County,McArthur,39.24694,-82.47944,39.252042,-82.485961,seat,27259.6,611083.9,12.8108284,64809.9,1483136.6,12.8108284
39165,OH,Warren County,Lebanon,39.426666666667,-84.2125,39.425663,-84.16994,seat,33923.0,794200.8,81.94540012,57621.0,1348563.0,81.94540012
39167,OH,Washington County,Marietta,39.42056,-81.45028,39.450676,-81.490636,seat,22757.5,521306.5,16.62434964,69082.8,1612938.9,16.62434964
39169,OH,Wayne County,Wooster,40.8092,-81.9372,40.829661,-81.887194,seat,27063.8,610667.9,3.207501227,67337.2,1564530.3,3.207501227
39171,OH,Williams County,Bryan,41.472777777778,-84.551944444444,41.564959,-84.584324,seat,35493.9,836139.5,16.54008939,57865.9,1393883.1,16.54008939
39173,OH,Wood County,Bowling Green,41.373888888889,-83.650833333333,41.360183,-83.622682,seat,32713.6,753575.9,23.64624817,61609.1,1481192.3,23.64624817
39175,OH,Wyandot County,Upper Sandusky,40.8275,-83.281388888889,40.839782,-83.313681,seat,31478.4,724976.0,0.4442021076,62660.3,1441381.5,0.4442021076
40001,OK,Adair County,Stilwell,35.815277777778,-94.631388888889,35.898043,-94.651026,seat,79197.7,1955306.5,19.92173131,30462.9,751089.9,19.92173131
40003,OK,Alfalfa County,Cherokee,36.754166666667,-98.355277777778,36.729703,-98.323445,seat,93334.2,2242046.8,15.17685969,21176.1,403692.4,15.17685969
40005,OK,Atoka County,Atoka,34.384166666667,-96.1275,34.392469,-96.036558,seat,85230.7,2064634.6,58.49178686,31670.4,773227.3,58.49178686
40007,OK,Beaver County,Beaver,36.813611111111,-100.52416666667,36.748334,-100.483056,seat,100963.8,2381679.0,50.06088764,22226.6,473752.2,50.06088764
40009,OK,Beckham County,Sayre,35.298888888889,-99.636666666667,35.270601,-99.690057,seat,94923.6,2369633.5,6.915499294,29184.1,608392.9,6.915499294
40011,OK,Blaine County,Watonga,35.849166666667,-98.411666666667,35.877795,-98.429031,seat,91301.1,2273508.0,15.81498909,25286.3,617735.4,15.81498909
40013,OK,Bryan County,Durant,33.999722222222,-96.384722222222,33.964004,-96.265135,seat,85670.9,2068199.0,33.9565678,32935.7,809906.1,33.9565678
40015,OK,Caddo County,Anadarko,35.069166666667,-98.246111111111,35.16792,-98.381045,seat,90492.9,2252164.5,26.62669246,27018.1,670637.3,26.62669246
40017,OK,Canadian County,El Reno,35.530277777778,-97.9575,35.543354,-97.979889,seat,88712.0,2207853.8,22.85592529,24732.5,619468.6,22.85592529
40019,OK,Carter County,Ardmore,34.181111111111,-97.129444444444,34.251848,-97.287927,seat,89792.7,2157814.5,34.89588051,29087.6,727489.7,34.89588051
40021,OK,Cherokee County,Tahlequah,35.912777777778,-94.971388888889,35.904367,-94.996796,seat,80813.2,1984733.5,13.79818362,28737.1,718301.1,13.79818362
40023,OK,Choctaw County,Hugo,34.009444444444,-95.514722222222,34.027699,-95.554079,seat,81877.7,1983799.6,46.6999759,33978.3,851313.4,46.6999759
40025,OK,Cimarron County,Boise City,36.73,-102.51138888889,36.74839,-102.517698,seat,107075.1,2528627.5,19.09249457,27352.5,598184.9,19.09249457
40027,OK,Cleveland County,Norman,35.220833333333,-97.443611111111,35.206376,-97.323088,seat,87614.8,2174335.5,1.756082433,24268.7,600774.7,1.756082433
40029,OK,Coal County,Coalgate,34.533611111111,-96.218611111111,34.582861,-96.288039,seat,85815.2,2111410.5,2.46090284,30622.8,751822.9,2.46090284
40031,OK,Comanche County,Lawton,34.608694444444,-98.390333333333,34.66263,-98.476612,seat,91499.7,2292227.8,3.217078018,28024.9,710700.5,3.217078018
40033,OK,Cotton County,Walters,34.359805555556,-98.307833333333,34.290676,-98.373438,seat,93323.3,2331366.3,25.938418,29848.5,749839.0,25.938418
40035,OK,Craig County,Vinita,36.641111111111,-95.156666666667,36.76389,-95.201553,seat,78371.0,1876747.1,0.1109706276,26451.8,617529.4,0.1109706276
40037,OK,Creek County,Sapulpa,36.003611111111,-96.104722222222,35.907398,-96.380177,seat,83096.0,1993387.3,47.86231715,24075.3,603143.6,47.86231715
40039,OK,Custer County,Arapaho,35.577863888889,-98.959358333333,35.645601,-98.997386,seat,92584.9,2306504.0,18.4129682,28270.7,576389.5,18.4129682
40041,OK,Delaware County,Jay,36.423888888889,-94.797777777778,36.393437,-94.808189,seat,80063.1,1898908.8,34.62178842,29440.5,676105.4,34.62178842
40043,OK,Dewey County,Taloga,36.040388888889,-98.964341666667,35.97796,-99.014385,seat,94657.0,2347999.3,17.509656,25364.9,524122.3,17.509656
40045,OK,Ellis County,Arnett,36.134444444444,-99.770833333333,36.224258,-99.750139,seat,97675.5,2409699.5,38.98059437,25382.7,535808.1,38.98059437
40047,OK,Garfield County,Enid,36.39675,-97.879138888889,36.378132,-97.788741,seat,89402.4,2160434.5,10.76407287,20774.8,513533.9,10.76407287
40049,OK,Garvin County,Pauls Valley,34.741388888889,-97.220555555556,34.70935,-97.312723,seat,88854.6,2201210.8,2.617278676,26633.6,663375.4,2.617278676
40051,OK,Grady County,Chickasha,35.038333333333,-97.946111111111,35.021058,-97.88689,seat,89131.4,2224761.5,14.86637845,25656.6,643234.1,14.86637845
40053,OK,Grant County,Medford,36.806388888889,-97.736944444444,36.788254,-97.788151,seat,90363.4,2156604.3,5.215795173,18875.2,443332.0,5.215795173
40055,OK,Greer County,Mangum,34.878055555556,-99.505277777778,34.933853,-99.552968,seat,96703.9,2409907.0,5.212506994,30964.4,648666.4,5.212506994
40057,OK,Harmon County,Hollis,34.686388888889,-99.916944444444,34.745971,-99.844194,seat,97592.8,2431751.0,10.31732821,33654.0,708512.6,10.31732821
40059,OK,Harper County,Buffalo,36.836944444444,-99.628888888889,36.80035,-99.662805,seat,98211.2,2355767.3,41.57800791,20708.9,431806.9,41.57800791
40061,OK,Haskell County,Stigler,35.25638889,-95.12416667,35.232431,-95.109642,seat,79318.3,1952184.0,54.4963309,30414.1,763771.1,54.4963309
40063,OK,Hughes County,Holdenville,35.084166666667,-96.400277777778,35.052934,-96.251183,seat,84505.1,2091358.0,1.093305468,28206.8,687391.3,1.093305468
40065,OK,Jackson County,Altus,34.643888888889,-99.326666666667,34.594006,-99.412235,seat,95144.7,2376190.0,4.768539557,31669.9,794662.8,4.768539557
40067,OK,Jefferson County,Waurika,34.17,-98.001388888889,34.105082,-97.83889,seat,93057.6,2276268.5,13.60773773,30377.3,745353.4,13.60773773
40069,OK,Johnston County,Tishomingo,34.235555555556,-96.6775,34.313455,-96.654254,seat,88362.6,2118802.0,47.55332754,31092.3,755737.9,47.55332754
40071,OK,Kay County,Newkirk,36.883055555556,-97.055833333333,36.814885,-97.143862,seat,87863.8,2059783.0,0.7132573434,18410.7,436859.7,0.7132573434
40073,OK,Kingfisher County,Kingfisher,35.856111111111,-97.934444444444,35.949436,-97.934557,seat,90212.9,2235803.5,10.47605585,23281.5,573798.9,10.47605585
40075,OK,Kiowa County,Hobart,35.026388888889,-99.090833333333,34.921489,-98.981617,seat,94680.3,2357772.3,18.52718904,30700.8,769387.1,18.52718904
40077,OK,Latimer County,Wilburton,34.918333333333,-95.310555555556,34.875137,-95.272262,seat,81604.7,1989626.3,4.771260657,32563.5,810049.1,4.771260657
40079,OK,Le Flore County,Poteau,35.058611111111,-94.63,34.897356,-94.695074,seat,78390.1,1923239.4,33.6154104,32146.4,802524.9,33.6154104
40081,OK,Lincoln County,Chandler,35.709166666667,-96.889722222222,35.703117,-96.881392,seat,85954.1,2074010.0,2.286252891,24015.7,591885.8,2.286252891
40083,OK,Logan County,Guthrie,35.856388888889,-97.435833333333,35.914277,-97.450952,seat,88536.5,2204324.0,17.42019957,21307.0,528877.1,17.42019957
40085,OK,Love County,Marietta,33.93528,-97.11972,33.957804,-97.245093,seat,89118.8,2145348.0,5.454758738,29967.6,753501.9,5.454758738
40087,OK,McClain County,Purcell,35.0175,-97.369444444444,35.016436,-97.449803,seat,88634.9,2206673.8,54.93874022,25197.2,626490.3,54.93874022
40089,OK,McCurtain County,Idabel,33.896388888889,-94.829166666667,34.117073,-94.766086,seat,79074.9,1917122.3,34.23650134,37009.5,922464.9,34.23650134
40091,OK,McIntosh County,Eufaula,35.291944444444,-95.586666666667,35.369108,-95.671787,seat,80642.5,2000582.4,28.62917458,29391.9,732426.9,28.62917458
40093,OK,Major County,Fairview,36.270611111111,-98.477016666667,36.313119,-98.542015,seat,92542.0,2225515.0,27.13481031,23914.4,578614.4,27.13481031
40095,OK,Marshall County,Madill,34.091388888889,-96.773611111111,34.027007,-96.770533,seat,87801.4,2116476.3,39.64051423,30609.8,766117.8,39.64051423
40097,OK,Mayes County,Pryor Creek,36.299722222222,-95.313888888889,36.303804,-95.235638,seat,80196.3,1917584.1,37.28437286,26904.8,670724.6,37.28437286
40099,OK,Murray County,Sulphur,34.509166666667,-96.975277777778,34.485766,-97.071557,seat,88540.9,2195601.8,80.42819823,28427.1,705380.6,80.42819823
40101,OK,Muskogee County,Muskogee,35.7466,-95.368,35.617551,-95.383911,seat,80040.2,1982901.0,45.93785894,27172.2,678712.8,45.93785894
40103,OK,Noble County,Perry,36.2895,-97.288111111111,36.384901,-97.236335,seat,87192.4,2101217.0,12.22408109,19255.2,479356.6,12.22408109
40105,OK,Nowata County,Nowata,36.695277777778,-95.6375,36.789615,-95.613312,seat,80529.3,1923052.8,51.29329164,24579.0,574508.3,51.29329164
40107,OK,Okfuskee County,Okemah,35.431111111111,-96.305555555556,35.466804,-96.327762,seat,82391.5,2050846.5,9.320106189,26760.6,653119.6,9.320106189
40109,OK,Oklahoma County,Oklahoma City,35.482222222222,-97.535277777778,35.554611,-97.409401,seat,87084.0,2167036.3,5.206613644,22990.5,573953.3,5.206613644
40111,OK,Okmulgee County,Okmulgee,35.623472222222,-95.960333333333,35.6435,-95.965947,seat,82234.2,2032454.1,5.325699092,26417.9,657428.6,5.325699092
40113,OK,Osage County,Pawhuska,36.669166666667,-96.333055555556,36.624299,-96.408112,seat,84426.5,1997659.4,3.127708663,21582.7,523127.4,3.127708663
40115,OK,Ottawa County,Miami,36.883611111111,-94.876111111111,36.835764,-94.802681,seat,77197.6,1840065.0,18.1019669,26604.3,615049.6,18.1019669
40117,OK,Pawnee County,Pawnee,36.336388888889,-96.801388888889,36.313704,-96.696669,seat,85676.6,2064272.8,18.31121256,20807.7,519209.3,18.31121256
40119,OK,Payne County,Stillwater,36.113444444444,-97.058638888889,36.079225,-96.975255,seat,86735.7,2087396.0,2.520593172,21053.7,517966.9,2.520593172
40121,OK,Pittsburg County,McAlester,34.933055555556,-95.766388888889,34.92554,-95.74813,seat,82514.8,2046241.4,0.5840227601,29948.8,742747.6,0.5840227601
40123,OK,Pontotoc County,Ada,34.763611111111,-96.668333333333,34.721421,-96.691804,seat,86904.1,2156100.0,34.58687386,28533.8,699942.1,34.58687386
40125,OK,Pottawatomie County,Shawnee,35.3425,-96.933888888889,35.211391,-96.957004,seat,84874.2,2112847.0,42.37140121,25028.3,622857.5,42.37140121
40127,OK,Pushmataha County,Antlers,34.231111111111,-95.620833333333,34.377899,-95.408082,seat,83190.8,2018122.9,10.16916569,33002.5,825403.7,10.16916569
40129,OK,Roger Mills County,Cheyenne,35.6125,-99.673888888889,35.708554,-99.741572,seat,96168.0,2392236.0,14.09557047,28419.7,578203.6,14.09557047
40131,OK,Rogers County,Claremore,36.315277777778,-95.612777777778,36.377794,-95.601383,seat,80555.5,1933804.5,13.44961167,25811.6,646997.8,13.44961167
40133,OK,Seminole County,Wewoka,35.149444444444,-96.494444444444,35.158366,-96.602857,seat,84617.5,2091580.8,33.54361247,27691.8,676743.7,33.54361247
40135,OK,Sequoyah County,Sallisaw,35.458055555556,-94.794444444444,35.502435,-94.750757,seat,77188.8,1909885.3,26.68962699,29732.1,751801.1,26.68962699
40137,OK,Stephens County,Duncan,34.516666666667,-97.949444444444,34.481361,-97.855607,seat,92010.4,2283981.0,98.73571825,28535.6,702453.8,98.73571825
40139,OK,Texas County,Guymon,36.685277777778,-101.47944444444,36.746317,-101.483855,seat,102965.4,2443193.5,17.60999772,24228.2,535266.6,17.60999772
40141,OK,Tillman County,Frederick,34.390277777778,-99.016111111111,34.371085,-98.931701,seat,95150.9,2370538.8,22.35147348,31676.1,789011.5,22.35147348
40143,OK,Tulsa County,Tulsa,36.131388888889,-95.937222222222,36.120318,-95.941813,seat,82084.2,1972777.5,46.0490356,24111.5,606849.9,46.0490356
40145,OK,Wagoner County,Wagoner,35.955555555556,-95.378055555556,35.963388,-95.514201,seat,80982.3,2008487.3,7.627964646,26590.4,663927.1,7.627964646
40147,OK,Washington County,Bartlesville,36.747222222222,-95.959444444444,36.704403,-95.906253,seat,82300.8,1955042.3,149.3856735,23677.1,565464.1,149.3856735
40149,OK,Washita County,New Cordell,35.297236111111,-98.981586111111,35.290068,-98.992195,seat,93218.7,2323945.0,14.01820827,29239.2,735559.8,14.01820827
40151,OK,Woods County,Alva,36.805833333333,-98.667777777778,36.726984,-98.863649,seat,94656.2,2240311.0,26.85594461,20091.9,388561.0,26.85594461
40153,OK,Woodward County,Woodward,36.433055555556,-99.397777777778,36.425619,-99.273661,seat,95681.3,2300652.8,6.995719353,22388.2,459533.2,6.995719353
41001,OR,Baker County,Baker City,44.775,-117.83444444444,44.703427,-117.691933,seat,157897.0,4030746.0,0.9498577585,76337.1,2033421.3,0.9498577585
41003,OR,Benton County,Corvallis,44.570780555556,-123.27599722222,44.493882,-123.424664,seat,184205.5,4645655.0,6.808269736,102645.6,2648330.5,6.808269736
41005,OR,Clackamas County,Oregon City,45.356944444444,-122.60666666667,45.160493,-122.195127,seat,178557.3,4527678.0,24.21373485,96997.4,2530353.0,24.21373485
41007,OR,Clatsop County,Astoria,46.183333333333,-123.83472222222,46.024509,-123.705037,seat,185155.0,4660799.0,13.00877165,103595.1,2663474.8,13.00877165
41009,OR,Columbia County,St. Helens,45.859444444444,-122.81694444444,45.941932,-123.081079,seat,180633.7,4562376.0,6.832104338,99073.8,2565051.8,6.832104338
41011,OR,Coos County,Coquille,43.179444444444,-124.1875,43.18591,-124.094133,seat,194317.3,4763505.0,14.01948223,112757.4,2766180.8,14.01948223
41013,OR,Crook County,Prineville,44.303888888889,-120.84611111111,44.163054,-120.371585,seat,172466.9,4313835.0,10.88962172,90907.0,2316510.8,10.88962172
41015,OR,Curry County,Gold Beach,42.402222222222,-124.41527777778,42.466439,-124.210929,seat,197294.8,4917202.0,38.35823898,115734.9,2919877.3,38.35823898
41017,OR,Deschutes County,Bend,44.056388888889,-121.30805555556,43.915118,-121.225575,seat,174286.0,4386987.0,8.222414279,92726.1,2389662.5,8.222414279
41019,OR,Douglas County,Roseburg,43.218055555556,-123.35611111111,43.286328,-123.154476,seat,188662.6,4663650.0,28.53619916,107102.7,2666325.0,28.53619916
41021,OR,Gilliam County,Condon,45.235555555556,-120.185,45.382955,-120.276246,seat,172305.9,4357952.0,4.003984479,90746.0,2360627.0,4.003984479
41023,OR,Grant County,Canyon City,44.390833333333,-118.94888888889,44.496326,-119.014057,seat,162585.8,4129248.8,10.38233735,81025.9,2131924.3,10.38233735
41025,OR,Harney County,Burns,43.5862607,-119.0541032,43.064449,-118.987169,seat,164826.7,4176929.3,23.77624467,83266.8,2179604.5,23.77624467
41027,OR,Hood River County,Hood River,45.706666666667,-121.52166666667,45.511775,-121.655976,seat,173538.9,4417673.0,38.61185444,91979.0,2420348.5,38.61185444
41029,OR,Jackson County,Medford,42.33194,-122.86167,42.411621,-122.675611,seat,184839.6,4670231.0,10.05619681,103279.7,2672906.8,10.05619681
41031,OR,Jefferson County,Madras,44.630555555556,-121.12916666667,44.645151,-121.178632,seat,175065.4,4359601.0,31.9032729,93505.5,2362276.8,31.9032729
41033,OR,Josephine County,Grants Pass,42.438888888889,-123.32833333333,42.386983,-123.57162,seat,186888.5,4716234.0,0.7433526325,105328.6,2718909.5,0.7433526325
41035,OR,Klamath County,Klamath Falls,42.223333333333,-121.7775,42.683761,-121.646168,seat,179918.4,4410986.0,43.37099682,98358.5,2413661.8,43.37099682
41037,OR,Lake County,Lakeview,42.188888888889,-120.34583333333,42.788401,-120.38979,seat,171327.2,4258122.0,11.98038839,89767.3,2260797.0,11.98038839
41039,OR,Lane County,Eugene,44.052222222222,-123.0925,43.928334,-122.897581,seat,184006.1,4550074.0,1.222250771,102446.2,2552749.0,1.222250771
41041,OR,Lincoln County,Newport,44.636666666667,-124.05333333333,44.641061,-123.911212,seat,188304.0,4728154.0,8.777351789,106744.1,2730829.8,8.777351789
41043,OR,Linn County,Albany,44.630277777778,-123.09611111111,44.488898,-122.537208,seat,183007.3,4626923.0,84.70608442,101447.4,2629598.5,84.70608442
41045,OR,Malheur County,Vale,43.982222222222,-117.24361111111,43.188625,-117.603191,seat,154421.6,3942390.8,10.19288542,72861.7,1945066.0,10.19288542
41047,OR,Marion County,Salem,44.94,-123.03888888889,44.900898,-122.57626,seat,181525.1,4590533.0,2.864567109,99965.2,2593208.8,2.864567109
41049,OR,Morrow County,Heppner,45.356111111111,-119.55277777778,45.425496,-119.602311,seat,169373.9,4291903.0,50.80240885,87814.0,2294578.5,50.80240885
41051,OR,Multnomah County,Portland,45.515,-122.67916666667,45.547711,-122.417363,seat,178024.7,4517312.0,32.84557489,96464.8,2519987.8,32.84557489
41053,OR,Polk County,Dallas,44.921111111111,-123.31638888889,44.900372,-123.39864,seat,182740.8,4613656.0,25.65862998,101180.9,2616331.0,25.65862998
41055,OR,Sherman County,Moro,45.485,-120.73222222222,45.399216,-120.678512,seat,172204.7,4372477.0,13.29795327,90644.8,2375152.5,13.29795327
41057,OR,Tillamook County,Tillamook,45.455277777778,-123.8425,45.45589,-123.759299,seat,183971.4,4634693.0,13.44806828,102411.5,2637368.5,13.44806828
41059,OR,Umatilla County,Pendleton,45.669722222222,-118.79138888889,45.5912,-118.73388,seat,164003.0,4181496.3,22.75847781,82443.1,2184171.5,22.75847781
41061,OR,Union County,La Grande,45.327222222222,-118.09333333333,45.304081,-117.999149,seat,160687.5,4099552.8,7.705066393,79127.6,2102228.3,7.705066393
41063,OR,Wallowa County,Enterprise,45.424166666667,-117.27694444444,45.593753,-117.18558,seat,166152.1,4199071.0,1.555961163,84592.2,2201746.5,1.555961163
41065,OR,Wasco County,The Dalles,45.601111111111,-121.18277777778,45.164536,-121.165069,seat,172021.5,4383166.0,12.08681926,90461.6,2385841.8,12.08681926
41067,OR,Washington County,Hillsboro,45.522777777778,-122.98972222222,45.553542,-123.097615,seat,179807.7,4545435.0,5.001137039,98247.8,2548110.3,5.001137039
41069,OR,Wheeler County,Fossil,44.998055555556,-120.21611111111,44.736415,-120.026861,seat,172171.9,4289256.0,8.007671482,90612.0,2291931.8,8.007671482
41071,OR,Yamhill County,McMinnville,45.211666666667,-123.19722222222,45.247827,-123.316399,seat,181485.0,4577630.0,14.29428123,99925.1,2580305.0,14.29428123
42001,PA,Adams County,Gettysburg,39.8283,-77.2322,39.869471,-77.21773,seat,6960.9,131646.5,26.75867338,86474.0,1974391.3,26.75867338
42003,PA,Allegheny County,Pittsburgh,40.441666666667,-80.0,40.469757,-79.980451,seat,17837.3,392576.1,5.981964385,73565.1,1704533.6,5.981964385
42005,PA,Armstrong County,Kittanning,40.82,-79.5214,40.81238,-79.464129,seat,18399.8,387588.8,20.59816563,76779.0,1838477.8,20.59816563
42007,PA,Beaver County,Beaver,40.6947,-80.3075,40.68414,-80.350721,seat,19590.4,435379.5,2.918463082,73203.8,1779624.0,2.918463082
42009,PA,Bedford County,Bedford,40.0164,-78.5042,39.998634,-78.494747,seat,10813.1,223060.3,5.378996677,79747.5,1848291.1,5.378996677
42011,PA,Berks County,Reading,40.341666666667,-75.926111111111,40.413957,-75.92686,seat,11760.2,221407.4,11.64542394,89926.1,2094890.0,11.64542394
42013,PA,Blair County,Hollidaysburg,40.42729,-78.3889,40.498683,-78.309597,seat,12701.6,271610.9,3.696412412,81246.2,1858767.5,3.696412412
42015,PA,Bradford County,Towanda,41.7703,-76.4467,41.791504,-76.502123,seat,20104.6,404986.0,10.97613794,90105.7,2180423.8,10.97613794
42017,PA,Bucks County,Doylestown,40.3128,-75.1289,40.336887,-75.10706,seat,12972.6,261850.3,20.85788489,93484.5,2179994.8,20.85788489
42019,PA,Butler County,Butler,40.861111111111,-79.895277777778,40.913847,-79.918978,seat,19477.9,426494.9,0.9272332864,74992.9,1803301.6,0.9272332864
42021,PA,Cambria County,Ebensburg,40.4864,-78.7256,40.510209,-78.710488,seat,13903.5,301223.6,36.53586206,79557.4,1827667.4,36.53586206
42023,PA,Cameron County,Emporium,41.5114,-78.2364,41.438291,-78.198323,seat,21453.0,446396.4,7.365799484,82351.6,1977342.1,7.365799484
42025,PA,Carbon County,Jim Thorpe,40.8731,-75.7364,40.918367,-75.705039,seat,15476.5,330971.8,21.50639805,90199.9,2188718.3,21.50639805
42027,PA,Centre County,Bellefonte,40.914722222222,-77.774722222222,40.909322,-77.847667,seat,16333.4,359344.6,18.70602446,82133.6,1997455.8,18.70602446
42029,PA,Chester County,West Chester,39.9586,-75.605,39.974029,-75.749751,seat,10009.4,198484.7,17.29134304,91298.9,2127717.3,17.29134304
42031,PA,Clarion County,Clarion,41.2117,-79.3839,41.198159,-79.420369,seat,20376.6,448894.9,25.0062796,75703.5,1840983.8,25.0062796
42033,PA,Clearfield County,Clearfield,41.0225,-78.4403,41.006862,-78.477724,seat,16584.6,360126.9,36.1978616,79238.2,1929951.3,36.1978616
42035,PA,Clinton County,Lock Haven,41.137777777778,-77.450833333333,41.239508,-77.629009,seat,18117.4,399371.7,0.746215685,83537.3,2030664.8,0.746215685
42037,PA,Columbia County,Bloomsburg,41.0025,-76.458055555556,41.045517,-76.40426,seat,16031.6,328210.8,0.649231099,86837.2,2116941.3,0.649231099
42039,PA,Crawford County,Meadville,41.64194,-80.14722,41.687876,-80.107795,seat,23254.6,530604.8,2.999939912,75133.9,1822243.8,2.999939912
42041,PA,Cumberland County,Carlisle,40.2025,-77.195,40.164805,-77.263442,seat,9545.4,179824.4,58.56193213,85259.6,1980865.0,58.56193213
42043,PA,Dauphin County,Harrisburg,40.264554871391,-76.883381676723,40.412565,-76.792634,seat,9572.3,188771.6,79.12395245,86299.9,2003414.5,79.12395245
42045,PA,Delaware County,Media,39.918888888889,-75.389166666667,39.916685,-75.398818,seat,9852.3,200336.3,5.415259053,92563.8,2149988.5,5.415259053
42047,PA,Elk County,Ridgway,41.4203391,-78.7286388,41.427332,-78.653937,seat,19941.3,417921.7,9.61842717,79669.8,1918751.9,9.61842717
42049,PA,Erie County,Erie,42.129561111111,-80.085213888889,42.117952,-80.096386,seat,25582.8,589545.9,8.518939447,74666.1,1798688.8,8.518939447
42051,PA,Fayette County,Uniontown,39.9,-79.724444444444,39.918907,-79.640119,seat,14727.8,316245.6,22.03255395,74581.2,1734133.0,22.03255395
42053,PA,Forest County,Tionesta,41.495,-79.4558,41.513304,-79.249705,seat,22751.8,481880.8,24.55731187,77195.6,1853663.0,24.55731187
42055,PA,Franklin County,Chambersburg,39.93472,-77.65611,39.926772,-77.724521,seat,7625.1,151067.8,34.60753188,84069.2,1934888.9,34.60753188
42057,PA,Fulton County,McConnellsburg,39.9325,-77.99583,39.91075,-78.122617,seat,8789.4,163784.6,32.002372,82136.4,1899690.4,32.002372
42059,PA,Greene County,Waynesburg,39.8975,-80.1856,39.847707,-80.225655,seat,16831.5,383788.3,4.886167159,73182.0,1705099.5,4.886167159
42061,PA,Huntingdon County,Huntingdon,40.4953,-78.0131,40.422311,-77.968595,seat,13319.7,241971.7,10.08211963,83753.7,2016313.4,10.08211963
42063,PA,Indiana County,Indiana,40.6211,-79.155,40.651432,-79.087545,seat,16345.3,347021.3,28.53979842,78297.6,1805012.9,28.53979842
42065,PA,Jefferson County,Brookville,41.1597,-79.0803,41.138028,-79.012419,seat,19240.8,422511.3,26.87597772,76742.4,1866326.1,26.87597772
42067,PA,Juniata County,Mifflintown,40.57056,-77.39528,40.530673,-77.400438,seat,13049.8,262197.9,20.31476178,85598.2,2061374.3,20.31476178
42069,PA,Lackawanna County,Scranton,41.408969,-75.6624122,41.436636,-75.608768,seat,18204.0,385612.6,9.362118102,90945.4,2211624.0,9.362118102
42071,PA,Lancaster County,Lancaster,40.039722222222,-76.304444444444,40.041992,-76.250198,seat,9643.2,186531.8,2.235419347,88644.8,2059491.3,2.235419347
42073,PA,Lawrence County,New Castle,40.9972,-80.3444,40.992735,-80.334446,seat,20700.4,468766.8,12.44510093,72809.8,1757289.0,12.44510093
42075,PA,Lebanon County,Lebanon,40.3417,-76.4208,40.371448,-76.464819,seat,11566.8,212079.3,11.91173176,88304.0,2052795.8,11.91173176
42077,PA,Lehigh County,Allentown,40.6,-75.483333333333,40.614241,-75.590627,seat,14215.9,299751.1,12.29824559,92071.2,2130743.5,12.29824559
42079,PA,Luzerne County,Wilkes-Barre,41.244444444444,-75.878055555556,41.173078,-75.976053,seat,17023.7,357509.4,8.242718535,89765.1,2183520.5,8.242718535
42081,PA,Lycoming County,Williamsport,41.2444,-77.0186,41.343882,-77.055262,seat,17067.0,328788.7,17.03241382,85334.3,2072329.8,17.03241382
42083,PA,McKean County,Smethport,41.8167,-78.45,41.81459,-78.572463,seat,23489.0,484801.5,497.7387107,82549.7,1958913.8,497.7387107
42085,PA,Mercer County,Mercer,41.226388888889,-80.2375,41.300014,-80.252786,seat,21403.8,483224.7,31.02709633,72699.6,1765593.0,31.02709633
42087,PA,Mifflin County,Lewistown,40.5975,-77.573333333333,40.601615,-77.651832,seat,13882.5,281433.9,13.80637298,84699.9,2042323.0,13.80637298
42089,PA,Monroe County,Stroudsburg,40.9858,-75.1953,41.05624,-75.329065,seat,17172.4,354741.1,1.418044385,91802.3,2231907.5,1.418044385
42091,PA,Montgomery County,Norristown,40.12,-75.3417,40.209999,-75.370201,seat,11409.4,232321.7,14.77460282,91786.9,2144569.0,14.77460282
42093,PA,Montour County,Danville,40.9617,-76.6119,41.029284,-76.665225,seat,15308.7,320041.3,22.81952997,86165.5,2102627.8,22.81952997
42095,PA,Northampton County,Easton,40.688333333333,-75.216388888889,40.752791,-75.307447,seat,15205.3,314112.6,46.54623758,93263.9,2154962.0,46.54623758
42097,PA,Northumberland County,Sunbury,40.8639,-76.7892,40.851524,-76.709877,seat,14219.0,275589.2,5.019308699,86515.5,2103343.5,5.019308699
42099,PA,Perry County,Bloomfield,40.4183,-77.1883,40.39778,-77.266328,seat,11565.5,211722.1,12.61283359,86691.5,1988579.6,12.61283359
42101,PA,Philadelphia County,Philadelphia,39.952777777778,-75.163611111111,40.009376,-75.133346,seat,10823.9,218916.0,64.07446194,92860.5,2166847.3,64.07446194
42103,PA,Pike County,Milford,41.324166666667,-74.802777777778,41.325949,-75.031514,seat,20844.4,408476.5,27.34221826,94518.3,2291510.0,27.34221826
42105,PA,Potter County,Coudersport,41.7739,-78.0186,41.748587,-77.894436,seat,24105.1,463147.9,4.661247165,84745.6,2003703.4,4.661247165
42107,PA,Schuylkill County,Pottsville,40.685,-76.2028,40.703682,-76.217788,seat,13729.6,267657.3,24.2698632,89029.9,2163499.0,24.2698632
42109,PA,Snyder County,Middleburg,40.788055555556,-77.043333333333,40.755412,-77.07302,seat,13758.7,263958.0,34.72197227,86811.6,2092003.8,34.72197227
42111,PA,Somerset County,Somerset,40.0069,-79.0814,39.981297,-79.028486,seat,13120.0,284375.8,28.42550164,77046.7,1788227.8,28.42550164
42113,PA,Sullivan County,Laporte,41.423333333333,-76.490833333333,41.439285,-76.511717,seat,17958.7,358601.7,70.2029575,87959.8,2134039.5,70.2029575
42115,PA,Susquehanna County,Montrose,41.8331,-75.8772,41.819665,-75.800969,seat,21792.5,472764.7,4.20455978,93115.4,2217436.3,4.20455978
42117,PA,Tioga County,Wellsboro,41.746666666667,-77.301666666667,41.766858,-77.257288,seat,21164.4,408595.6,15.32584252,88564.9,2116800.0,15.32584252
42119,PA,Union County,Lewisburg,40.9639,-76.8881,40.962179,-77.055475,seat,14919.5,287448.8,16.63674231,85660.9,2086066.5,16.63674231
42121,PA,Venango County,Franklin,41.3978,-79.8314,41.400714,-79.765813,seat,22913.8,519976.1,7.666270116,74716.0,1811136.5,7.666270116
42123,PA,Warren County,Warren,41.8442,-79.1425,41.834298,-79.298182,seat,24012.4,486016.6,2.821133008,79360.5,1898550.5,2.821133008
42125,PA,Washington County,Washington,40.175,-80.2506,40.200005,-80.252132,seat,18170.5,415481.3,15.70708037,71265.3,1662859.0,15.70708037
42127,PA,Wayne County,Honesdale,41.5742,-75.2558,41.646602,-75.292493,seat,20789.2,432690.6,4.704113128,93530.6,2258702.0,4.704113128
42129,PA,Westmoreland County,Greensburg,40.297777777778,-79.542222222222,40.311068,-79.466688,seat,16084.3,349467.3,12.67770286,75305.4,1738483.5,12.67770286
42131,PA,Wyoming County,Tunkhannock,41.5408,-75.9478,41.525167,-76.008682,seat,19845.8,405756.8,40.57967726,91917.1,2199810.0,40.57967726
42133,PA,York County,York,39.9628,-76.7281,39.921751,-76.728889,seat,7564.8,146654.7,15.66929124,87352.5,2031531.3,15.66929124
44001,RI,Bristol County,Bristol,41.684166666667,-71.268611111111,41.70684,-71.286687,seat,31915.2,669182.4,10.01077661,111679.4,2663373.3,10.01077661
44003,RI,Kent County,East Greenwich,41.65,-71.483333333333,41.675118,-71.580282,seat,29833.5,628839.1,47.03327192,109872.1,2611966.5,47.03327192
44005,RI,Newport County,Newport,41.491666666667,-71.311944444444,41.501045,-71.283063,seat,30944.0,646800.9,3.140728825,110982.6,2629928.5,3.140728825
44007,RI,Providence County,Providence,41.82399,-71.41283,41.869768,-71.578625,seat,30612.0,649655.4,19.11915479,110277.1,2637998.3,19.11915479
44009,RI,Washington County,South Kingstown,41.4475,-71.527222222222,41.396792,-71.620282,seat,29600.1,616812.9,49.6058857,109638.7,2599940.5,49.6058857
45001,SC,Abbeville County,Abbeville,34.178611111111,-82.379166666667,34.229041,-82.454058,seat,38041.9,857054.9,42.18765887,80968.3,1912331.5,42.18765887
45003,SC,Aiken County,Aiken,33.549444444444,-81.720555555556,33.550013,-81.632983,seat,35992.9,861228.8,110.9694239,82883.7,1981721.3,110.9694239
45005,SC,Allendale County,Allendale,33.008888888889,-81.308611111111,32.979757,-81.363265,seat,36448.9,866205.6,3.79808814,86242.1,2034931.5,3.79808814
45007,SC,Anderson County,Anderson,34.503333333333,-82.650277777778,34.521235,-82.638603,seat,36407.4,840484.3,6.231934458,79190.6,1883395.5,6.231934458
45009,SC,Bamberg County,Bamberg,33.298333333333,-81.031944444444,33.203021,-81.053161,seat,34449.7,823279.6,51.53727616,86666.7,2042404.0,51.53727616
45011,SC,Barnwell County,Barnwell,33.244444444444,-81.363333333333,33.260552,-81.434228,seat,36575.4,857266.9,29.55501473,85192.5,2016107.0,29.55501473
45013,SC,Beaufort County,Beaufort,32.431944444444,-80.689444444444,32.358112,-80.689422,seat,37332.4,894970.6,50.06853565,90766.8,2170671.5,50.06853565
45015,SC,Berkeley County,Moncks Corner,33.19632,-80.01429,33.2077,-79.953655,seat,33667.3,798206.5,25.70704286,91911.2,2184434.0,25.70704286
45017,SC,Calhoun County,St. Matthews,33.664722222222,-80.778888888889,33.67478,-80.780347,seat,33600.4,799698.6,46.32744559,87427.7,2072164.8,46.32744559
45019,SC,Charleston County,Charleston,32.783333333333,-79.931944444444,32.800458,-79.94248,seat,35774.1,861662.5,1.959644292,92309.0,2197331.3,1.959644292
45021,SC,Cherokee County,Gaffney,35.071944444444,-81.653055555556,35.049796,-81.607647,seat,30849.5,719748.9,5.367956802,80444.8,1907129.0,5.367956802
45023,SC,Chester County,Chester,34.705555555556,-81.211666666667,34.689342,-81.161249,seat,30798.1,716597.0,15.09009112,83256.2,1959507.3,15.09009112
45025,SC,Chesterfield County,Chesterfield,34.733611111111,-80.088888888889,34.637018,-80.159227,seat,27551.7,625559.3,13.34432139,87798.3,2065989.8,13.34432139
45027,SC,Clarendon County,Manning,33.693997222222,-80.215408333333,33.664682,-80.217889,seat,29994.0,723640.4,96.71939161,90009.6,2122398.3,96.71939161
45029,SC,Colleton County,Walterboro,32.904166666667,-80.666111111111,32.849386,-80.656402,seat,34161.5,824894.8,0.7482576136,90385.9,2107328.3,0.7482576136
45031,SC,Darlington County,Darlington,34.301388888889,-79.868611111111,34.332185,-79.962115,seat,27465.8,659301.4,11.07631112,90174.7,2139157.3,11.07631112
45033,SC,Dillon County,Dillon,34.417777777778,-79.368055555556,34.390209,-79.375294,seat,25270.3,605854.1,29.0286507,91766.1,2154118.8,29.0286507
45035,SC,Dorchester County,St. George,33.186,-80.57565,33.082186,-80.404697,seat,32806.0,793253.0,67.75688573,89306.4,2089278.5,67.75688573
45037,SC,Edgefield County,Edgefield,33.783333333333,-81.933333333333,33.779453,-81.959637,seat,36891.3,879316.5,29.15848121,83062.6,1981399.0,29.15848121
45039,SC,Fairfield County,Winnsboro,34.377069,-81.087959,34.395669,-81.127001,seat,32313.4,745494.3,66.31330805,85340.0,2001028.8,66.31330805
45041,SC,Florence County,Florence,34.183888888889,-79.774166666667,34.028535,-79.710233,seat,27344.7,652057.0,45.09952151,90250.3,2144655.8,45.09952151
45043,SC,Georgetown County,Georgetown,33.3675,-79.293888888889,33.417531,-79.296333,seat,32376.9,749923.4,27.19197355,94502.8,2222064.3,27.19197355
45045,SC,Greenville County,Greenville,34.844444444444,-82.385555555556,34.892645,-82.372077,seat,34350.1,797671.6,30.20559844,79495.0,1870841.3,30.20559844
45047,SC,Greenwood County,Greenwood,34.189722222222,-82.154722222222,34.155796,-82.127876,seat,36915.4,836908.1,14.07649698,82256.6,1933170.5,14.07649698
45049,SC,Hampton County,Hampton,32.8675,-81.111666666667,32.778334,-81.143822,seat,36753.3,867521.5,32.84530415,87557.4,2059119.3,32.84530415
45051,SC,Horry County,Conway,33.838055555556,-79.056111111111,33.909269,-78.976675,seat,29167.8,690361.6,33.60459849,94366.9,2230610.5,33.60459849
45053,SC,Jasper County,Ridgeland,32.48074,-80.98039,32.43059,-81.021627,seat,36228.4,879491.8,6.23591737,89540.5,2149226.8,6.23591737
45055,SC,Kershaw County,Camden,34.259166666667,-80.609166666667,34.338356,-80.590885,seat,30453.0,730116.8,73.27862762,87353.1,2072917.8,73.27862762
45057,SC,Lancaster County,Lancaster,34.721111111111,-80.773333333333,34.686818,-80.703688,seat,30455.9,701862.3,69.15551102,85478.2,2008226.0,69.15551102
45059,SC,Laurens County,Laurens,34.500833333333,-82.018333333333,34.483676,-82.005498,seat,35090.0,816000.6,77.39507382,81543.3,1930294.3,77.39507382
45061,SC,Lee County,Bishopville,34.218888888889,-80.248888888889,34.15864,-80.251209,seat,28965.9,694283.9,8.281021216,88391.3,2101395.8,8.281021216
45063,SC,Lexington County,Lexington,33.981111111111,-81.230833333333,33.892373,-81.272903,seat,33192.3,793490.8,47.70143221,84924.7,2034105.5,47.70143221
45065,SC,McCormick County,McCormick,33.913611111111,-82.289166666667,33.897599,-82.316196,seat,38841.7,873638.4,37.19115063,81828.6,1922261.5,37.19115063
45067,SC,Marion County,Marion,34.18,-79.397222222222,34.08362,-79.354001,seat,26770.0,636273.0,31.8012862,92175.8,2181801.8,31.8012862
45069,SC,Marlboro County,Bennettsville,34.621,-79.684,34.60167,-79.679435,seat,26532.5,618246.3,51.38773359,89864.0,2110095.3,51.38773359
45071,SC,Newberry County,Newberry,34.277655,-81.61656,34.289881,-81.599676,seat,34974.8,791610.8,36.99269382,82704.8,1962279.3,36.99269382
45073,SC,Oconee County,Walhalla,34.767222222222,-83.064444444444,34.748766,-83.06154,seat,38293.1,873142.6,55.46151357,78662.5,1800143.5,55.46151357
45075,SC,Orangeburg County,Orangeburg,33.491944444444,-80.855277777778,33.436135,-80.802913,seat,33038.3,793822.8,7.779098976,87394.7,2072014.0,7.779098976
45077,SC,Pickens County,Pickens,34.881666666667,-82.7075,34.885368,-82.723377,seat,36215.0,829039.4,60.50217801,80042.0,1879669.0,60.50217801
45079,SC,Richland County,Columbia,34.000555555556,-81.044166666667,34.029095,-80.898037,seat,32481.4,777762.9,14.6307116,84998.2,2020782.8,14.6307116
45081,SC,Saluda County,Saluda,34.003055555556,-81.771666666667,34.005278,-81.727903,seat,36169.0,846624.5,4.192939285,84574.3,1997683.8,4.192939285
45083,SC,Spartanburg County,Spartanburg,34.948055555556,-81.934722222222,34.932014,-81.991624,seat,32402.3,752096.6,1.901830553,79397.8,1880027.3,1.901830553
45085,SC,Sumter County,Sumter,33.920555555556,-80.344722222222,33.91614,-80.382376,seat,30082.7,720494.0,6.211082691,88682.4,2092409.5,6.211082691
45087,SC,Union County,Union,34.717222222222,-81.625,34.690397,-81.615896,seat,33123.9,764369.5,27.02641744,81668.2,1922165.5,27.02641744
45089,SC,Williamsburg County,Kingstree,33.671111111111,-79.828611111111,33.626462,-79.716474,seat,30671.3,715174.8,51.71502204,92089.6,2167442.8,51.71502204
45091,SC,York County,York,34.994722222222,-81.239444444444,34.970188,-81.183187,seat,30253.3,698570.8,4.487425474,82467.6,1953152.3,4.487425474
46003,SD,Aurora County,Plankinton,43.714722222222,-98.483055555556,43.724719,-98.577587,seat,90312.2,2192923.0,5.453768767,23034.5,494912.9,5.453768767
46005,SD,Beadle County,Huron,44.359166666667,-98.218055555556,44.418265,-98.279422,seat,92788.5,2242820.3,17.45414519,27294.3,584966.7,17.45414519
46007,SD,Bennett County,Martin,43.175,-101.73416666667,43.186912,-101.677181,seat,103247.9,2539723.0,13.66482603,26390.1,588962.4,13.66482603
46009,SD,Bon Homme County,Tyndall,42.991666666667,-97.863611111111,42.985799,-97.884199,seat,87724.9,2103148.5,19.08961342,19233.9,405775.3,19.08961342
46011,SD,Brookings County,Brookings,44.306388888889,-96.788055555556,44.376675,-96.797797,seat,88255.3,2130990.0,29.11580211,26758.2,613318.5,29.11580211
46013,SD,Brown County,Aberdeen,45.464722222222,-98.486388888889,45.589254,-98.352175,seat,95682.2,2256713.8,26.56282847,32245.9,690928.3,26.56282847
46015,SD,Brule County,Chamberlain,43.805555555556,-99.328333333333,43.729873,-99.092909,seat,92863.2,2264969.5,75.66073088,25186.2,542012.3,75.66073088
46017,SD,Buffalo County,Gann Valley,44.033333333333,-98.9875,44.044306,-99.203998,seat,93442.7,2264861.0,35.91797064,25765.7,541904.0,35.91797064
46019,SD,Butte County,Belle Fourche,44.6675,-103.85027777778,44.896226,-103.501436,seat,107970.3,2680671.0,12.11370956,36994.7,887872.8,12.11370956
46021,SD,Campbell County,Mound City,45.725833333333,-100.06944444444,45.785575,-100.002107,seat,102276.3,2410226.5,35.3380517,36286.9,804009.6,35.3380517
46023,SD,Charles Mix County,Lake Andes,43.156944444444,-98.538055555556,43.206185,-98.595143,seat,91061.8,2179484.5,18.77964978,18648.5,411443.8,18.77964978
46025,SD,Clark County,Clark,44.879444444444,-97.734166666667,44.855211,-97.724912,seat,92996.5,2157318.5,62.74035986,29813.7,654465.4,62.74035986
46027,SD,Clay County,Vermillion,42.781111111111,-96.926944444444,42.91615,-96.980468,seat,83492.2,2014537.9,12.93038241,19644.2,427474.5,12.93038241
46029,SD,Codington County,Watertown,44.903333333333,-97.120555555556,44.966285,-97.198837,seat,90708.2,2107988.8,32.30918466,29352.2,688339.8,32.30918466
46031,SD,Corson County,McIntosh,45.921666666667,-101.35027777778,45.685671,-101.179665,seat,106634.5,2511843.5,22.70583335,40645.1,905626.9,22.70583335
46033,SD,Custer County,Custer,43.768333333333,-103.5975,43.684943,-103.46225,seat,107821.9,2661382.0,2.628367366,34221.4,798089.4,2.628367366
46035,SD,Davison County,Mitchell,43.713888888889,-98.026388888889,43.680439,-98.155868,seat,89092.6,2156393.8,9.507935405,23951.1,491258.7,9.507935405
46037,SD,Day County,Webster,45.333611111111,-97.519444444444,45.355161,-97.58143,seat,91966.5,2176114.0,0.627198544,31454.2,692562.2,0.627198544
46039,SD,Deuel County,Clear Lake,44.755277777778,-96.685,44.75629,-96.690239,seat,89233.0,2066880.0,36.0947659,28725.5,665836.4,36.0947659
46041,SD,Dewey County,Timber Lake,45.428611111111,-101.07472222222,45.148049,-100.837953,seat,106044.9,2482769.0,53.60942268,39782.7,825139.0,53.60942268
46043,SD,Douglas County,Armour,43.319444444444,-98.347222222222,43.391506,-98.358433,seat,91254.6,2183395.5,4.543512185,20361.7,442631.5,4.543512185
46045,SD,Edmunds County,Ipswich,45.445,-99.030277777778,45.41168,-99.205362,seat,97599.4,2299648.5,35.76631629,33742.6,729483.0,35.76631629
46047,SD,Fall River County,Hot Springs,43.431666666667,-103.47416666667,43.221619,-103.512609,seat,108161.7,2682356.0,13.56283592,31351.2,747273.9,13.56283592
46049,SD,Faulk County,Faulkton,45.033333333333,-99.128055555556,45.065476,-99.153564,seat,99603.3,2383034.5,47.05161115,32527.4,684382.1,47.05161115
46051,SD,Grant County,Milbank,45.218611111111,-96.633611111111,45.172637,-96.772261,seat,88777.5,2101322.3,7.303999862,31593.7,720942.2,7.303999862
46053,SD,Gregory County,Burke,43.183055555556,-99.291111111111,43.175142,-99.206591,seat,93364.6,2230136.0,28.29646505,19594.9,434370.9,28.29646505
46055,SD,Haakon County,Philip,44.04,-101.66611111111,44.288097,-101.540856,seat,100707.9,2480067.8,51.23215993,29732.3,687269.4,51.23215993
46057,SD,Hamlin County,Hayti,44.6575,-97.204444444444,44.680619,-97.178598,seat,91640.4,2202178.5,7.778779865,29334.7,630037.5,7.778779865
46059,SD,Hand County,Miller,44.52,-98.986388888889,44.546713,-99.004575,seat,95843.1,2314624.5,17.88650322,28767.2,615972.4,17.88650322
46061,SD,Hanson County,Alexandria,43.654722222222,-97.781388888889,43.680612,-97.796845,seat,88300.6,2135910.0,0.4838562645,23428.8,526319.1,0.4838562645
46063,SD,Harding County,Buffalo,45.584722222222,-103.545,45.596611,-103.473871,seat,112869.5,2794398.0,38.79173912,41893.9,1001599.8,38.79173912
46065,SD,Hughes County,Pierre,44.368361111111,-100.35113888889,44.384452,-99.975684,seat,97874.2,2399978.0,21.58674807,29057.7,636415.8,21.58674807
46067,SD,Hutchinson County,Olivet,43.241666666667,-97.675,43.33671,-97.749383,seat,88101.6,2119069.8,23.9666282,21159.4,463735.5,23.9666282
46069,SD,Hyde County,Highmore,44.518611111111,-99.441111111111,44.537174,-99.472736,seat,97495.6,2353103.0,18.60495027,30269.8,609200.9,18.60495027
46071,SD,Jackson County,Kadoka,43.835277777778,-101.51222222222,43.677506,-101.626323,seat,99180.9,2445918.5,8.20579185,28205.3,653120.3,8.20579185
46073,SD,Jerauld County,Wessington Springs,44.081944444444,-98.570277777778,44.06341,-98.62317,seat,92642.4,2240229.3,6.484795082,25321.3,541635.0,6.484795082
46075,SD,Jones County,Murdo,43.888055555556,-100.71111111111,43.951991,-100.686138,seat,96749.7,2378535.0,0.7233695335,25718.2,585709.8,0.7233695335
46077,SD,Kingsbury County,De Smet,44.385833333333,-97.551666666667,44.362969,-97.499313,seat,91258.2,2198455.5,2.586630539,26773.3,585208.5,2.586630539
46079,SD,Lake County,Madison,44.007777777778,-97.114722222222,44.02845,-97.123223,seat,88344.7,2121486.0,1.603450142,25474.9,552451.9,1.603450142
46081,SD,Lawrence County,Deadwood,44.376666666667,-103.72916666667,44.348514,-103.806362,seat,106947.7,2659142.5,19.10216038,35972.1,866344.2,19.10216038
46083,SD,Lincoln County,Canton,43.302222222222,-96.590833333333,43.27942,-96.722286,seat,85707.3,2076709.0,0.3244395471,23193.4,513524.4,0.3244395471
46085,SD,Lyman County,Kennebec,43.904166666667,-99.862777777778,43.894812,-99.841925,seat,94360.5,2309996.3,5.381726763,26245.6,549328.5,5.381726763
46087,SD,McCook County,Salem,43.726111111111,-97.386666666667,43.680416,-97.358048,seat,87424.9,2108775.8,2.658998885,22485.1,499137.6,2.658998885
46089,SD,McPherson County,Leola,45.721111111111,-98.938611111111,45.784249,-99.211421,seat,98692.1,2320219.5,48.88789273,35164.8,750469.3,48.88789273
46091,SD,Marshall County,Britton,45.792777777778,-97.752777777778,45.737044,-97.58087,seat,94562.0,2202282.5,7.891814764,35719.8,835983.2,7.891814764
46093,SD,Meade County,Sturgis,44.410277777778,-103.51861111111,44.605282,-102.714169,seat,106153.6,2638670.8,37.5286733,35178.0,845872.4,37.5286733
46095,SD,Mellette County,White River,43.569444444444,-100.74611111111,43.581334,-100.75521,seat,98317.4,2415323.0,27.56293844,24102.9,547972.9,27.56293844
46097,SD,Miner County,Howard,44.010555555556,-97.526388888889,44.021541,-97.608122,seat,89793.5,2151295.5,23.65193359,24853.7,541657.1,23.65193359
46099,SD,Minnehaha County,Sioux Falls,43.546055555556,-96.731388888889,43.667472,-96.795726,seat,85503.6,2053465.3,6.443972355,23745.7,528065.1,6.443972355
46101,SD,Moody County,Flandreau,44.047777777778,-96.596388888889,44.012429,-96.676054,seat,87194.8,2074557.5,9.666807525,26288.1,594183.9,9.666807525
46102,SD,Oglala Lakota County,Hot Springs,43.431666666667,-103.47416666667,43.333393,-102.561486,seat,108161.7,2682356.0,13.56283592,31351.2,747273.9,13.56283592
46103,SD,Pennington County,Rapid City,44.081055555556,-103.22866666667,44.002349,-102.823801,seat,104649.9,2599038.5,22.14982596,33674.3,806240.3,22.14982596
46105,SD,Perkins County,Bison,45.523888888889,-102.46472222222,45.483387,-102.467995,seat,111584.3,2682344.0,20.15616101,41271.9,905514.2,20.15616101
46107,SD,Potter County,Gettysburg,45.011944444444,-99.955277777778,45.052713,-99.962003,seat,102108.6,2494695.0,2.333777585,33292.1,731132.5,2.333777585
46109,SD,Roberts County,Sisseton,45.663333333333,-97.049166666667,45.623397,-96.947551,seat,91196.9,2141680.0,1.44488459,32354.7,775380.6,1.44488459
46111,SD,Sanborn County,Woonsocket,44.052777777778,-98.273611111111,44.018942,-98.091709,seat,91580.7,2213767.5,59.47038139,25518.7,545782.4,59.47038139
46115,SD,Spink County,Redfield,44.875277777778,-98.517777777778,44.923772,-98.339615,seat,96150.7,2219912.8,7.901808547,29104.4,622860.7,7.901808547
46117,SD,Stanley County,Fort Pierre,44.358888888889,-100.37583333333,44.413984,-100.747822,seat,97691.4,2396214.5,48.86518946,28874.9,632652.4,48.86518946
46119,SD,Sully County,Onida,44.705833333333,-100.06694444444,44.722325,-100.131399,seat,100269.0,2451682.0,8.397647126,31452.5,688119.8,8.397647126
46121,SD,Todd County,Winner,43.373888888889,-99.857777777778,43.208794,-100.707664,seat,96354.3,2284597.5,49.19342891,22138.5,486252.9,49.19342891
46123,SD,Tripp County,Winner,43.373888888889,-99.857777777778,43.349729,-99.876219,seat,96354.3,2284597.5,49.19342891,22138.5,486252.9,49.19342891
46125,SD,Turner County,Parker,43.397222222222,-97.137222222222,43.30867,-97.150185,seat,86730.4,2095080.6,47.98807176,21777.8,483793.4,47.98807176
46127,SD,Union County,Elk Point,42.685555555556,-96.681666666667,42.831106,-96.650829,seat,82457.0,1987867.4,9.157276564,20907.0,450392.6,9.157276564
46129,SD,Walworth County,Selby,45.505555555556,-100.03138888889,45.427605,-100.027856,seat,101238.2,2384804.5,0.781234673,35248.8,778587.7,0.781234673
46135,SD,Yankton County,Yankton,42.871305555556,-97.396694444444,43.006603,-97.388361,seat,85127.0,2055886.0,13.4016367,18184.8,400551.8,13.4016367
46137,SD,Ziebach County,Dupree,45.05,-101.60111111111,44.989764,-101.660827,seat,106991.6,2563931.0,26.89400836,36948.5,782975.3,26.89400836
47001,TN,Anderson County,Clinton,36.104772,-84.128487,36.116731,-84.195418,seat,33818.7,813255.9,4.41376608,66891.7,1589973.8,4.41376608
47003,TN,Bedford County,Shelbyville,35.4889,-86.4522,35.51366,-86.458294,seat,45690.8,1071090.4,36.99757018,59004.3,1403202.3,36.99757018
47005,TN,Benton County,Camden,36.046344,-88.085944,36.070948,-88.071232,seat,50903.6,1221480.3,192.988204,53237.0,1245585.5,192.988204
47007,TN,Bledsoe County,Pikeville,35.6075,-85.191388888889,35.593561,-85.20591,seat,39537.9,939574.4,62.3105518,64594.5,1520177.8,62.3105518
47009,TN,Blount County,Maryville,35.74972,-83.97556,35.688185,-83.922973,seat,34190.0,805499.5,1.861163238,67257.4,1603516.3,1.861163238
47011,TN,Bradley County,Cleveland,35.1714,-84.8711,35.153914,-84.859414,seat,37989.1,917454.0,8.807117031,66303.7,1573441.6,8.807117031
47013,TN,Campbell County,Jacksboro,36.331388888889,-84.188888888889,36.401592,-84.159249,seat,34852.3,836642.8,17.77287525,66541.8,1588287.8,17.77287525
47015,TN,Cannon County,Woodbury,35.823611111111,-86.070277777778,35.808394,-86.062404,seat,43242.6,1017904.7,27.46748229,58988.4,1400853.0,27.46748229
47017,TN,Carroll County,Huntingdon,36.0072,-88.4206,35.965748,-88.452379,seat,52224.4,1260864.3,55.41163145,52778.5,1187873.5,55.41163145
47019,TN,Carter County,Elizabethton,36.336388888889,-82.239166666667,36.284744,-82.126593,seat,27707.6,649018.9,22.8243019,74364.4,1746083.8,22.8243019
47021,TN,Cheatham County,Ashland City,36.267954,-87.054877,36.255169,-87.100808,seat,46080.5,1105875.5,23.07470806,54407.3,1291345.5,23.07470806
47023,TN,Chester County,Henderson,35.443055555556,-88.644444444444,35.420253,-88.611353,seat,53842.1,1287965.6,100.3053915,53364.7,1252999.5,100.3053915
47025,TN,Claiborne County,Tazewell,36.454444444444,-83.571111111111,36.501572,-83.660698,seat,31798.7,751068.3,32.53319785,67138.5,1589229.5,32.53319785
47027,TN,Clay County,Celina,36.548379,-85.50198,36.545749,-85.545717,seat,41177.4,984760.5,80.45905585,59630.8,1394726.0,80.45905585
47029,TN,Cocke County,Newport,35.963333333333,-83.196666666667,35.916198,-83.119224,seat,31118.9,742050.7,35.53604474,70130.1,1676755.3,35.53604474
47031,TN,Coffee County,Manchester,35.473333333333,-86.085555555556,35.488765,-86.078202,seat,43512.3,1025471.8,3.07110706,59407.7,1416555.0,3.07110706
47033,TN,Crockett County,Alamo,35.784166666667,-89.115833333333,35.818795,-89.132494,seat,54142.6,1310682.0,9.198832121,50189.6,1190671.8,9.198832121
47035,TN,Cumberland County,Crossville,35.954166666667,-85.031388888889,35.952398,-84.994761,seat,37257.6,898797.6,7.105818241,62425.5,1492085.8,7.105818241
47037,TN,Davidson County,Nashville,36.162222222222,-86.774444444444,36.169129,-86.78479,seat,44214.4,1071718.1,0.0,55212.3,1315080.5,0.0
47039,TN,Decatur County,Decaturville,35.583055555556,-88.121944444444,35.603136,-88.110292,seat,51035.4,1238171.1,37.18730746,54798.3,1299980.8,37.18730746
47041,TN,DeKalb County,Smithville,35.957222222222,-85.820833333333,35.982219,-85.833596,seat,41220.6,991477.4,52.17364468,60035.1,1414734.8,52.17364468
47043,TN,Dickson County,Charlotte,36.178784,-87.344304,36.145533,-87.364155,seat,47659.5,1139260.6,37.13576373,55064.5,1285528.8,37.13576373
47045,TN,Dyer County,Dyersburg,36.039444444444,-89.382777777778,36.054196,-89.398306,seat,55838.6,1350538.8,22.97305108,48447.7,1149969.1,22.97305108
47047,TN,Fayette County,Somerville,35.2437,-89.35007,35.196993,-89.413803,seat,55954.4,1354682.4,11.31672563,51884.6,1317833.0,11.31672563
47049,TN,Fentress County,Jamestown,36.429166666667,-84.9325,36.369892,-84.937764,seat,39647.7,928452.8,24.79967678,62638.9,1451552.0,24.79967678
47051,TN,Franklin County,Winchester,35.188333333333,-86.1125,35.155926,-86.099203,seat,44680.7,1064375.8,10.73921551,61234.0,1453736.3,10.73921551
47053,TN,Gibson County,Trenton,35.973611111111,-88.941666666667,35.991632,-88.933812,seat,54517.9,1317404.1,17.53242129,50675.5,1193985.1,17.53242129
47055,TN,Giles County,Pulaski,35.195833333333,-87.034444444444,35.202723,-87.035319,seat,48949.9,1184275.8,35.36364496,60303.8,1433160.0,35.36364496
47057,TN,Grainger County,Rutledge,36.28,-83.518055555556,36.277509,-83.509546,seat,31098.4,737385.6,5.216001003,69032.5,1652478.0,5.216001003
47059,TN,Greene County,Greeneville,36.168611111111,-82.813333333333,36.179487,-82.847523,seat,29111.1,686479.6,16.17035637,71545.7,1713734.0,16.17035637
47061,TN,Grundy County,Altamont,35.433954,-85.732428,35.393352,-85.710374,seat,43310.2,1016291.3,24.67701818,62159.4,1469774.3,24.67701818
47063,TN,Hamblen County,Morristown,36.2106,-83.2961,36.218397,-83.266071,seat,30037.2,721921.1,35.07432675,69620.8,1641833.3,35.07432675
47065,TN,Hamilton County,Chattanooga,35.045555555556,-85.267222222222,35.163472,-85.201843,seat,39912.7,956838.4,47.57459636,64323.8,1530676.8,47.57459636
47067,TN,Hancock County,Sneedville,36.531944444444,-83.214166666667,36.521353,-83.227493,seat,31230.7,728263.3,3.422459761,69527.9,1633194.8,3.422459761
47069,TN,Hardeman County,Bolivar,35.2633,-89.0055,35.218785,-88.988697,seat,55356.8,1327364.5,220.8117922,53484.3,1354922.8,220.8117922
47071,TN,Hardin County,Savannah,35.223611111111,-88.236944444444,35.201893,-88.185696,seat,53291.4,1276160.1,17.34633561,56513.7,1323421.4,17.34633561
47073,TN,Hawkins County,Rogersville,36.416666666667,-83.0,36.452089,-82.931485,seat,28759.9,684749.8,29.44359314,70132.4,1655737.5,29.44359314
47075,TN,Haywood County,Brownsville,35.590558,-89.260902,35.586678,-89.282691,seat,54425.6,1319206.3,19.92097362,51712.8,1214665.8,19.92097362
47077,TN,Henderson County,Lexington,35.657222222222,-88.3925,35.653994,-88.387674,seat,51704.2,1251331.5,58.1260855,53370.7,1266613.3,58.1260855
47079,TN,Henry County,Paris,36.301111111111,-88.313888888889,36.325295,-88.300288,seat,52635.5,1267172.3,45.8412254,51199.9,1208791.8,45.8412254
47081,TN,Hickman County,Centerville,35.77896,-87.46696,35.802327,-87.467116,seat,48800.8,1170707.3,2.818821353,57143.2,1332900.5,2.818821353
47083,TN,Houston County,Erin,36.316944444444,-87.698055555556,36.285782,-87.705598,seat,49728.7,1188150.4,39.91952272,54607.3,1261674.9,39.91952272
47085,TN,Humphreys County,Waverly,36.083172661659,-87.793935476799,36.040822,-87.790453,seat,49275.7,1178554.4,0.2702347119,54916.0,1277613.3,0.2702347119
47087,TN,Jackson County,Gainesboro,36.359722222222,-85.654722222222,36.35425,-85.674128,seat,41074.3,985607.2,33.38887639,60436.0,1385195.0,33.38887639
47089,TN,Jefferson County,Dandridge,36.01537,-83.41489,36.048452,-83.441216,seat,30751.0,741565.3,6.946610615,68941.3,1649964.5,6.946610615
47091,TN,Johnson County,Mountain City,36.468333333333,-81.803888888889,36.453203,-81.861247,seat,25948.8,605995.0,6.312745439,75978.0,1781912.8,6.312745439
47093,TN,Knox County,Knoxville,35.961666666667,-83.923333333333,35.992726,-83.937721,seat,32612.3,786575.8,37.89303013,66808.4,1600456.1,37.89303013
47095,TN,Lake County,Tiptonville,36.3775,-89.476111111111,36.333905,-89.485536,seat,57217.4,1353132.5,29.54367001,49507.6,1166170.9,29.54367001
47097,TN,Lauderdale County,Ripley,35.743055555556,-89.533888888889,35.762951,-89.627732,seat,56182.1,1350334.5,26.67556604,50200.0,1187612.5,26.67556604
47099,TN,Lawrence County,Lawrenceburg,35.243611111111,-87.334444444444,35.220476,-87.396546,seat,49414.1,1199013.3,0.5895737234,59353.6,1404227.0,0.5895737234
47101,TN,Lewis County,Hohenwald,35.547222222222,-87.551388888889,35.523244,-87.496983,seat,49332.1,1194400.0,2.676671898,56930.9,1350252.8,2.676671898
47103,TN,Lincoln County,Fayetteville,35.152777777778,-86.571388888889,35.142784,-86.593403,seat,46830.1,1115690.8,42.51138634,61023.6,1457175.8,42.51138634
47105,TN,Loudon County,Loudon,35.733888888889,-84.349444444444,35.735085,-84.314085,seat,35036.7,840454.4,36.43156224,66509.3,1586354.4,36.43156224
47107,TN,McMinn County,Athens,35.448171,-84.602069,35.424472,-84.619949,seat,36457.6,880333.6,38.43983237,67424.4,1581639.3,38.43983237
47109,TN,McNairy County,Selmer,35.172222222222,-88.593055555556,35.175375,-88.56374,seat,55046.8,1313873.5,35.98098989,54697.1,1284380.3,35.98098989
47111,TN,Macon County,Lafayette,36.525555555556,-86.026111111111,36.537757,-86.00096,seat,44000.2,1046098.1,15.99212131,57462.0,1332972.3,15.99212131
47113,TN,Madison County,Jackson,35.614444444444,-88.81775,35.606056,-88.833424,seat,52754.4,1281171.9,15.65708746,51774.8,1226198.6,15.65708746
47115,TN,Marion County,Jasper,35.075,-85.628055555556,35.133422,-85.618399,seat,41728.5,1001836.1,35.28531583,62462.6,1486890.5,35.28531583
47117,TN,Marshall County,Lewisburg,35.449166666667,-86.793055555556,35.468329,-86.765868,seat,47483.4,1137569.9,28.89147862,59017.6,1403306.0,28.89147862
47119,TN,Maury County,Columbia,35.615022,-87.044464,35.615696,-87.077763,seat,47030.1,1141581.6,52.79813965,58384.0,1390466.0,52.79813965
47121,TN,Meigs County,Decatur,35.518888888889,-84.793333333333,35.512203,-84.816102,seat,37076.4,890992.1,58.48659233,66521.7,1562520.3,58.48659233
47123,TN,Monroe County,Madisonville,35.520555555556,-84.362777777778,35.447818,-84.249705,seat,36274.6,849595.3,1.814025407,67974.9,1592050.0,1.814025407
47125,TN,Montgomery County,Clarksville,36.5297222,-87.3594444,36.500354,-87.380887,seat,47500.0,1146716.5,0.5487117734,52751.8,1244816.3,0.5487117734
47127,TN,Moore County,Lynchburg,35.284166666667,-86.3575,35.288888,-86.358684,seat,45809.2,1064484.5,155.5055212,60680.8,1429244.0,155.5055212
47129,TN,Morgan County,Wartburg,36.104166666667,-84.591944444444,36.138697,-84.639262,seat,36160.1,858209.9,25.83818908,65074.2,1535522.5,25.83818908
47131,TN,Obion County,Union City,36.424444444444,-89.050833333333,36.361892,-89.148078,seat,54678.8,1304790.9,34.29806675,49704.6,1119275.0,34.29806675
47133,TN,Overton County,Livingston,36.386944444444,-85.325555555556,36.34485,-85.283076,seat,40009.0,957047.6,39.12431178,60814.9,1422349.5,39.12431178
47135,TN,Perry County,Linden,35.612222222222,-87.841666666667,35.663752,-87.869326,seat,50580.4,1215457.4,6.672514937,55688.2,1320282.5,6.672514937
47137,TN,Pickett County,Byrdstown,36.572585,-85.137088,36.559364,-85.075741,seat,41400.6,988753.7,39.9238116,61025.4,1425922.3,39.9238116
47139,TN,Polk County,Benton,35.173185,-84.65,35.109437,-84.541112,seat,38339.0,915690.6,93.09108609,67403.8,1596770.5,93.09108609
47141,TN,Putnam County,Cookeville,36.164202,-85.504295,36.14094,-85.49618,seat,39298.6,948811.5,19.47216131,60364.5,1439561.3,19.47216131
47143,TN,Rhea County,Dayton,35.5,-85.016666666667,35.60059,-84.949548,seat,38093.3,912584.6,22.7155754,65955.6,1543537.8,22.7155754
47145,TN,Roane County,Kingston,35.872222222222,-84.525,35.84725,-84.523929,seat,35791.4,852229.0,152.9164263,65041.4,1545712.8,152.9164263
47147,TN,Robertson County,Springfield,36.4994,-86.8786,36.524385,-86.872594,seat,46080.4,1114688.9,40.17619721,54600.5,1294409.8,40.17619721
47149,TN,Rutherford County,Murfreesboro,35.846111111111,-86.391944444444,35.843369,-86.417213,seat,44460.1,1075535.6,18.21535109,57467.4,1365662.3,18.21535109
47151,TN,Scott County,Huntsville,36.4108,-84.495,36.430592,-84.504091,seat,36722.5,870737.3,115.4804558,65088.7,1532249.0,115.4804558
47153,TN,Sequatchie County,Dunlap,35.377222222222,-85.388333333333,35.372336,-85.410082,seat,40513.6,968158.3,31.12973289,63491.7,1490717.0,31.12973289
47155,TN,Sevier County,Sevierville,35.8775,-83.57,35.787822,-83.5249,seat,31832.5,767297.1,40.57501171,68730.9,1644287.9,40.57501171
47157,TN,Shelby County,Memphis,35.146111111111,-90.051944444444,35.184553,-89.894612,seat,58199.2,1414552.1,45.43285453,48442.6,1246359.6,45.43285453
47159,TN,Smith County,Carthage,36.25496,-85.949211,36.256645,-85.941915,seat,41569.1,1003488.6,27.61997776,58889.5,1401056.0,27.61997776
47161,TN,Stewart County,Dover,36.482222222222,-87.844722222222,36.458464,-87.811889,seat,49881.9,1200666.3,8.029674968,52584.1,1227358.9,8.029674968
47163,TN,Sullivan County,Blountville,36.533312,-82.326474,36.509681,-82.301336,seat,25969.7,622036.8,12.94570008,73231.3,1718653.0,12.94570008
47165,TN,Sumner County,Gallatin,36.381388888889,-86.451388888889,36.472423,-86.458405,seat,43980.1,1059676.5,80.37514702,56432.3,1338339.8,80.37514702
47167,TN,Tipton County,Covington,35.565,-89.647222222222,35.498763,-89.747145,seat,56392.8,1354993.1,8.436670497,51265.9,1209169.5,8.436670497
47169,TN,Trousdale County,Hartsville,36.3917,-86.1603,36.39303,-86.156691,seat,43123.0,1030005.4,19.1678915,57952.1,1367945.8,19.1678915
47171,TN,Unicoi County,Erwin,36.145,-82.410833333333,36.100129,-82.418218,seat,28820.6,688124.0,4.282961447,74132.6,1761043.3,4.282961447
47173,TN,Union County,Maynardville,36.245833333333,-83.807222222222,36.28414,-83.836088,seat,33411.0,775297.4,50.56772453,68862.1,1635968.5,50.56772453
47175,TN,Van Buren County,Spencer,35.743611111111,-85.458333333333,35.699234,-85.458409,seat,40944.1,964013.3,64.31215029,62265.6,1467125.8,64.31215029
47177,TN,Warren County,McMinnville,35.68667,-85.77917,35.67825,-85.777343,seat,41853.3,986860.9,106.0993402,60575.2,1433698.3,106.0993402
47179,TN,Washington County,Jonesborough,36.294166666667,-82.4725,36.295665,-82.495037,seat,28020.2,664872.6,20.62227057,73172.1,1748784.5,20.62227057
47181,TN,Wayne County,Waynesboro,35.320555555556,-87.756944444444,35.242847,-87.819843,seat,51215.7,1227297.6,102.3888402,57408.7,1361181.0,102.3888402
47183,TN,Weakley County,Dresden,36.283888888889,-88.698333333333,36.303596,-88.721194,seat,54253.5,1303448.9,0.7767487465,50647.1,1145985.0,0.7767487465
47185,TN,White County,Sparta,35.932222222222,-85.469722222222,35.927049,-85.455785,seat,39762.5,941067.5,41.58158182,61511.7,1466211.0,41.58158182
47187,TN,Williamson County,Franklin,35.929166666667,-86.8575,35.894845,-86.897888,seat,45414.0,1097647.8,8.101700104,56666.3,1345438.1,8.101700104
47189,TN,Wilson County,Lebanon,36.2081,-86.3264,36.149431,-86.291181,seat,42640.3,1032703.5,63.54437567,57154.7,1359641.8,63.54437567
48001,TX,Anderson County,Palestine,31.758055555556,-95.638611111111,31.841261,-95.661727,seat,86977.6,2123656.5,8.265639362,43803.5,1072386.1,8.265639362
48003,TX,Andrews County,Andrews,32.316666666667,-102.55,32.312258,-102.640206,seat,108964.7,2709312.5,21.92097492,46893.3,1103633.3,21.92097492
48005,TX,Angelina County,Lufkin,31.3369,-94.7303,31.251896,-94.611134,seat,86736.2,2130359.5,4.609384705,47508.3,1170879.9,4.609384705
48007,TX,Aransas County,Rockport,28.031111111111,-97.05,28.122621,-96.967501,seat,107152.1,2568972.0,51.21926612,59474.1,1495458.0,51.21926612
48009,TX,Archer County,Archer City,33.593888888889,-98.626111111111,33.616305,-98.687267,seat,95267.0,2322547.0,5.385338284,33500.0,836168.8,5.385338284
48011,TX,Armstrong County,Claude,35.1075,-101.364,34.964179,-101.356636,seat,101550.5,2545142.0,27.71022286,31747.6,715515.1,27.71022286
48013,TX,Atascosa County,Jourdanton,28.9217,-98.5464,28.891478,-98.535381,seat,106050.9,2661455.5,28.40519303,54565.2,1399276.4,28.40519303
48015,TX,Austin County,Bellville,29.9472,-96.2586,29.891901,-96.27017,seat,97792.6,2369846.0,27.66881952,50383.5,1262276.5,27.66881952
48017,TX,Bailey County,Muleshoe,34.229166666667,-102.72838888889,34.067521,-102.830345,seat,109087.7,2735802.0,14.26155755,38568.3,889673.9,14.26155755
48019,TX,Bandera County,Bandera,29.725,-99.075,29.756389,-99.248285,seat,106442.0,2641742.3,0.949220474,54956.3,1379563.3,0.949220474
48021,TX,Bastrop County,Bastrop,30.111944444444,-97.316944444444,30.100772,-97.310639,seat,98803.0,2400096.3,13.79831953,48574.8,1234806.8,13.79831953
48023,TX,Baylor County,Seymour,33.5917,-99.2608,33.618802,-99.208189,seat,96734.9,2369197.0,17.73323207,34792.4,878652.8,17.73323207
48025,TX,Bee County,Beeville,28.405277777778,-97.750555555556,28.416077,-97.742586,seat,106067.0,2564561.5,51.88339286,56172.4,1412866.0,51.88339286
48027,TX,Bell County,Belton,31.0589,-97.4633,31.04275,-97.481268,seat,94663.1,2358866.5,42.53749409,43177.4,1096687.5,42.53749409
48029,TX,Bexar County,San Antonio,29.425,-98.493888888889,29.448671,-98.520147,seat,103634.1,2580000.8,8.130305273,52148.4,1317821.8,8.130305273
48031,TX,Blanco County,Johnson City,30.2764,-98.4081,30.266203,-98.399332,seat,101547.4,2510492.0,41.91104942,49615.1,1217989.8,41.91104942
48033,TX,Borden County,Gail,32.770277777778,-101.44527777778,32.73859,-101.439199,seat,105301.2,2612741.8,16.40337361,45587.7,1045620.4,16.40337361
48035,TX,Bosque County,Meridian,31.92444,-97.65667,31.900819,-97.637641,seat,92722.3,2282029.0,7.415010118,40509.4,1002078.0,7.415010118
48037,TX,Bowie County,Boston,33.441388888889,-94.419722222222,33.446065,-94.422393,seat,76734.6,1895074.8,1.046801498,40784.4,1004270.6,1.046801498
48039,TX,Brazoria County,Angleton,29.166111111111,-95.427777777778,29.167817,-95.434647,seat,96412.6,2337841.8,64.89144627,54096.8,1355435.5,64.89144627
48041,TX,Brazos County,Bryan,30.6656,-96.3667,30.656713,-96.302394,seat,94438.0,2300323.8,64.77630558,46042.6,1159972.3,64.77630558
48043,TX,Brewster County,Alpine,30.360833333333,-103.66555555556,29.808997,-103.252458,seat,118619.5,2948711.8,10.66180222,58953.8,1394238.8,10.66180222
48045,TX,Briscoe County,Silverton,34.471388888889,-101.30472222222,34.525172,-101.205893,seat,105012.5,2580146.0,1.199416927,36410.7,799304.2,1.199416927
48047,TX,Brooks County,Falfurrias,27.224416666667,-98.145194444444,27.034994,-98.215276,seat,112198.6,2706684.8,8.917706492,62116.7,1594064.5,8.917706492
48049,TX,Brown County,Brownwood,31.708055555556,-98.9825,31.764137,-98.998456,seat,97761.9,2410353.8,21.07527919,44612.9,1100826.5,21.07527919
48051,TX,Burleson County,Caldwell,30.52833,-96.70028,30.493487,-96.622091,seat,95494.7,2320481.0,34.57063745,46505.2,1160055.1,34.57063745
48053,TX,Burnet County,Burnet,30.758888888889,-98.226388888889,30.78963,-98.201187,seat,98896.4,2452683.3,7.063684945,47016.2,1160579.3,7.063684945
48055,TX,Caldwell County,Lockhart,29.8819,-97.6761,29.832399,-97.628141,seat,99891.0,2502032.3,46.90845393,48405.3,1239853.3,46.90845393
48057,TX,Calhoun County,Port Lavaca,28.615,-96.62609,28.441719,-96.579574,seat,103442.2,2472733.5,8.578479511,56565.7,1395493.8,8.578479511
48059,TX,Callahan County,Baird,32.3961,-99.3972,32.29315,-99.372249,seat,96452.0,2400376.0,2.842729494,42263.0,1030523.5,2.842729494
48061,TX,Cameron County,Brownsville,25.930277777778,-97.484444444444,26.102923,-97.478958,seat,117312.7,2834564.8,49.15862515,68963.3,1722097.9,49.15862515
48063,TX,Camp County,Pittsburg,32.996944444444,-94.968055555556,32.974581,-94.979085,seat,79864.7,1977589.8,65.18963732,39899.2,989778.3,65.18963732
48065,TX,Carson County,Panhandle,35.3475,-101.382,35.405496,-101.355356,seat,101767.7,2549805.0,9.338100578,30268.7,688674.7,9.338100578
48067,TX,Cass County,Linden,33.0081,-94.3644,33.083698,-94.357579,seat,78089.2,1923550.5,52.80470297,42524.1,1037057.7,52.80470297
48069,TX,Castro County,Dimmitt,34.549,-102.30783333333,34.533621,-102.258786,seat,107558.5,2681532.5,47.81173877,37094.6,839927.6,47.81173877
48071,TX,Chambers County,Anahuac,29.768333333333,-94.678888888889,29.696374,-94.669445,seat,90871.4,2207727.5,21.62608539,54331.7,1359820.3,21.62608539
48073,TX,Cherokee County,Rusk,31.7983,-95.15,31.843881,-95.156343,seat,86374.3,2114525.3,44.99364058,44326.8,1101967.9,44.99364058
48075,TX,Childress County,Childress,34.425,-100.21388888889,34.524624,-100.208166,seat,100031.7,2484787.3,38.59347475,35240.2,755095.9,38.59347475
48077,TX,Clay County,Henrietta,33.816666666667,-98.2,33.785904,-98.212917,seat,92101.7,2258019.5,17.41530317,32611.6,826942.0,17.41530317
48079,TX,Cochran County,Morton,33.725,-102.759,33.60844,-102.830449,seat,110789.3,2722977.5,19.92774166,40751.5,945475.6,19.92774166
48081,TX,Coke County,Robert Lee,31.894805555556,-100.48563888889,31.87711,-100.635231,seat,102253.3,2546346.0,58.08147548,45667.8,1143708.3,58.08147548
48083,TX,Coleman County,Coleman,31.8278,-99.4256,31.914205,-99.346622,seat,99343.9,2441546.0,36.16494117,44968.7,1124103.0,36.16494117
48085,TX,Collin County,McKinney,33.2,-96.633333333333,33.194494,-96.579428,seat,85491.3,2118480.8,0.8394145964,35677.3,891058.0,0.8394145964
48087,TX,Collingsworth County,Wellington,34.8547,-100.214,34.963358,-100.272135,seat,99092.2,2472618.5,3.439086912,32746.7,706417.8,3.439086912
48089,TX,Colorado County,Columbus,29.702777777778,-96.557055555556,29.596296,-96.508935,seat,98352.8,2386746.8,210.0890747,50821.1,1266796.5,210.0890747
48091,TX,Comal County,New Braunfels,29.7,-98.116666666667,29.812377,-98.258129,seat,101522.9,2529799.5,34.9455734,50037.2,1267620.3,34.9455734
48093,TX,Comanche County,Comanche,31.8975,-98.6036,31.951645,-98.549617,seat,95728.7,2365523.0,8.871274573,42579.7,1055995.8,8.871274573
48095,TX,Concho County,Paint Rock,31.507777777778,-99.923333333333,31.318883,-99.863649,seat,102465.5,2545235.5,36.57691545,46231.9,1155576.1,36.57691545
48097,TX,Cooke County,Gainesville,33.6303,-97.1403,33.639196,-97.210343,seat,87858.8,2156344.3,42.81343359,31331.1,788580.3,42.81343359
48099,TX,Coryell County,Gatesville,31.4367,-97.7353,31.391177,-97.798022,seat,95008.3,2354901.0,41.35977768,43522.6,1092721.8,41.35977768
48101,TX,Cottle County,Paducah,34.014,-100.30369444444,34.091906,-100.276442,seat,102081.1,2532291.0,4.063739368,37289.6,802599.5,4.063739368
48103,TX,Crane County,Crane,31.3931,-102.351,31.422796,-102.487774,seat,110138.7,2756117.5,15.70128623,50473.0,1201644.8,15.70128623
48105,TX,Crockett County,Ozona,30.707416666667,-101.20597222222,30.717532,-101.404211,seat,109900.1,2712162.8,121.8449803,53314.6,1309525.1,121.8449803
48107,TX,Crosby County,Crosbyton,33.6567,-101.239,33.609144,-101.29871,seat,104319.1,2561817.0,24.01839935,41684.2,979683.2,24.01839935
48109,TX,Culberson County,Van Horn,31.044166666667,-104.8325,31.445908,-104.526945,seat,117304.4,2969796.5,16.97097359,57638.7,1415323.8,16.97097359
48111,TX,Dallam County,Dalhart,36.060833333333,-102.51861111111,36.28637,-102.59402,seat,107932.2,2559954.0,20.35889124,29195.0,652026.9,20.35889124
48113,TX,Dallas County,Dallas,32.779166666667,-96.808888888889,32.766987,-96.778424,seat,86267.2,2142774.0,18.03613395,35740.3,898206.7,18.03613395
48115,TX,Dawson County,Lamesa,32.734444444444,-101.95805555556,32.742528,-101.948771,seat,106937.1,2678880.5,22.4911467,43393.4,1028534.8,22.4911467
48117,TX,Deaf Smith County,Hereford,34.8219,-102.399,34.940766,-102.607564,seat,105742.1,2652134.0,18.52857408,35217.3,806353.5,18.52857408
48119,TX,Delta County,Cooper,33.372777777778,-95.689166666667,33.385933,-95.67335,seat,82493.3,2044578.1,33.38892435,37240.3,928609.5,33.38892435
48121,TX,Denton County,Denton,33.216666666667,-97.133333333333,33.205132,-97.12114,seat,88070.8,2165528.5,5.767240302,33173.7,836314.3,5.767240302
48123,TX,DeWitt County,Cuero,29.093611111111,-97.291111111111,29.082346,-97.361654,seat,103574.3,2503294.5,42.20681425,52862.3,1343129.9,42.20681425
48125,TX,Dickens County,Dickens,33.6214,-100.835,33.615363,-100.787617,seat,102665.6,2521280.8,43.47932341,40723.1,1030736.4,43.47932341
48127,TX,Dimmit County,Carrizo Springs,28.524444444444,-99.861111111111,28.423587,-99.765871,seat,111849.2,2766405.5,0.1478632304,60363.5,1504226.5,0.1478632304
48129,TX,Donley County,Clarendon,34.9364,-100.891,34.955036,-100.815846,seat,100890.1,2519260.0,18.39661758,32128.0,723403.4,18.39661758
48131,TX,Duval County,San Diego,27.7625,-98.2389,27.681123,-98.497393,seat,110423.5,2666339.0,47.91241639,60077.7,1546399.4,47.91241639
48133,TX,Eastland County,Eastland,32.398611111111,-98.821111111111,32.324645,-98.83656,seat,94438.0,2344483.5,33.31444944,40586.6,989500.0,33.31444944
48135,TX,Ector County,Odessa,31.863333333333,-102.36555555556,31.865301,-102.542507,seat,108142.6,2707242.3,4.16389624,48191.2,1149472.8,4.16389624
48137,TX,Edwards County,Rocksprings,30.0161,-100.209,29.985933,-100.3074,seat,110306.1,2715453.5,43.45475092,54845.9,1347596.8,43.45475092
48139,TX,Ellis County,Waxahachie,32.399722222222,-96.847222222222,32.346878,-96.79694,seat,88218.5,2185110.3,27.62423766,37733.4,941619.1,27.62423766
48141,TX,El Paso County,El Paso,31.759166666667,-106.48861111111,31.766456,-106.24152,seat,124489.6,3163747.5,0.5041971526,59750.2,1326867.1,0.5041971526
48143,TX,Erath County,Stephenville,32.2206958,-98.2022633,32.236669,-98.220545,seat,93314.3,2305791.0,4.73080099,40152.7,999527.4,4.73080099
48145,TX,Falls County,Marlin,31.30778,-96.89278,31.25193,-96.934127,seat,93751.9,2331218.3,35.70189843,42266.2,1069039.1,35.70189843
48147,TX,Fannin County,Bonham,33.583888888889,-96.181666666667,33.591161,-96.104988,seat,84245.6,2065665.3,47.64795424,35064.1,879275.1,47.64795424
48149,TX,Fayette County,La Grange,29.9083,-96.875,29.877886,-96.921231,seat,98904.7,2402142.3,53.2816582,49085.3,1225238.5,53.2816582
48151,TX,Fisher County,Roby,32.7447,-100.381,32.740473,-100.40312,seat,101187.3,2525938.5,34.06354791,42066.0,1047830.7,34.06354791
48153,TX,Floyd County,Floydada,33.983888888889,-101.33722222222,34.07373,-101.303274,seat,106687.7,2611363.5,12.20281255,39418.0,899631.1,12.20281255
48155,TX,Foard County,Crowell,33.9858,-99.7244,33.963306,-99.816828,seat,99307.6,2420320.5,3.142002617,36601.8,759239.1,3.142002617
48157,TX,Fort Bend County,Richmond,29.5808,-95.7631,29.526602,-95.771015,seat,95697.5,2315129.0,15.38270422,52730.6,1317668.0,15.38270422
48159,TX,Franklin County,Mount Vernon,33.1819,-95.2242,33.175846,-95.219066,seat,79892.7,1980308.1,74.63154124,39184.8,962750.8,74.63154124
48161,TX,Freestone County,Fairfield,31.7219,-96.1581,31.701749,-96.144957,seat,89848.3,2179406.5,106.3167119,41419.0,1043046.1,106.3167119
48163,TX,Frio County,Pearsall,28.8914,-99.095,28.869383,-99.109005,seat,107196.6,2668242.5,10.5314156,55710.9,1406063.5,10.5314156
48165,TX,Gaines County,Seminole,32.718611111111,-102.65,32.743942,-102.631561,seat,109693.3,2744463.8,42.47031102,44907.9,1057972.9,42.47031102
48167,TX,Galveston County,Galveston,29.3013889,-94.7977778,29.233927,-94.888197,seat,94956.1,2302991.3,15.13610125,54480.2,1364314.9,15.13610125
48169,TX,Garza County,Post,33.1917,-101.381,33.183792,-101.301134,seat,105074.9,2632352.5,12.12538473,42250.6,994562.9,12.12538473
48171,TX,Gillespie County,Fredericksburg,30.274166666667,-98.871944444444,30.325093,-98.94185,seat,103822.5,2559560.8,15.72560551,51890.2,1267058.5,15.72560551
48173,TX,Glasscock County,Garden City,31.863888888889,-101.48111111111,31.868006,-101.521494,seat,106120.7,2650568.3,2.181960804,48163.0,1151546.0,2.181960804
48175,TX,Goliad County,Goliad,28.668888888889,-97.391944444444,28.6607,-97.430415,seat,104037.6,2517436.0,54.41782484,55012.9,1393307.3,54.41782484
48177,TX,Gonzales County,Gonzales,29.5089,-97.4478,29.461912,-97.49192,seat,102229.1,2489007.0,37.4609855,50883.3,1291567.5,37.4609855
48179,TX,Gray County,Pampa,35.5431,-100.965,35.402542,-100.812374,seat,100297.4,2494359.0,19.78430725,28427.2,643565.8,19.78430725
48181,TX,Grayson County,Sherman,33.6411,-96.61,33.624548,-96.675777,seat,85765.6,2106880.0,38.01908648,33534.4,838355.3,38.01908648
48183,TX,Gregg County,Longview,32.5092,-94.7539,32.486401,-94.816277,seat,81649.1,2001223.8,26.16024425,42615.2,1052219.1,26.16024425
48185,TX,Grimes County,Anderson,30.48694,-95.98778,30.543231,-95.988082,seat,94799.3,2295253.8,0.617331699,47805.5,1189402.3,0.617331699
48187,TX,Guadalupe County,Seguin,29.574444444444,-97.965277777778,29.582671,-97.948995,seat,101657.1,2551438.8,6.500459692,50171.4,1289259.6,6.500459692
48189,TX,Hale County,Plainview,34.1911,-101.719,34.068436,-101.822888,seat,107381.9,2698854.8,14.29064064,36958.1,856628.8,14.29064064
48191,TX,Hall County,Memphis,34.72667,-100.54139,34.453189,-100.576343,seat,100174.3,2492673.0,14.28843481,33864.7,766193.3,14.28843481
48193,TX,Hamilton County,Hamilton,31.7033,-98.1203,31.707342,-98.111756,seat,94744.7,2337595.5,42.33530413,42347.7,1052183.1,42.33530413
48195,TX,Hansford County,Spearman,36.194444444444,-101.19416666667,36.272847,-101.35693,seat,103802.8,2479494.5,14.84572925,26143.1,585992.9,14.84572925
48197,TX,Hardeman County,Quanah,34.295555555556,-99.741944444444,34.289904,-99.745697,seat,98375.4,2417054.0,0.6905758535,34687.2,724597.8,0.6905758535
48199,TX,Hardin County,Kountze,30.376666666667,-94.315277777778,30.329648,-94.393178,seat,89295.1,2169337.0,18.06462924,53051.8,1301653.8,18.06462924
48201,TX,Harris County,Houston,29.762777777778,-95.383055555556,29.857273,-95.393037,seat,93425.4,2270288.0,54.90765329,50939.7,1283724.8,54.90765329
48203,TX,Harrison County,Marshall,32.55,-94.5,32.547991,-94.374434,seat,81323.3,1990414.8,10.36735577,44414.7,1085803.3,10.36735577
48205,TX,Hartley County,Channing,35.683611111111,-102.33194444444,35.840244,-102.610047,seat,106072.5,2661166.8,12.62096354,31143.2,701764.6,12.62096354
48207,TX,Haskell County,Haskell,33.1603,-99.7344,33.175964,-99.730774,seat,99746.8,2442410.8,47.47368836,37804.3,951866.4,47.47368836
48209,TX,Hays County,San Marcos,29.879444444444,-97.938888888889,30.061225,-98.029267,seat,100465.1,2502655.0,2.437961659,48979.4,1240476.0,2.437961659
48211,TX,Hemphill County,Canadian,35.910833333333,-100.38388888889,35.815956,-100.27921,seat,99982.2,2480493.5,7.361955577,26841.8,583177.3,7.361955577
48213,TX,Henderson County,Athens,32.2028,-95.8492,32.211633,-95.853418,seat,86078.9,2104909.0,45.3578448,40681.9,1017264.3,45.3578448
48215,TX,Hidalgo County,Edinburg,26.3042,-98.1639,26.396384,-98.18099,seat,116362.6,2810612.3,1.688670492,66280.7,1697991.9,1.688670492
48217,TX,Hill County,Hillsboro,32.0094,-97.1244,31.982681,-97.130668,seat,90224.2,2241930.0,17.19167654,38738.5,979750.9,17.19167654
48219,TX,Hockley County,Levelland,33.584722222222,-102.37222222222,33.605932,-102.343398,seat,109060.6,2673188.3,6.964058128,41552.6,948546.9,6.964058128
48221,TX,Hood County,Granbury,32.441944444444,-97.781388888889,32.430149,-97.831677,seat,91118.0,2257045.8,26.3928372,37956.4,950782.3,26.3928372
48223,TX,Hopkins County,Sulphur Springs,33.1342,-95.6019,33.148967,-95.565434,seat,81205.5,2017012.9,14.05341594,38328.5,952955.9,14.05341594
48225,TX,Houston County,Crockett,31.3169,-95.4583,31.323036,-95.4216,seat,89315.7,2178372.3,41.02342262,46228.7,1128819.0,41.02342262
48227,TX,Howard County,Big Spring,32.2433,-101.475,32.30343,-101.438721,seat,104306.9,2608717.5,19.13732218,46284.8,1100106.3,19.13732218
48229,TX,Hudspeth County,Sierra Blanca,31.1819,-105.341,31.450868,-105.377549,seat,119313.4,3024800.5,82.774819,59647.7,1470327.5,82.774819
48231,TX,Hunt County,Greenville,33.1261,-96.1097,33.123308,-96.08423,seat,83034.2,2064533.3,23.48630779,37821.6,922674.1,23.48630779
48233,TX,Hutchinson County,Stinnett,35.8261,-101.444,35.837047,-101.362746,seat,103572.0,2556836.3,14.0965452,28089.9,634459.9,14.0965452
48235,TX,Irion County,Mertzon,31.25972,-100.82056,31.303424,-100.981304,seat,105581.5,2625408.3,32.15859514,48996.0,1222770.8,32.15859514
48237,TX,Jack County,Jacksboro,33.206666666667,-98.160833333333,33.23216,-98.171177,seat,92562.2,2291128.5,90.23320521,35445.8,889998.9,90.23320521
48239,TX,Jackson County,Edna,28.9767,-96.6467,28.959802,-96.58908,seat,100458.0,2430701.0,8.143743896,55053.2,1351865.6,8.143743896
48241,TX,Jasper County,Jasper,30.922222222222,-93.998888888889,30.752932,-94.022294,seat,85515.5,2046907.5,43.46074545,52032.1,1259187.8,43.46074545
48243,TX,Jeff Davis County,Fort Davis,30.578361111111,-103.89219444444,30.625357,-104.191873,seat,118907.6,2958697.8,219.9641611,59241.9,1404225.0,219.9641611
48245,TX,Jefferson County,Beaumont,30.08,-94.126666666667,29.854,-94.149331,seat,87633.7,2133077.8,7.716277342,55150.9,1340839.3,7.716277342
48247,TX,Jim Hogg County,Hebbronville,27.3114,-98.6811,27.053231,-98.747572,seat,114262.6,2735102.8,41.8490632,63691.2,1604659.3,41.8490632
48249,TX,Jim Wells County,Alice,27.75056,-98.07028,27.733516,-98.090814,seat,109705.9,2649259.0,27.99455264,59709.4,1533882.3,27.99455264
48251,TX,Johnson County,Cleburne,32.351666666667,-97.3925,32.379654,-97.364906,seat,89727.0,2221985.5,67.24690779,37469.8,936552.1,67.24690779
48253,TX,Jones County,Anson,32.75528,-99.89611,32.743709,-99.87443,seat,99077.9,2467819.3,5.997165918,39830.8,1000929.8,5.997165918
48255,TX,Karnes County,Karnes City,28.8833,-97.9,28.908996,-97.852205,seat,105091.6,2620714.0,7.519160065,53605.9,1358535.0,7.519160065
48257,TX,Kaufman County,Kaufman,32.5853,-96.3078,32.598944,-96.288377,seat,86619.8,2131444.3,21.62571507,38082.4,954355.5,21.62571507
48259,TX,Kendall County,Boerne,29.794445,-98.731483,29.943525,-98.709269,seat,104869.8,2609611.0,30.51073171,53384.1,1347432.0,30.51073171
48261,TX,Kenedy County,Sarita,27.221666666667,-97.789166666667,26.890213,-97.591143,seat,110754.6,2677300.5,3.657974769,62405.2,1564833.6,3.657974769
48263,TX,Kent County,Jayton,33.25,-100.567,33.18478,-100.76972,seat,104237.5,2596914.5,163.6129057,42785.8,1041502.6,163.6129057
48265,TX,Kerr County,Kerrville,30.046388888889,-99.140555555556,30.059953,-99.353339,seat,105532.8,2596586.5,30.97453751,53600.5,1304084.4,30.97453751
48267,TX,Kimble County,Junction,30.4897,-99.7714,30.479472,-99.746396,seat,106511.5,2587667.5,45.89784845,50955.9,1272945.4,45.89784845
48269,TX,King County,Guthrie,33.6206,-100.323,33.614268,-100.245345,seat,100846.7,2472594.5,5.102962702,38904.2,982050.1,5.102962702
48271,TX,Kinney County,Brackettville,29.3153,-100.415,29.347086,-100.4177,seat,112117.4,2776596.5,20.28326157,59575.4,1475702.8,20.28326157
48273,TX,Kleberg County,Kingsville,27.515,-97.8656,27.438735,-97.66062,seat,109496.5,2645890.3,11.08162382,61147.1,1533423.5,11.08162382
48275,TX,Knox County,Benjamin,33.5833,-99.7933,33.61189,-99.730356,seat,98785.8,2420165.5,36.31487003,36843.3,929621.1,36.31487003
48277,TX,Lamar County,Paris,33.662508,-95.547692,33.667263,-95.570348,seat,81433.7,2003005.3,51.93167428,35695.2,891976.4,51.93167428
48279,TX,Lamb County,Littlefield,33.9172,-102.325,34.068861,-102.348018,seat,109009.0,2678572.5,18.41289132,39863.7,910355.2,18.41289132
48281,TX,Lampasas County,Lampasas,31.065833333333,-98.183333333333,31.196731,-98.240889,seat,97804.8,2434201.0,20.81013357,45479.7,1124818.6,20.81013357
48283,TX,La Salle County,Cotulla,28.4342,-99.2364,28.351098,-99.096774,seat,109152.3,2722431.3,1.344273693,57666.6,1460252.3,1.344273693
48285,TX,Lavaca County,Hallettsville,29.445277777778,-96.940833333333,29.382578,-96.923633,seat,100645.6,2448871.0,35.37155646,51365.1,1279390.3,35.37155646
48287,TX,Lee County,Giddings,30.1831,-96.9347,30.321498,-96.976823,seat,97513.9,2369560.0,3.847039185,47694.5,1192656.1,3.847039185
48289,TX,Leon County,Centerville,31.256388888889,-95.979444444444,31.300493,-95.995622,seat,90360.4,2203377.0,45.12941772,43366.6,1097525.4,45.12941772
48291,TX,Liberty County,Liberty,30.0575,-94.7967,30.158508,-94.844061,seat,90541.4,2199369.5,12.09689373,52220.8,1316426.5,12.09689373
48293,TX,Limestone County,Springfield,31.65961,-96.48276,31.547543,-96.593623,seat,91143.8,2212093.0,31.77446555,41893.8,1039634.0,31.77446555
48295,TX,Lipscomb County,Lipscomb,36.2322,-100.272,36.2802,-100.272683,seat,100001.3,2464484.5,43.60991577,25798.9,550855.3,43.60991577
48297,TX,Live Oak County,George West,28.33,-98.118305555556,28.351535,-98.126961,seat,107927.3,2603252.3,8.340483346,57030.6,1468143.4,8.340483346
48299,TX,Llano County,Llano,30.7508,-98.68,30.707584,-98.68469,seat,101435.8,2501849.5,53.32082566,49510.8,1209347.3,53.32082566
48301,TX,Loving County,Mentone,31.707444444444,-103.59888888889,31.844936,-103.561229,seat,113991.9,2865626.0,0.2917323897,52932.7,1229577.3,0.2917323897
48303,TX,Lubbock County,Lubbock,33.585,-101.845,33.611469,-101.819944,seat,106840.1,2621381.3,51.90842726,39620.8,929045.8,51.90842726
48305,TX,Lynn County,Tahoka,33.163888888889,-101.795,33.178412,-101.818493,seat,107250.8,2671452.5,22.84715081,41441.2,976720.7,22.84715081
48307,TX,McCulloch County,Brady,31.132222222222,-99.341388888889,31.205477,-99.359856,seat,101830.0,2484339.5,35.19659163,48526.2,1208080.0,35.19659163
48309,TX,McLennan County,Waco,31.549166666667,-97.147222222222,31.549596,-97.201511,seat,92226.5,2293109.0,2.094511236,40740.8,1030929.9,2.094511236
48311,TX,McMullen County,Tilden,28.4598553,-98.5486767,28.384922,-98.578853,seat,108575.5,2712574.0,2.624692547,57089.8,1450395.0,2.624692547
48313,TX,Madison County,Madisonville,30.95083,-95.9125,30.966878,-95.930372,seat,91766.9,2240532.5,28.60114802,44773.1,1134680.9,28.60114802
48315,TX,Marion County,Jefferson,32.7611,-94.3494,32.798182,-94.356853,seat,79154.3,1951157.4,18.92531825,43329.0,1051702.5,18.92531825
48317,TX,Martin County,Stanton,32.1308,-101.792,32.30983,-101.961836,seat,105472.7,2641757.0,41.03366753,46635.3,1108195.8,41.03366753
48319,TX,Mason County,Mason,30.74778,-99.23167,30.703916,-99.237302,seat,103518.8,2555162.0,2.779751382,50513.9,1254654.8,2.779751382
48321,TX,Matagorda County,Bay City,28.9808,-95.9644,28.77476,-96.001532,seat,99496.7,2392687.3,17.51876463,56604.5,1381582.9,17.51876463
48323,TX,Maverick County,Eagle Pass,28.7106,-100.489,28.729787,-100.316678,seat,112993.1,2808192.5,23.93570096,61507.4,1546013.5,23.93570096
48325,TX,Medina County,Hondo,29.3469,-99.1456,29.353661,-99.111085,seat,106448.0,2644644.3,9.107639549,54962.3,1382465.1,9.107639549
48327,TX,Menard County,Menard,30.91944,-99.78444,30.885268,-99.858861,seat,104471.1,2537622.3,47.79152102,48915.5,1222900.3,47.79152102
48329,TX,Midland County,Midland,32.005,-102.09917,31.814269,-102.002454,seat,106957.2,2675873.3,17.60991353,47012.2,1119073.5,17.60991353
48331,TX,Milam County,Cameron,30.8544,-96.9786,30.791242,-96.984395,seat,95257.9,2314814.5,74.65176795,44027.5,1111380.8,74.65176795
48333,TX,Mills County,Goldthwaite,31.453138888889,-98.569805555556,31.494888,-98.594623,seat,97667.8,2403518.5,1.924187248,45270.8,1118106.3,1.924187248
48335,TX,Mitchell County,Colorado City,32.3961,-100.862,32.304117,-100.924392,seat,101966.8,2547313.8,0.2823195869,45342.3,1129215.8,0.2823195869
48337,TX,Montague County,Montague,33.664722222222,-97.720555555556,33.678356,-97.725014,seat,90412.6,2210828.5,0.09273513241,33552.3,818259.1,0.09273513241
48339,TX,Montgomery County,Conroe,30.3161,-95.4589,30.298801,-95.50295,seat,94536.2,2256619.5,31.81425235,48228.3,1221558.3,31.81425235
48341,TX,Moore County,Dumas,35.8625,-101.96694444444,35.835676,-101.890502,seat,105534.0,2652933.5,47.59229998,29228.3,655326.6,47.59229998
48343,TX,Morris County,Daingerfield,33.030833333333,-94.724444444444,33.116466,-94.731265,seat,79588.1,1959353.4,17.31024347,40539.9,1001390.6,17.31024347
48345,TX,Motley County,Matador,34.01389,-100.82139,34.057899,-100.793152,seat,104399.4,2582550.3,19.96611077,38393.3,836448.8,19.96611077
48347,TX,Nacogdoches County,Nacogdoches,31.608888888889,-94.650833333333,31.62056,-94.62025,seat,85430.9,2097770.0,61.21025361,47316.3,1180373.1,61.21025361
48349,TX,Navarro County,Corsicana,32.0925,-96.469444444444,32.048448,-96.476909,seat,88780.6,2165534.3,54.55198247,39427.0,988509.7,54.55198247
48351,TX,Newton County,Newton,30.8503,-93.7542,30.786718,-93.73925,seat,85325.0,2034145.8,45.07392395,53418.5,1285302.0,45.07392395
48353,TX,Nolan County,Sweetwater,32.4681,-100.407,32.312338,-100.418108,seat,100269.6,2500919.3,7.720725878,43545.4,1080171.6,7.720725878
48355,TX,Nueces County,Corpus Christi,27.742777777778,-97.401944444444,27.740032,-97.516214,seat,108202.4,2610041.8,41.78663709,60270.0,1511295.4,41.78663709
48357,TX,Ochiltree County,Perryton,36.393611111111,-100.79694444444,36.278744,-100.815864,seat,102130.7,2438772.5,5.563563205,24516.6,544667.1,5.563563205
48359,TX,Oldham County,Vega,35.2456,-102.425,35.401921,-102.59762,seat,104833.7,2632398.0,36.87088721,33344.5,758631.0,36.87088721
48361,TX,Orange County,Orange,30.109166666667,-93.759166666667,30.122323,-93.8941,seat,86198.9,2095347.0,2.85494788,56568.3,1376831.9,2.85494788
48363,TX,Palo Pinto County,Palo Pinto,32.767222222222,-98.298611111111,32.752204,-98.317967,seat,93001.7,2292107.0,1.998405698,38509.9,956973.1,1.998405698
48365,TX,Panola County,Carthage,32.151944444444,-94.337222222222,32.163978,-94.305156,seat,82062.2,2019749.3,30.05044798,45925.0,1133556.9,30.05044798
48367,TX,Parker County,Weatherford,32.759166666667,-97.785,32.777096,-97.805905,seat,90333.1,2236597.5,0.5545023048,37032.1,930724.3,0.5545023048
48369,TX,Parmer County,Farwell,34.3831,-103.038,34.532163,-102.784853,seat,108853.4,2730105.0,24.65004301,38334.0,883976.6,24.65004301
48371,TX,Pecos County,Fort Stockton,30.891388888889,-102.885,30.773298,-102.718153,seat,114252.1,2843920.5,9.467232601,54586.4,1289447.5,9.467232601
48373,TX,Polk County,Livingston,30.7094,-94.9344,30.784553,-94.837338,seat,89500.6,2142843.5,3.216504041,49302.2,1243684.4,3.216504041
48375,TX,Potter County,Amarillo,35.199166666667,-101.84527777778,35.398675,-101.893804,seat,102727.4,2579581.3,10.02453938,32207.7,735888.4,10.02453938
48377,TX,Presidio County,Marfa,30.311666666667,-104.02444444444,30.005891,-104.261619,seat,120372.3,2991000.3,15.23840177,60706.6,1436527.5,15.23840177
48379,TX,Rains County,Emory,32.8767,-95.7664,32.870457,-95.795613,seat,82987.0,2049501.6,28.39632534,39735.5,968057.4,28.39632534
48381,TX,Randall County,Canyon,34.979444444444,-101.92583333333,34.962529,-101.895547,seat,103871.5,2605433.0,11.43011538,33447.7,763207.0,11.43011538
48383,TX,Reagan County,Big Lake,31.193888888889,-101.45888888889,31.375191,-101.514395,seat,108390.7,2693465.0,3.717846946,51636.2,1228878.8,3.717846946
48385,TX,Real County,Leakey,29.7253,-99.7614,29.830097,-99.812549,seat,109431.2,2702878.5,40.73567035,55468.5,1370927.9,40.73567035
48387,TX,Red River County,Clarksville,33.6111,-95.0525,33.619625,-95.048429,seat,79290.8,1953851.3,31.49111905,37726.6,938647.8,31.49111905
48389,TX,Reeves County,Pecos,31.4156,-103.5,31.308366,-103.712706,seat,112383.1,2828732.5,1.224106058,52717.4,1274259.5,1.224106058
48391,TX,Refugio County,Refugio,28.305833333333,-97.274722222222,28.322116,-97.162472,seat,104706.7,2534348.3,14.08355688,56774.3,1435601.8,14.08355688
48393,TX,Roberts County,Miami,35.69278,-100.63889,35.838596,-100.836682,seat,99723.6,2479772.5,4.926581618,28088.9,635168.1,4.926581618
48395,TX,Robertson County,Franklin,31.0261,-96.4861,31.025481,-96.514941,seat,91993.1,2242096.8,16.76412754,45050.8,1142295.6,16.76412754
48397,TX,Rockwall County,Rockwall,32.92,-96.459722222222,32.899886,-96.41205,seat,84608.4,2106205.5,5.245096748,36816.3,925081.1,5.245096748
48399,TX,Runnels County,Ballinger,31.733333333333,-99.95,31.845119,-99.982715,seat,101434.4,2519563.5,22.67508742,45200.8,1129904.4,22.67508742
48401,TX,Rusk County,Henderson,32.1539,-94.8028,32.109423,-94.756382,seat,83394.1,2041743.0,4.107259065,44358.7,1115993.3,4.107259065
48403,TX,Sabine County,Hemphill,31.3425,-93.855,31.3433,-93.851913,seat,85579.2,2052095.9,97.57790412,51182.9,1249476.8,97.57790412
48405,TX,San Augustine County,San Augustine,31.5311,-94.1108,31.382449,-94.16318,seat,85230.2,2095213.1,32.42252232,49093.0,1209020.8,32.42252232
48407,TX,San Jacinto County,Coldspring,30.5881,-95.1333,30.574388,-95.163136,seat,91441.2,2172890.8,5.661808103,49096.6,1225487.1,5.661808103
48409,TX,San Patricio County,Sinton,28.0347,-97.5089,28.011794,-97.517157,seat,106580.6,2573104.0,34.32054497,58165.0,1462360.5,34.32054497
48411,TX,San Saba County,San Saba,31.1953,-98.725,31.155138,-98.819292,seat,99593.1,2438593.0,35.17655187,47196.1,1153180.8,35.17655187
48413,TX,Schleicher County,Eldorado,30.8608,-100.598,30.896233,-100.527216,seat,106732.5,2652121.3,18.3009221,50147.0,1249483.8,18.3009221
48415,TX,Scurry County,Snyder,32.715555555556,-100.91444444444,32.744353,-100.913346,seat,102545.9,2562451.8,54.12418837,44472.6,1099057.3,54.12418837
48417,TX,Shackelford County,Albany,32.726944444444,-99.294444444444,32.74382,-99.347005,seat,98014.9,2415505.0,40.07043172,40217.3,983101.6,40.07043172
48419,TX,Shelby County,Center,31.793611111111,-94.178333333333,31.790139,-94.142579,seat,84017.8,2064336.1,8.057832425,47880.6,1178143.8,8.057832425
48421,TX,Sherman County,Stratford,36.3361,-102.071,36.278593,-101.899265,seat,105868.4,2508954.0,19.36558139,27131.2,601027.3,19.36558139
48423,TX,Smith County,Tyler,32.350833333333,-95.300555555556,32.375105,-95.268939,seat,83452.0,2046516.8,2.907696953,41724.1,1053202.9,2.907696953
48425,TX,Somervell County,Glen Rose,32.246666666667,-97.7475,32.218071,-97.769217,seat,91232.4,2260896.0,122.1774591,38835.4,975483.9,122.1774591
48427,TX,Starr County,Rio Grande City,26.3806,-98.8183,26.530903,-98.740235,seat,119784.6,2893027.8,11.15686962,69016.5,1733952.6,11.15686962
48429,TX,Stephens County,Breckenridge,32.7567,-98.9056,32.738052,-98.839344,seat,95939.6,2354463.5,48.06332497,38111.3,945411.0,48.06332497
48431,TX,Sterling County,Sterling City,31.839166666667,-100.98583333333,31.835773,-101.054911,seat,104491.7,2603036.5,0.4435350064,47906.2,1200398.9,0.4435350064
48433,TX,Stonewall County,Aspermont,33.13917,-100.22806,33.17958,-100.253807,seat,102269.8,2526106.0,14.86413233,40581.9,1002454.2,14.86413233
48435,TX,Sutton County,Sonora,30.5681,-100.644,30.522185,-100.513359,seat,108224.2,2686675.0,46.95611476,51638.7,1284037.5,46.95611476
48437,TX,Swisher County,Tulia,34.5358,-101.759,34.526319,-101.743865,seat,105898.5,2658887.8,8.646262122,35474.7,816661.8,8.646262122
48439,TX,Tarrant County,Fort Worth,32.756388888889,-97.3325,32.772119,-97.291224,seat,88430.3,2193050.0,2.815611705,35159.5,889746.2,2.815611705
48441,TX,Taylor County,Abilene,32.446388888889,-99.745555555556,32.297126,-99.89043,seat,97872.9,2433748.3,6.023093979,41679.5,1040040.4,6.023093979
48443,TX,Terrell County,Sanderson,30.1411,-102.396,30.232343,-102.072513,seat,118542.6,2885521.8,4.375948734,59058.1,1394424.8,4.375948734
48445,TX,Terry County,Brownfield,33.179722222222,-102.27083333333,33.171229,-102.339284,seat,109483.2,2685871.0,51.79593688,42320.1,992210.6,51.79593688
48447,TX,Throckmorton County,Throckmorton,33.17872,-99.17758,33.170695,-99.205796,seat,97956.5,2398133.5,7.985890061,37416.5,928159.6,7.985890061
48449,TX,Titus County,Mount Pleasant,33.1578,-94.97,33.214599,-94.966783,seat,78980.3,1956689.9,33.93823057,39189.6,972050.9,33.93823057
48451,TX,Tom Green County,San Angelo,31.45,-100.45,31.398295,-100.46385,seat,103864.6,2583319.5,37.97900122,47279.1,1180681.8,37.97900122
48453,TX,Travis County,Austin,30.3,-97.733333333333,30.239513,-97.69127,seat,98323.0,2451412.0,0.5295056752,46837.3,1189232.9,0.5295056752
48455,TX,Trinity County,Groveton,31.0561,-95.1294,31.096675,-95.151687,seat,89664.5,2183253.5,48.70429459,48688.2,1172911.3,48.70429459
48457,TX,Tyler County,Woodville,30.7761,-94.4211,30.769295,-94.375656,seat,87321.2,2090697.3,82.99663794,50981.7,1252630.0,82.99663794
48459,TX,Upshur County,Gilmer,32.7325,-94.946944444444,32.735349,-94.941184,seat,80838.1,1988326.5,32.16306259,41170.4,1020143.6,32.16306259
48461,TX,Upton County,Rankin,31.224444444444,-101.94083333333,31.353816,-102.041546,seat,110001.7,2759872.5,13.91121778,50417.9,1206478.1,13.91121778
48463,TX,Uvalde County,Uvalde,29.209722222222,-99.786111111111,29.350308,-99.768427,seat,109335.7,2711782.8,9.048903843,57850.0,1449603.8,9.048903843
48465,TX,Val Verde County,Del Rio,29.370833333333,-100.89583333333,29.875285,-101.143324,seat,114171.1,2824605.8,43.73044831,57732.5,1428891.5,43.73044831
48467,TX,Van Zandt County,Canton,32.553611111111,-95.866666666667,32.558787,-95.836906,seat,85115.0,2087549.9,54.92720975,39449.6,992773.5,54.92720975
48469,TX,Victoria County,Victoria,28.816944444444,-96.993333333333,28.79637,-96.971198,seat,102129.0,2469264.0,63.34583317,54574.3,1350549.3,63.34583317
48471,TX,Walker County,Huntsville,30.723327777778,-95.550955555556,30.743163,-95.569825,seat,92482.9,2211886.3,36.80722167,46289.6,1174446.1,36.80722167
48473,TX,Waller County,Hempstead,30.0914,-96.0814,30.01359,-95.982149,seat,96715.0,2343625.3,35.97322247,49039.0,1237640.5,35.97322247
48475,TX,Ward County,Monahans,31.671944444444,-103.08305555556,31.513069,-103.105113,seat,112983.2,2791814.0,370.0680321,52620.5,1204392.0,370.0680321
48477,TX,Washington County,Brenham,30.161944444444,-96.396944444444,30.215075,-96.410272,seat,97643.3,2362759.5,0.9883538224,49120.8,1225850.6,0.9883538224
48479,TX,Webb County,Laredo,27.506111111111,-99.507222222222,27.760799,-99.340752,seat,113189.9,2830705.5,28.75551998,61704.2,1568526.5,28.75551998
48481,TX,Wharton County,Wharton,29.3169,-96.0969,29.27848,-96.229674,seat,97711.3,2361853.8,35.25435406,54277.6,1339695.6,35.25435406
48483,TX,Wheeler County,Wheeler,35.4425,-100.274,35.392593,-100.253107,seat,97630.3,2426327.5,16.70971172,29300.8,637881.5,16.70971172
48485,TX,Wichita County,Wichita Falls,33.896944444444,-98.515,33.988212,-98.70801,seat,93557.4,2290422.5,3.328889858,31599.7,798589.6,3.328889858
48487,TX,Wilbarger County,Vernon,34.1511,-99.2906,34.08492,-99.24244,seat,96682.1,2371455.3,33.6149937,34000.4,845208.5,33.6149937
48489,TX,Willacy County,Raymondville,26.4814,-97.7831,26.481861,-97.594731,seat,114298.7,2760966.8,11.53142548,65949.3,1648499.9,11.53142548
48491,TX,Williamson County,Georgetown,30.6511,-97.6814,30.649082,-97.605065,seat,96535.2,2408590.5,2.541931453,45049.5,1146411.4,2.541931453
48493,TX,Wilson County,Floresville,29.139805555556,-98.161694444444,29.173883,-98.086734,seat,104749.7,2619772.0,71.96129835,53264.0,1357592.9,71.96129835
48495,TX,Winkler County,Kermit,31.8558,-103.094,31.832862,-103.054925,seat,111592.7,2780704.0,20.88530262,50393.8,1177960.5,20.88530262
48497,TX,Wise County,Decatur,33.233333333333,-97.583333333333,33.219095,-97.653997,seat,90001.7,2206949.0,14.8629039,33731.7,848759.9,14.8629039
48499,TX,Wood County,Quitman,32.7961,-95.4444,32.783588,-95.382166,seat,82453.8,2027970.3,35.59954115,40375.0,996569.1,35.59954115
48501,TX,Yoakum County,Plains,33.1903,-102.827,33.162339,-102.832241,seat,111525.4,2737723.0,5.223024152,43191.2,1007417.7,5.223024152
48503,TX,Young County,Graham,33.1008,-98.5792,33.158778,-98.67839,seat,94583.1,2334753.5,4.759381888,36025.9,892725.8,4.759381888
48505,TX,Zapata County,Zapata,26.9061,-99.27,26.996981,-99.182603,seat,116736.2,2908894.5,37.84579295,65250.5,1646715.4,37.84579295
48507,TX,Zavala County,Crystal City,28.6844,-99.8278,28.864652,-99.75983,seat,111111.3,2764919.5,46.93787054,59625.6,1502740.5,46.93787054
49001,UT,Beaver County,Beaver,38.2764,-112.639,38.357535,-113.238948,seat,142254.1,3559723.8,44.19426429,58064.2,1469587.8,44.19426429
49003,UT,Box Elder County,Brigham City,41.510277777778,-112.015,41.622623,-113.060252,seat,134103.5,3378921.5,23.55624358,52543.6,1381596.8,23.55624358
49005,UT,Cache County,Logan,41.737777777778,-111.83083333333,41.734118,-111.745394,seat,134726.3,3343374.8,12.23337591,53166.4,1346050.0,12.23337591
49007,UT,Carbon County,Price,39.6,-110.80666666667,39.673284,-110.588484,seat,135962.4,3364714.0,50.40602043,51772.5,1274577.8,50.40602043
49009,UT,Daggett County,Manila,40.9925,-109.719444,40.890099,-109.505785,seat,126511.5,3156789.3,66.96569112,44951.6,1159464.5,66.96569112
49011,UT,Davis County,Farmington,40.986666666667,-111.89916666667,41.037559,-112.201943,seat,132838.6,3345150.3,19.19006855,51278.7,1347825.8,19.19006855
49013,UT,Duchesne County,Duchesne,40.164444444444,-110.40055555556,40.289393,-110.429584,seat,134368.8,3327744.3,12.88068933,52704.5,1225897.9,12.88068933
49015,UT,Emery County,Castle Dale,39.215833333333,-111.02083333333,39.009025,-110.7211,seat,137704.6,3395451.5,88.03844349,53514.7,1305315.3,88.03844349
49017,UT,Garfield County,Panguitch,37.822222222222,-112.43472222222,37.831663,-111.450907,seat,144089.5,3584941.8,47.87063519,59899.6,1494805.8,47.87063519
49019,UT,Grand County,Moab,38.5725,-109.54972222222,38.974326,-109.57345,seat,132669.7,3281532.3,20.53655109,48479.8,1191396.1,20.53655109
49021,UT,Iron County,Parowan,37.841111111111,-112.83111111111,37.909304,-113.30674,seat,144168.5,3614117.3,83.82539606,59978.6,1523981.3,83.82539606
49023,UT,Juab County,Nephi,39.709166666667,-111.83138888889,39.71412,-112.790471,seat,137336.0,3446234.5,67.95191093,55776.1,1448909.8,67.95191093
49025,UT,Kane County,Kanab,37.035555555556,-112.53111111111,37.275089,-111.815329,seat,149426.3,3693852.3,130.284911,65236.4,1603716.0,130.284911
49027,UT,Millard County,Fillmore,38.967777777778,-112.33083333333,38.956744,-113.133092,seat,141001.8,3542596.8,103.9911592,57414.7,1429902.5,103.9911592
49029,UT,Morgan County,Morgan,41.041111111111,-111.67611111111,41.091027,-111.577885,seat,131112.9,3302816.8,19.75100779,49553.0,1305492.1,19.75100779
49031,UT,Piute County,Junction,38.236388888889,-112.22305555556,38.335881,-112.129375,seat,141622.8,3531303.5,54.72784752,57432.9,1441167.3,54.72784752
49033,UT,Rich County,Randolph,41.664444444444,-111.18333333333,41.627598,-111.240227,seat,129998.1,3259377.8,99.09249081,48438.2,1262053.0,99.09249081
49035,UT,Salt Lake County,Salt Lake City,40.75,-111.88333333333,40.667883,-111.92424,seat,133041.5,3349268.8,22.65454374,51481.6,1351944.3,22.65454374
49037,UT,San Juan County,Monticello,37.869166666667,-109.34194444444,37.602633,-109.791574,seat,136619.4,3368480.3,62.27273164,52429.5,1278344.0,62.27273164
49039,UT,Sanpete County,Manti,39.264722222222,-111.63888888889,39.373426,-111.576933,seat,139963.5,3481221.0,79.71330741,55773.6,1391085.0,79.71330741
49041,UT,Sevier County,Richfield,38.765833333333,-112.0875,38.746824,-111.81193,seat,138711.1,3462179.3,58.05891816,54521.2,1372043.3,58.05891816
49043,UT,Summit County,Coalville,40.917222222222,-111.39833333333,40.87206,-110.968486,seat,130315.3,3284215.5,26.6201992,48755.4,1286890.8,26.6201992
49045,UT,Tooele County,Tooele,40.530555555556,-112.29861111111,40.467753,-113.123979,seat,135315.1,3404926.0,5.694680478,53755.2,1407601.3,5.694680478
49047,UT,Uintah County,Vernal,40.4547,-109.536,40.125887,-109.517748,seat,130405.1,3235112.8,33.66693956,48740.8,1133266.5,33.66693956
49049,UT,Utah County,Provo,40.233888888889,-111.65861111111,40.120418,-111.668563,seat,134680.7,3380666.8,0.3404516807,53120.8,1383342.0,0.3404516807
49051,UT,Wasatch County,Heber City,40.506666666667,-111.41222222222,40.334884,-111.161568,seat,132435.7,3335628.8,38.10681521,50875.8,1338304.3,38.10681521
49053,UT,Washington County,St. George,37.095277777778,-113.57805555556,37.262531,-113.4878,seat,148272.9,3726361.3,31.85418183,64083.0,1636225.3,31.85418183
49055,UT,Wayne County,Loa,38.402777777778,-111.64388888889,38.259856,-110.990872,seat,139398.2,3435815.5,68.37968512,55208.3,1345679.3,68.37968512
49057,UT,Weber County,Ogden,41.227777777778,-111.96111111111,41.270325,-111.876883,seat,132760.0,3339773.3,94.71937917,51200.1,1342448.5,94.71937917
50001,VT,Addison County,Middlebury,44.01553,-73.16937,44.031248,-73.141581,seat,36753.7,776358.1,21.78931549,108059.9,2486789.0,21.78931549
50003,VT,Bennington County,Manchester,43.1653655,-73.0676568,43.035328,-73.111496,seat,32263.2,677889.3,17.93762804,105907.3,2482516.0,17.93762804
50005,VT,Caledonia County,St. Johnsbury,44.4552387,-72.0115463,44.468791,-72.112168,seat,40402.9,876336.3,28.87135191,112499.4,2677749.5,28.87135191
50007,VT,Chittenden County,Burlington,44.4876246,-73.2314828,44.463329,-73.06941,seat,40030.3,842295.0,235.5319716,108273.3,2548554.5,235.5319716
50009,VT,Essex County,Guildhall,44.5475675,-71.6283358,44.724021,-71.732736,seat,43398.0,921454.4,282.0981695,115262.0,2704499.0,282.0981695
50011,VT,Franklin County,Saint Albans,44.8097,-73.0872,44.858964,-72.909402,seat,41487.0,923762.8,51.0302057,106076.7,2504312.5,51.0302057
50013,VT,Grand Isle County,North Hero,44.831666666667,-73.273888888889,44.801787,-73.300759,seat,40948.1,908496.9,0.897893797,105537.8,2489046.8,0.897893797
50015,VT,Lamoille County,Hyde Park,44.6245275,-72.5647598,44.611192,-72.632659,seat,42998.7,914537.2,42.12164965,110285.5,2576544.3,42.12164965
50017,VT,Orange County,Chelsea,43.9940267,-72.4571131,44.003373,-72.369579,seat,38893.3,826484.7,116.0205507,111977.3,2587795.5,116.0205507
50019,VT,Orleans County,Newport,44.9442,-72.2044,44.828442,-72.25163,seat,43205.4,940640.1,44.23099146,109931.8,2617861.0,44.23099146
50021,VT,Rutland County,Rutland,43.6089,-72.9797,43.612399,-73.060304,seat,34796.4,749569.3,13.35522015,106623.5,2500308.5,13.35522015
50023,VT,Washington County,Montpelier,44.2658586,-72.5717415,44.274969,-72.609444,seat,39832.0,862909.8,1.792217867,110646.1,2608086.0,1.792217867
50025,VT,Windham County,Newfane,42.983333333333,-72.658333333333,42.995304,-72.721877,seat,33069.3,695966.1,12.49721727,108149.8,2513672.0,12.49721727
50027,VT,Windsor County,Woodstock,43.624166666667,-72.518333333333,43.572448,-72.598813,seat,36596.3,777176.6,10.71696189,109836.9,2553322.0,10.71696189
51001,VA,Accomack County,Accomac,37.718611111111,-75.667222222222,37.765944,-75.757807,seat,14313.0,277872.6,62.69119655,101696.3,2337956.0,62.69119655
51003,VA,Albemarle County,Charlottesville,38.0299,-78.479,38.024184,-78.553506,seat,9872.5,189624.7,27.80336036,84992.5,2031996.8,27.80336036
51005,VA,Alleghany County,Covington,37.786225,-79.988817,37.787905,-80.008669,seat,15732.6,369849.7,1.269743058,77962.9,1860945.8,1.269743058
51007,VA,Amelia County,Amelia Court House,37.3417,-77.9809,37.331927,-77.977462,seat,10580.4,229701.1,30.85091271,89643.8,2101520.3,30.85091271
51009,VA,Amherst County,Amherst,37.58514,-79.05141,37.629304,-79.154667,seat,13324.2,265545.4,11.59924133,83342.6,1979805.5,11.59924133
51011,VA,Appomattox County,Appomattox,37.3589,-78.8264,37.370725,-78.81094,seat,14149.4,313132.0,55.54364767,85732.0,2033286.5,55.54364767
51013,VA,Arlington County,(internal point),38.878337,-77.100703,38.878337,-77.100703,internal_point,794.5,10371.0,32.9758765,89033.6,2082743.3,32.9758765
51015,VA,Augusta County,Staunton,38.1581,-79.0764,38.17259,-79.140975,seat,11168.3,254608.1,42.44068794,82926.2,1980650.3,42.44068794
51017,VA,Bath County,Warm Springs,38.0461,-79.7906,38.068368,-79.731203,seat,15671.1,340367.3,0.7366659145,80147.7,1897325.0,0.7366659145
51019,VA,Bedford County,Bedford,37.334591,-79.522783,37.312257,-79.527223,seat,16310.7,330908.9,5.911772193,83717.6,1953876.5,5.911772193
51021,VA,Bland County,Bland,37.1021,-81.1162,37.130612,-81.125853,seat,21590.1,512355.4,1.752292162,76124.8,1780982.5,1.752292162
51023,VA,Botetourt County,Fincastle,37.4994,-79.8767,37.565482,-79.797546,seat,15758.6,362562.6,1.419623791,80966.4,1919465.8,1.419623791
51025,VA,Brunswick County,Lawrenceville,36.7583,-77.8506,36.764204,-77.861483,seat,12897.1,288508.7,31.09725429,92583.7,2169423.0,31.09725429
51027,VA,Buchanan County,Grundy,37.2785,-82.1,37.26812,-82.038151,seat,28761.7,655717.3,9.224749921,69261.1,1646816.3,9.224749921
51029,VA,Buckingham County,Buckingham,37.5501,-78.5555,37.573928,-78.529169,seat,12423.2,274912.3,18.71449198,85951.5,2031278.5,18.71449198
51031,VA,Campbell County,Rustburg,37.2736,-79.0989,37.210152,-79.095428,seat,15191.5,305058.9,5.352014029,85136.6,2018796.3,5.352014029
51033,VA,Caroline County,Bowling Green,38.0533,-77.3475,38.028033,-77.353736,seat,5930.5,123032.4,5.980964501,91388.3,2186602.3,5.980964501
51035,VA,Carroll County,Hillsville,36.7589,-80.7344,36.731963,-80.727831,seat,21753.3,512088.1,59.23204305,78883.9,1844762.5,59.23204305
51036,VA,Charles City County,Charles City,37.3436,-77.0731,37.361054,-77.05417,seat,9863.2,215949.7,44.05411416,92029.5,2194904.8,44.05411416
51037,VA,Charlotte County,Charlotte Court House,37.0569,-78.6342,37.009042,-78.658568,seat,14527.4,303775.2,6.103346875,88232.5,2078268.0,6.103346875
51041,VA,Chesterfield County,Chesterfield Court House,37.3764,-77.5039,37.378434,-77.585847,seat,8974.1,195426.0,18.97858761,90232.3,2161234.3,18.97858761
51043,VA,Clarke County,Berryville,39.1511,-77.9825,39.115307,-77.990748,seat,5683.1,106763.1,7.467651357,85090.8,1981263.5,7.467651357
51045,VA,Craig County,New Castle,37.5008,-80.1108,37.473603,-80.231051,seat,17504.6,395545.8,44.76003742,80082.1,1892853.5,44.76003742
51047,VA,Culpeper County,Culpeper,38.471944444444,-77.999166666667,38.48593,-77.956476,seat,6128.6,116576.4,2.84718449,88684.2,2101550.3,2.84718449
51049,VA,Cumberland County,Cumberland,37.4961,-78.2453,37.520189,-78.252836,seat,11135.2,244585.6,1.807764064,87228.8,2061461.0,1.807764064
51051,VA,Dickenson County,Clintwood,37.15,-82.4567,37.136701,-82.34922,seat,29743.3,679080.3,7.913074013,68890.1,1629228.5,7.913074013
51053,VA,Dinwiddie County,Dinwiddie,37.0781,-77.5867,37.073498,-77.635492,seat,10601.7,237057.0,1.621406614,92376.0,2172116.5,1.621406614
51057,VA,Essex County,Tappahannock,37.9222,-76.8631,37.936389,-76.933747,seat,8004.8,146287.5,47.4969388,92685.1,2206333.0,47.4969388
51059,VA,Fairfax County,Fairfax,38.852612,-77.304377,38.82952,-77.273252,seat,1984.5,32767.4,10.47854082,89136.0,2085269.5,10.47854082
51061,VA,Fauquier County,Warrenton,38.71345,-77.79527,38.744096,-77.8215,seat,4151.1,78354.1,0.6189890947,87867.1,2050191.3,0.6189890947
51063,VA,Floyd County,Floyd,36.9122,-80.3183,36.931433,-80.350266,seat,19873.1,457596.1,63.01514411,80938.8,1902487.3,63.01514411
51065,VA,Fluvanna County,Palmyra,37.8611,-78.2633,37.830584,-78.283494,seat,9731.8,187256.3,15.67480945,86514.6,2061369.5,15.67480945
51067,VA,Franklin County,Rocky Mount,36.9997,-79.8897,36.991186,-79.882715,seat,18703.4,428644.2,22.68412457,83591.4,1948556.3,22.68412457
51069,VA,Frederick County,Winchester,39.1783,-78.1667,39.20366,-78.263829,seat,6617.1,124737.2,34.94493618,84168.2,1963492.9,34.94493618
51071,VA,Giles County,Pearisburg,37.3292,-80.7325,37.318072,-80.698321,seat,20499.8,459008.4,53.48372168,76641.5,1819794.8,53.48372168
51073,VA,Gloucester County,Gloucester Courthouse,37.4128,-76.5242,37.403541,-76.523505,seat,11641.0,241285.2,38.2712092,93936.4,2236904.0,38.2712092
51075,VA,Goochland County,Goochland,37.6844,-77.8853,37.718814,-77.917626,seat,8945.2,200648.3,4.558293256,87964.7,2103887.3,4.558293256
51077,VA,Grayson County,Independence,36.6228,-81.1517,36.652229,-81.215324,seat,23544.8,542443.0,25.23237225,79061.7,1818897.0,25.23237225
51079,VA,Greene County,Stanardsville,38.2969,-78.4394,38.297981,-78.470163,seat,8494.8,166091.2,6.920789257,86382.9,2056506.0,6.920789257
51081,VA,Greensville County,Emporia,36.693018,-77.53809,36.680336,-77.560277,seat,12098.2,284542.7,27.20606531,94029.1,2246039.8,27.20606531
51083,VA,Halifax County,Halifax,36.76597,-78.92834,36.766461,-78.939614,seat,16079.1,346683.7,20.37909694,88623.1,2082028.3,20.37909694
51085,VA,Hanover County,Hanover Courthouse,37.7719,-77.375,37.760215,-77.491317,seat,6859.6,151378.6,213.5825746,90162.4,2157296.3,213.5825746
51087,VA,Henrico County,(internal point),37.43752,-77.300333,37.43752,-77.300333,internal_point,8539.5,195389.8,82.31845504,90705.8,2174344.8,82.31845504
51089,VA,Henry County,Martinsville,36.686143,-79.869171,36.620612,-79.980662,seat,21057.7,416255.4,6.701714051,84036.4,1945731.8,6.701714051
51091,VA,Highland County,Monterey,38.4119,-79.5806,38.366243,-79.564472,seat,14499.5,311686.1,5.445527137,82655.1,1946059.5,5.445527137
51093,VA,Isle of Wight County,Isle of Wight,36.9078,-76.7078,36.901418,-76.707569,seat,13170.6,297723.7,4.72611162,95333.8,2265900.0,4.72611162
51095,VA,James City County,Williamsburg,37.2708,-76.7069,37.324837,-76.777888,seat,10684.8,245904.3,41.26811999,92851.1,2224859.3,41.26811999
51097,VA,King and Queen County,King and Queen Court House,37.67,-76.8775,37.717772,-76.905581,seat,9700.2,202336.8,16.98116665,92978.4,2209728.8,16.98116665
51099,VA,King George County,King George,38.2807539,-77.1896138,38.27718,-77.162636,seat,5549.9,93626.1,166.9608,92417.4,2174949.3,166.9608
51101,VA,King William County,King William,37.6875,-77.0136,37.70826,-77.091054,seat,8425.7,181438.9,0.0,91563.3,2184187.3,0.0
51103,VA,Lancaster County,Lancaster,37.7697,-76.4664,37.704843,-76.412663,seat,10002.0,178502.1,25.81358574,95232.9,2254985.8,25.81358574
51105,VA,Lee County,Jonesville,36.6881,-83.1164,36.701721,-83.130112,seat,30157.4,704239.1,53.87536563,68782.8,1624941.1,53.87536563
51107,VA,Loudoun County,Leesburg,39.115555555556,-77.564444444444,39.0812,-77.638898,seat,3561.6,60501.0,3.586770707,87192.3,2021146.8,3.586770707
51109,VA,Louisa County,Louisa,38.0242,-78.0017,37.972704,-77.959795,seat,7634.7,149605.2,13.48771728,86987.2,2079728.0,13.48771728
51111,VA,Lunenburg County,Lunenburg,36.9611,-78.2656,36.945555,-78.240528,seat,13705.1,284993.4,28.323026,89882.3,2114804.5,28.323026
51113,VA,Madison County,Madison,38.3808,-78.2581,38.412059,-78.276961,seat,7250.5,143898.7,41.06870714,87233.7,2073877.3,41.06870714
51115,VA,Mathews County,Mathews,37.4369,-76.32,37.425348,-76.268808,seat,12374.4,230703.9,2.665125251,95106.5,2257822.0,2.665125251
51117,VA,Mecklenburg County,Boydton,36.6681,-78.3889,36.687256,-78.368959,seat,14495.5,328638.9,52.98900791,91095.7,2095825.3,52.98900791
51119,VA,Middlesex County,Saluda,37.606111111111,-76.595,37.606975,-76.528082,seat,10291.4,192486.5,2.845265092,93343.5,2226915.3,2.845265092
51121,VA,Montgomery County,Christiansburg,37.1411,-80.4078,37.175538,-80.387794,seat,18278.8,424703.6,19.30054581,78993.8,1868838.0,19.30054581
51125,VA,Nelson County,Lovingston,37.76,-78.8708,37.789079,-78.88344,seat,12011.4,238196.0,8.645220764,84646.5,2006730.3,8.645220764
51127,VA,New Kent County,New Kent,37.5178,-76.9789,37.51016,-76.999331,seat,9177.3,209372.2,8.836748133,91343.6,2188327.3,8.836748133
51131,VA,Northampton County,Eastville,37.35264,-75.94576,37.302775,-75.924018,seat,16934.2,326932.5,30.80440752,99111.6,2355409.8,30.80440752
51133,VA,Northumberland County,Heathsville,37.9175,-76.4722,37.856974,-76.379687,seat,9699.6,171297.0,3.892830437,94923.9,2247780.5,3.892830437
51135,VA,Nottoway County,Nottoway,37.1236,-78.0719,37.141167,-78.053866,seat,12449.6,264858.3,68.67627794,89777.5,2118362.0,68.67627794
51137,VA,Orange County,Orange,38.2458,-78.1097,38.249326,-78.011092,seat,6967.9,140281.7,17.07840102,87437.1,2076489.3,17.07840102
51139,VA,Page County,Luray,38.6642,-78.4544,38.623209,-78.491872,seat,7608.9,152443.6,30.82391315,86781.0,2068571.0,30.82391315
51141,VA,Patrick County,Stuart,36.6403,-80.2739,36.667138,-80.286413,seat,22226.3,487151.4,73.33994319,81718.6,1901821.5,73.33994319
51143,VA,Pittsylvania County,Chatham,36.8256,-79.3975,36.821721,-79.398502,seat,18117.2,368135.9,15.13219538,86871.8,2002952.3,15.13219538
51145,VA,Powhatan County,Powhatan,37.5422,-77.9189,37.549404,-77.912855,seat,9794.6,216483.5,11.46583853,88859.8,2093218.3,11.46583853
51147,VA,Prince Edward County,Farmville,37.3021,-78.39194,37.224881,-78.432957,seat,12598.6,269785.0,3.255273103,87903.2,2078595.5,3.255273103
51149,VA,Prince George County,Prince George,37.2206,-77.2881,37.187325,-77.220993,seat,9520.2,218494.3,5.959019437,91686.5,2197449.3,5.959019437
51153,VA,Prince William County,(internal point),38.701119,-77.479579,38.701119,-77.479579,internal_point,3583.3,64795.0,100.6851061,88814.0,2072894.8,100.6851061
51155,VA,Pulaski County,Pulaski,37.05,-80.7722,37.063385,-80.713444,seat,19700.3,463120.7,44.68072639,78477.3,1834938.8,44.68072639
51157,VA,Rappahannock County,Washington,38.7128,-78.1594,38.684522,-78.168824,seat,6020.4,113617.7,12.34278964,87508.6,2030717.3,12.34278964
51159,VA,Richmond County,Warsaw,37.9575,-76.7583,37.942894,-76.730561,seat,8154.2,141586.9,23.1928906,93318.3,2217484.3,23.1928906
51161,VA,Roanoke County,Salem,37.286895,-80.055836,37.330792,-80.191237,seat,16580.3,388629.8,38.9199804,80865.8,1907281.3,38.9199804
51163,VA,Rockbridge County,Lexington,37.7840208,-79.4428157,37.814517,-79.447754,seat,13256.0,307144.8,2.889738755,80728.4,1926480.0,2.889738755
51165,VA,Rockingham County,Harrisonburg,38.4494,-78.8689,38.507585,-78.885321,seat,9417.4,214452.2,24.96529036,84405.0,2017276.3,24.96529036
51167,VA,Russell County,Lebanon,36.9008,-82.0769,36.93342,-82.095934,seat,26411.8,617151.8,5.884722504,72759.6,1698364.0,5.884722504
51169,VA,Scott County,Gate City,36.6383,-82.5806,36.712776,-82.613624,seat,27341.7,646219.6,20.08839942,71632.9,1687560.8,20.08839942
51171,VA,Shenandoah County,Woodstock,38.8769,-78.5114,38.856204,-78.573987,seat,7106.6,156663.5,60.60798225,86285.3,2015405.5,60.60798225
51173,VA,Smyth County,Marion,36.83694,-81.51639,36.842318,-81.539786,seat,22603.8,537877.1,19.58455461,75549.2,1762670.8,19.58455461
51175,VA,Southampton County,Courtland,36.7158,-77.0661,36.720068,-77.103813,seat,12816.2,288963.4,17.71540637,94747.1,2250460.5,17.71540637
51177,VA,Spotsylvania County,Spotsylvania Courthouse,38.2019,-77.5875,38.182431,-77.657226,seat,4989.4,100042.0,21.91721349,89831.1,2129906.3,21.91721349
51179,VA,Stafford County,Stafford,38.4153,-77.4156,38.423084,-77.458048,seat,3251.8,69002.1,28.96453059,90714.0,2113802.0,28.96453059
51181,VA,Surry County,Surry,37.1358,-76.8353,37.119761,-76.880172,seat,11353.7,258623.1,12.83234827,93516.9,2226799.5,12.83234827
51183,VA,Sussex County,Sussex,37.9153,-77.2792,36.926645,-77.259732,seat,7401.0,143272.1,393.1092675,92043.6,2187646.3,393.1092675
51185,VA,Tazewell County,Tazewell,37.11484,-81.51955,37.125395,-81.562924,seat,24659.4,580817.5,24.00175699,73191.5,1714382.5,24.00175699
51187,VA,Warren County,Front Royal,38.9258,-78.1919,38.908221,-78.207594,seat,5550.1,115347.6,39.12547213,85744.2,2000589.4,39.12547213
51191,VA,Washington County,Abingdon,36.709722222222,-81.975555555556,36.747814,-81.950322,seat,24444.8,583827.8,24.40899047,73481.1,1715050.3,24.40899047
51193,VA,Westmoreland County,Montross,38.0939,-76.8261,38.109311,-76.803933,seat,6996.1,121381.6,24.27489318,94457.4,2237592.5,24.27489318
51195,VA,Wise County,Wise,36.9781,-82.5769,36.974561,-82.62156,seat,28903.7,661495.4,25.44106206,69082.1,1631921.8,25.44106206
51197,VA,Wythe County,Wytheville,36.9478,-81.0869,36.899868,-81.08301,seat,20868.8,494373.8,44.70784141,76964.9,1800528.5,44.70784141
51199,VA,York County,Yorktown,37.2344,-76.5097,37.220914,-76.395533,seat,11664.6,265097.6,0.5684126284,93830.9,2244052.8,0.5684126284
51510,VA,Alexandria city,(internal point),38.819251,-77.08367,38.819251,-77.08367,internal_point,993.8,13038.2,16.32731428,89715.6,2088865.5,16.32731428
51520,VA,Bristol city,(internal point),36.616954,-82.157564,36.616954,-82.157564,internal_point,25281.0,603058.0,51.04664294,73903.6,1734221.5,51.04664294
51530,VA,Buena Vista city,(internal point),37.729345,-79.358134,37.729345,-79.358134,internal_point,13407.2,314466.3,13.21591629,81045.2,1938540.8,13.21591629
51540,VA,Charlottesville city,(internal point),38.037658,-78.485381,38.037658,-78.485381,internal_point,9817.8,188904.7,4.472163299,85033.3,2032209.3,4.472163299
51550,VA,Chesapeake city,(internal point),36.679376,-76.301788,36.679376,-76.301788,internal_point,15247.8,334449.9,108.8689171,97414.1,2313405.0,108.8689171
51570,VA,Colonial Heights city,(internal point),37.261685,-77.396804,37.261685,-77.396804,internal_point,9353.4,207823.9,42.69799786,91150.0,2177073.3,42.69799786
51580,VA,Covington city,(internal point),37.78106,-79.985434,37.78106,-79.985434,internal_point,15672.2,369151.1,53.06090681,78030.3,1861667.8,53.06090681
51590,VA,Danville city,(internal point),36.583334,-79.408071,36.583334,-79.408071,internal_point,18949.2,400633.1,27.00314639,86176.0,1991079.8,27.00314639
51595,VA,Emporia city,(internal point),36.696182,-77.535975,36.696182,-77.535975,internal_point,12076.5,284120.2,74.44638495,94007.4,2245617.3,74.44638495
51600,VA,Fairfax city,(internal point),38.853183,-77.299025,38.853183,-77.299025,internal_point,2006.4,31344.8,37.49227106,89157.9,2083847.0,37.49227106
51610,VA,Falls Church city,(internal point),38.884722,-77.175603,38.884722,-77.175603,internal_point,1271.3,17779.8,0.481044306,88800.2,2077873.0,0.481044306
51620,VA,Franklin city,(internal point),36.684014,-76.941396,36.684014,-76.941396,internal_point,13645.0,302786.3,41.5485709,95575.9,2264283.5,41.5485709
51630,VA,Fredericksburg city,(internal point),38.299272,-77.486658,38.299272,-77.486658,internal_point,4111.8,86740.9,38.31416435,90648.4,2133884.5,38.31416435
51640,VA,Galax city,(internal point),36.66564,-80.914308,36.66564,-80.914308,internal_point,22517.7,521423.9,67.16641517,79648.3,1854098.3,67.16641517
51650,VA,Hampton city,(internal point),37.047961,-76.297293,37.047961,-76.297293,internal_point,12782.5,292446.0,86.88263272,94948.8,2271401.0,86.88263272
51660,VA,Harrisonburg city,(internal point),38.436255,-78.873303,38.436255,-78.873303,internal_point,9447.5,215581.5,81.24132526,84281.8,2016095.5,81.24132526
51670,VA,Hopewell city,(internal point),37.29101,-77.298944,37.29101,-77.298944,internal_point,9171.7,210987.6,32.44588407,91334.9,2179164.0,32.44588407
51678,VA,Lexington city,(internal point),37.782332,-79.44432,37.782332,-79.44432,internal_point,13297.7,307477.2,9.709147203,80777.4,1926812.5,9.709147203
51680,VA,Lynchburg city,(internal point),37.399016,-79.195458,37.399016,-79.195458,internal_point,14984.5,297714.0,201.2737316,84014.9,1997337.5,201.2737316
51683,VA,Manassas city,(internal point),38.746808,-77.482633,38.746808,-77.482633,internal_point,3261.7,58990.0,21.94582314,88509.7,2067109.3,21.94582314
51685,VA,Manassas Park city,(internal point),38.769398,-77.442323,38.769398,-77.442323,internal_point,2976.8,51559.8,17.07603093,88872.8,2071768.5,17.07603093
51690,VA,Martinsville city,(internal point),36.683527,-79.863647,36.683527,-79.863647,internal_point,21054.7,416201.9,60.00755912,84031.6,1946980.3,60.00755912
51700,VA,Newport News city,(internal point),37.076136,-76.52198,37.076136,-76.52198,internal_point,12218.7,276088.9,56.57155581,94385.0,2255044.0,56.57155581
51710,VA,Norfolk city,(internal point),36.923015,-76.244641,36.923015,-76.244641,internal_point,13358.6,303952.6,67.09934675,95524.9,2282907.8,67.09934675
51720,VA,Norton city,(internal point),36.931549,-82.625996,36.931549,-82.625996,internal_point,28814.4,663934.5,25.65793989,69375.1,1639408.3,25.65793989
51730,VA,Petersburg city,(internal point),37.20473,-77.392368,37.20473,-77.392368,internal_point,9648.9,213182.4,74.83102756,91445.5,2182431.8,74.83102756
51735,VA,Poquoson city,(internal point),37.12836,-76.303534,37.12836,-76.303534,internal_point,12759.8,287424.5,2401.420283,94926.1,2266379.5,2401.420283
51740,VA,Portsmouth city,(internal point),36.859339,-76.356973,36.859339,-76.356973,internal_point,13674.1,312933.6,28.18111157,95840.4,2291888.8,28.18111157
51750,VA,Radford city,(internal point),37.120119,-80.559147,37.120119,-80.559147,internal_point,18889.6,440264.4,90.04222592,79327.3,1855571.0,90.04222592
51760,VA,Richmond city,(internal point),37.531399,-77.476009,37.531399,-77.476009,internal_point,7906.4,173194.0,120.4153102,89679.5,2143475.0,120.4153102
51770,VA,Roanoke city,(internal point),37.278458,-79.958174,37.278458,-79.958174,internal_point,16615.5,389668.2,25.11329228,81498.6,1905512.0,25.11329228
51775,VA,Salem city,(internal point),37.285333,-80.055241,37.285333,-80.055241,internal_point,16578.1,388647.8,27.9662404,80884.2,1907450.3,27.9662404
51790,VA,Staunton city,(internal point),38.157978,-79.061876,38.157978,-79.061876,internal_point,11082.4,254156.6,6.847927789,82890.8,1980255.5,6.847927789
51800,VA,Suffolk city,(internal point),36.697157,-76.634781,36.697157,-76.634781,internal_point,14705.8,325648.4,379.3396564,96867.3,2278899.0,379.3396564
51810,VA,Virginia Beach city,(internal point),36.779525,-76.029142,36.779525,-76.029142,internal_point,14890.0,333825.9,65.0864404,97056.3,2312781.0,65.0864404
51820,VA,Waynesboro city,(internal point),38.067157,-78.90142,38.067157,-78.90142,internal_point,11591.0,229958.2,60.45511926,83281.4,1991590.5,60.45511926
51830,VA,Williamsburg city,(internal point),37.269481,-76.708193,37.269481,-76.708193,internal_point,10720.3,246040.9,44.26967992,92886.6,2224996.0,44.26967992
51840,VA,Winchester city,(internal point),39.173869,-78.176356,39.173869,-78.176356,internal_point,6699.0,130468.7,53.01732849,84258.0,1964301.0,53.01732849
53001,WA,Adams County,Ritzville,47.1264,-118.377,47.011238,-118.512861,seat,162351.3,4100978.3,2.95866156,88878.6,2345212.3,2.95866156
53003,WA,Asotin County,Asotin,46.338888888889,-117.04638888889,46.181861,-117.227781,seat,164038.9,4050263.3,11.31217268,89987.8,2275491.8,11.31217268
53005,WA,Benton County,Prosser,46.206944444444,-119.76555555556,46.228125,-119.516659,seat,169453.5,4304860.0,20.98835368,87893.6,2307535.8,20.98835368
53007,WA,Chelan County,Wenatchee,47.423333333333,-120.32527777778,47.860974,-120.619041,seat,170156.2,4279409.0,2.489876464,96485.4,2486506.5,2.489876464
53009,WA,Clallam County,Port Angeles,48.1131,-123.441,48.110903,-123.88986,seat,186707.7,4645489.0,5.059089487,110694.8,2806750.3,5.059089487
53011,WA,Clark County,Vancouver,45.631111111111,-122.67166666667,45.77173,-122.485953,seat,178283.7,4523163.0,7.114925204,96723.8,2525838.5,7.114925204
53013,WA,Columbia County,Dayton,46.319722222222,-117.97777777778,46.29285,-117.911634,seat,168172.5,4207652.0,13.80570511,87984.1,2285293.8,13.80570511
53015,WA,Cowlitz County,Kelso,46.1419,-122.906,46.196785,-122.67846,seat,180650.0,4581223.0,0.333461281,99090.1,2583898.5,0.333461281
53017,WA,Douglas County,Waterville,47.6478,-120.073,47.741763,-119.694622,seat,169277.8,4223953.0,2.890758614,95805.1,2468187.3,2.890758614
53019,WA,Ferry County,Republic,48.648055555556,-118.735,48.473256,-118.533589,seat,168579.1,4200171.0,19.28499214,95106.4,2444405.5,19.28499214
53021,WA,Franklin County,Pasco,46.238611111111,-119.10861111111,46.537502,-118.903891,seat,167349.3,4223992.0,2.468758833,86934.2,2285405.5,2.468758833
53023,WA,Garfield County,Pomeroy,46.473333333333,-117.59805555556,46.429318,-117.536705,seat,165607.6,4089777.3,2.695346726,90764.4,2343650.5,2.695346726
53025,WA,Grant County,Ephrata,47.316944444444,-119.54805555556,47.213633,-119.467788,seat,166707.2,4203555.0,69.83861831,93234.5,2447789.3,69.83861831
53027,WA,Grays Harbor County,Montesano,46.985833333333,-123.59777777778,47.113732,-123.826735,seat,182899.0,4582316.0,35.14856031,105373.1,2719929.3,35.14856031
53029,WA,Island County,Coupeville,48.2183,-122.684,48.158554,-122.670649,seat,184508.9,4605495.0,4.309416533,108496.0,2766756.0,4.309416533
53031,WA,Jefferson County,Port Townsend,48.1175,-122.76083333333,47.805708,-123.527057,seat,184640.8,4601997.0,3.156635845,108627.9,2763258.0,3.156635845
53033,WA,King County,Seattle,47.605,-122.33,47.490552,-121.833977,seat,176753.5,4455215.0,26.79693138,100740.6,2616476.3,26.79693138
53035,WA,Kitsap County,Port Orchard,47.531666666667,-122.63833333333,47.639595,-122.649634,seat,179970.9,4518220.0,7.458786838,103958.0,2679481.0,7.458786838
53037,WA,Kittitas County,Ellensburg,46.997064,-120.545119,47.124441,-120.676709,seat,169732.0,4283646.0,8.312611656,93719.1,2444906.8,8.312611656
53039,WA,Klickitat County,Goldendale,45.82,-120.8225,45.870446,-120.779305,seat,171784.2,4372311.0,4.779991351,90224.3,2374986.5,4.779991351
53041,WA,Lewis County,Chehalis,46.66,-122.963,46.580071,-122.377444,seat,181935.3,4565606.0,16.52912855,101532.4,2643855.0,16.52912855
53043,WA,Lincoln County,Davenport,47.651111111111,-118.15166666667,47.582743,-118.417692,seat,161633.0,4062849.8,8.783856775,88160.3,2307084.3,8.783856775
53045,WA,Mason County,Shelton,47.213611111111,-123.10611111111,47.350832,-123.173103,seat,181706.9,4555324.0,18.7439831,104918.0,2720265.3,18.7439831
53047,WA,Okanogan County,Okanogan,48.366666666667,-119.58111111111,48.548453,-119.742235,seat,170358.5,4236816.0,29.4032449,96885.8,2481050.0,29.4032449
53049,WA,Pacific County,South Bend,46.663611111111,-123.80111111111,46.556587,-123.782419,seat,185596.6,4629776.0,46.19377715,106310.8,2733344.3,46.19377715
53051,WA,Pend Oreille County,Newport,48.180555555556,-117.0475,48.543825,-117.232191,seat,160218.7,4027333.8,18.00761569,86746.0,2271568.0,18.00761569
53053,WA,Pierce County,Tacoma,47.2525,-122.4475,47.051413,-122.15324,seat,178033.1,4476934.0,6.30309286,102020.2,2638194.8,6.30309286
53055,WA,San Juan County,Friday Harbor,48.53427,-123.01712,48.50719,-123.103769,seat,186770.0,4606453.0,7.037929441,110757.1,2767714.0,7.037929441
53057,WA,Skagit County,Mount Vernon,48.42,-122.32611111111,48.493292,-121.81577,seat,180712.8,4543462.0,20.50207746,104699.9,2704722.8,20.50207746
53059,WA,Skamania County,Stevenson,45.696111111111,-121.88833333333,46.024785,-121.953232,seat,175427.8,4455080.0,41.21748912,93867.9,2457755.3,41.21748912
53061,WA,Snohomish County,Everett,47.963333333333,-122.20055555556,48.054913,-121.765038,seat,178270.8,4488150.0,0.8287680474,102257.9,2649411.0,0.8287680474
53063,WA,Spokane County,Spokane,47.657194444444,-117.4235,47.620375,-117.403371,seat,158488.9,4006937.3,0.111183997,85016.2,2251171.8,0.111183997
53065,WA,Stevens County,Colville,48.545,-117.90083333333,48.388728,-117.854455,seat,163928.6,4115934.3,1.112005253,90455.9,2360168.3,1.112005253
53067,WA,Thurston County,Olympia,47.0425,-122.89305555556,46.935822,-122.830152,seat,180005.7,4520341.0,6.365882807,103455.2,2690064.0,6.365882807
53069,WA,Wahkiakum County,Cathlamet,46.2039,-123.384,46.294638,-123.424458,seat,183076.1,4624151.0,15.31712592,101516.2,2626826.3,15.31712592
53071,WA,Walla Walla County,Walla Walla,46.065,-118.33027777778,46.254606,-118.48037,seat,167004.1,4233452.0,55.46586156,85444.2,2236127.0,55.46586156
53073,WA,Whatcom County,Bellingham,48.754388888889,-122.47883333333,48.842653,-121.836432,seat,182715.8,4588281.0,52.71216837,106702.9,2749542.0,52.71216837
53075,WA,Whitman County,Colfax,46.884166666667,-117.36361111111,46.905944,-117.53539,seat,162940.1,4100315.8,11.10686156,89467.4,2344549.8,11.10686156
53077,WA,Yakima County,Yakima,46.601944444444,-120.50777777778,46.456558,-120.740145,seat,171703.6,4332926.0,10.19212196,91262.7,2388383.8,10.19212196
54001,WV,Barbour County,Philippi,39.151666666667,-80.043333333333,39.139725,-79.996947,seat,15950.1,347271.5,19.40036872,76074.7,1746333.3,19.40036872
54003,WV,Berkeley County,Martinsburg,39.456388888889,-77.967777777778,39.447938,-78.037754,seat,6754.5,126155.4,4.970836702,84786.0,1990840.8,4.970836702
54005,WV,Boone County,Madison,38.061944444444,-81.818333333333,38.022814,-81.713538,seat,25602.0,593248.8,2.981532174,69986.2,1643498.0,2.981532174
54007,WV,Braxton County,Sutton,38.664444444444,-80.710277777778,38.69933,-80.73166,seat,19329.6,439982.1,8.949450134,72688.3,1738543.8,8.949450134
54009,WV,Brooke County,Wellsburg,40.27737,-80.609349,40.272645,-80.578691,seat,20215.1,453593.3,4.934167626,70632.5,1642118.5,4.934167626
54011,WV,Cabell County,Huntington,38.420833333333,-82.423611111111,38.419578,-82.243397,seat,26792.0,621114.8,4.734727016,65498.1,1556475.8,4.734727016
54013,WV,Calhoun County,Grantsville,38.923055555556,-81.095,38.844159,-81.115478,seat,21680.0,461792.9,23.92484476,73299.1,1673079.8,23.92484476
54015,WV,Clay County,Clay,38.462777777778,-81.08,38.459826,-81.081866,seat,22203.3,504641.2,241.2996467,71892.7,1709570.0,241.2996467
54017,WV,Doddridge County,West Union,39.2956,-80.7758,39.264307,-80.711498,seat,18905.8,433206.4,1.936039469,72053.4,1664831.5,1.936039469
54019,WV,Fayette County,Fayetteville,38.051111111111,-81.106944444444,38.030948,-81.08607,seat,22084.2,506639.7,53.33005168,73115.4,1726650.8,53.33005168
54021,WV,Gilmer County,Glenville,38.935277777778,-80.837222222222,38.915867,-80.849413,seat,19524.5,429560.2,38.61079367,74248.2,1685122.8,38.61079367
54023,WV,Grant County,Petersburg,38.99261,-79.12392,39.105988,-79.195064,seat,10301.5,225062.1,5.522622407,82440.2,1946509.5,5.522622407
54025,WV,Greenbrier County,Lewisburg,37.804166666667,-80.440277777778,37.924418,-80.45059,seat,17667.7,418905.5,52.31067632,76048.1,1813341.3,52.31067632
54027,WV,Hampshire County,Romney,39.345,-78.756944444444,39.312139,-78.611989,seat,10679.1,215199.5,41.15727049,81839.3,1904019.5,41.15727049
54029,WV,Hancock County,New Cumberland,40.499166666667,-80.608055555556,40.516958,-80.570164,seat,21467.7,459958.1,28.0897462,71759.9,1658433.3,28.0897462
54031,WV,Hardy County,Moorefield,39.063055555556,-78.965833333333,39.011361,-78.841729,seat,9249.9,205398.8,19.91780762,82820.9,1975593.3,19.91780762
54033,WV,Harrison County,Clarksburg,39.280555555556,-80.344444444444,39.279182,-80.386498,seat,17004.8,391232.0,0.7146576259,73755.9,1706029.8,0.7146576259
54035,WV,Jackson County,Ripley,38.821111111111,-81.714166666667,38.834234,-81.677717,seat,24426.9,565500.4,54.07189567,68854.5,1582952.3,54.07189567
54037,WV,Jefferson County,Charles Town,39.284166666667,-77.856111111111,39.307398,-77.86322,seat,5715.7,103595.3,30.09899063,85974.2,1997603.1,30.09899063
54039,WV,Kanawha County,Charleston,38.347222222222,-81.633333333333,38.328068,-81.523516,seat,23423.8,544738.1,9.577059793,68427.8,1633421.4,9.577059793
54041,WV,Lewis County,Weston,39.041944444444,-80.47,38.988877,-80.495477,seat,17079.5,386208.0,12.21570419,74942.5,1794657.3,12.21570419
54043,WV,Lincoln County,Hamlin,38.278888888889,-82.106944444444,38.17177,-82.077623,seat,26387.6,599772.3,28.19818638,67361.8,1594804.0,28.19818638
54045,WV,Logan County,Logan,37.848333333333,-81.987777777778,37.830591,-81.940853,seat,27263.1,619528.8,11.35973732,69935.2,1661678.5,11.35973732
54047,WV,McDowell County,Welch,37.437222222222,-81.578888888889,37.38276,-81.658204,seat,24798.7,580074.3,6.895629231,73241.8,1720360.5,6.895629231
54049,WV,Marion County,Fairmont,39.481388888889,-80.143333333333,39.505839,-80.243402,seat,15848.3,361651.6,45.84515383,74246.2,1728817.3,45.84515383
54051,WV,Marshall County,Moundsville,39.921388888889,-80.739444444444,39.854426,-80.671794,seat,20369.1,466982.5,3.446272694,69898.4,1631462.9,3.446272694
54053,WV,Mason County,Point Pleasant,38.857527,-82.128571,38.770914,-82.029007,seat,25964.0,596665.9,122.268604,66707.4,1537191.6,122.268604
54055,WV,Mercer County,Princeton,37.368055555556,-81.095833333333,37.403448,-81.106456,seat,22453.9,500810.1,41.87217079,74979.5,1785818.8,41.87217079
54057,WV,Mineral County,Keyser,39.438888888889,-78.982777777778,39.404781,-78.95669,seat,11893.8,252182.5,37.22648016,80788.9,1886163.8,37.22648016
54059,WV,Mingo County,Williamson,37.673888888889,-82.279722222222,37.721161,-82.158989,seat,27754.7,646394.9,25.54623424,67822.4,1614073.3,25.54623424
54061,WV,Monongalia County,Morgantown,39.633611111111,-79.950555555556,39.633645,-80.059074,seat,14710.9,333052.2,4.912344927,74688.4,1740496.8,4.912344927
54063,WV,Monroe County,Union,37.591111111111,-80.543055555556,37.554062,-80.550329,seat,18952.1,439094.7,8.243492828,77987.1,1846612.3,8.243492828
54065,WV,Morgan County,Berkeley Springs,39.625555555556,-78.226944444444,39.557345,-78.256517,seat,7995.5,167100.3,0.1403527125,82566.9,1934198.3,0.1403527125
54067,WV,Nicholas County,Summersville,38.2843332,-80.8415469,38.291432,-80.797515,seat,21487.7,491753.2,30.77706133,74189.4,1772045.5,30.77706133
54069,WV,Ohio County,Wheeling,40.070277777778,-80.698611111111,40.100323,-80.6199,seat,20181.3,464441.8,15.8931333,69197.9,1617252.9,15.8931333
54071,WV,Pendleton County,Franklin,38.6475,-79.331666666667,38.67445,-79.340617,seat,13094.8,271938.5,3.326253018,82678.4,1950937.3,3.326253018
54073,WV,Pleasants County,St. Marys,39.396388888889,-81.199722222222,39.368133,-81.161172,seat,21145.0,480648.6,13.15482304,70337.0,1637020.0,13.15482304
54075,WV,Pocahontas County,Marlinton,38.2247,-80.0947,38.332606,-80.010121,seat,18182.4,379850.1,0.0,79212.0,1860881.8,0.0
54077,WV,Preston County,Kingwood,39.471666666667,-79.685,39.46903,-79.668865,seat,14945.5,313817.9,34.08497469,76717.8,1783276.1,34.08497469
54079,WV,Putnam County,Winfield,38.534444444444,-81.892222222222,38.510518,-81.906109,seat,25114.9,582485.6,29.17503785,67600.0,1611367.5,29.17503785
54081,WV,Raleigh County,Beckley,37.779722222222,-81.183055555556,37.762469,-81.264672,seat,20793.2,494766.2,24.56306098,72864.9,1728664.5,24.56306098
54083,WV,Randolph County,Elkins,38.9214,-79.8508,38.781095,-79.867788,seat,14599.4,328850.4,13.87394884,77558.2,1854467.8,13.87394884
54085,WV,Ritchie County,Harrisville,39.21,-81.0508,39.177112,-81.066317,seat,20342.7,466122.2,19.78568165,71236.8,1646260.0,19.78568165
54087,WV,Roane County,Spencer,38.801666666667,-81.351666666667,38.74295,-81.354494,seat,22978.5,492940.1,34.90852943,70921.7,1620474.3,34.90852943
54089,WV,Summers County,Hinton,37.666944444444,-80.886666666667,37.655999,-80.856325,seat,20636.9,485388.4,51.95919647,75051.7,1780437.8,51.95919647
54091,WV,Taylor County,Grafton,39.341666666667,-80.019722222222,39.332478,-80.046554,seat,16133.4,337054.6,19.2960182,75636.0,1740411.0,19.2960182
54093,WV,Tucker County,Parsons,39.095833333333,-79.679444444444,39.111175,-79.559968,seat,13114.7,295952.7,30.04495472,78572.1,1879272.8,30.04495472
54095,WV,Tyler County,Middlebourne,39.493888888889,-80.905833333333,39.465634,-80.877219,seat,21189.8,475069.3,11.32744681,72489.5,1676738.3,11.32744681
54097,WV,Upshur County,Buckhannon,38.9892,-80.2242,38.90253,-80.231606,seat,16135.2,363821.5,12.62823594,75856.7,1814738.5,12.62823594
54099,WV,Wayne County,Wayne,38.228333333333,-82.440555555556,38.143642,-82.422666,seat,27946.0,647469.3,18.8139367,66325.6,1575592.0,18.8139367
54101,WV,Webster County,Webster Springs,38.476111111111,-80.41,38.483459,-80.449052,seat,19925.0,426841.1,8.883729675,76050.9,1798085.0,8.883729675
54103,WV,Wetzel County,New Martinsville,39.6575,-80.859444444444,39.59818,-80.635399,seat,20623.1,457493.8,4.997014326,71604.7,1671596.0,4.997014326
54105,WV,Wirt County,Elizabeth,39.062777777778,-81.395555555556,39.020034,-81.382975,seat,23056.7,491461.4,15.13018374,70508.0,1621038.0,15.13018374
54107,WV,Wood County,Parkersburg,39.266111111111,-81.542222222222,39.211602,-81.516234,seat,22039.2,506431.1,68.18345478,68895.9,1591106.8,68.18345478
54109,WV,Wyoming County,Pineville,37.583055555556,-81.535277777778,37.60366,-81.549032,seat,23059.2,549410.6,42.13885988,72561.4,1711377.3,42.13885988
55001,WI,Adams County,Friendship,43.9717,-89.8186,43.973757,-89.767228,seat,63276.5,1478870.0,47.22276811,47131.1,1138046.4,47.22276811
55003,WI,Ashland County,Ashland,46.59,-90.88,46.544424,-90.679691,seat,78619.9,1838713.8,30.56970069,55213.8,1305889.9,30.56970069
55005,WI,Barron County,Barron,45.400555555556,-91.848055555556,45.437192,-91.852892,seat,72297.7,1719635.5,1.878282306,46122.3,1095286.1,1.878282306
55007,WI,Bayfield County,Washburn,46.673888888889,-90.897777777778,46.634199,-91.177282,seat,79710.5,1856085.8,37.32501672,55435.9,1311374.9,37.32501672
55009,WI,Brown County,Green Bay,44.513333333333,-88.013333333333,44.474024,-87.99613,seat,61535.6,1449606.6,0.1366299917,53559.3,1245886.1,0.1366299917
55011,WI,Buffalo County,Alma,44.34,-91.924444444444,44.385633,-91.761294,seat,70458.0,1661548.8,47.38939181,41174.2,985290.3,47.38939181
55013,WI,Burnett County,Siren,45.7722,-92.3575,45.866897,-92.37573,seat,76582.8,1809721.5,228.9609327,45951.3,1106710.5,228.9609327
55015,WI,Calumet County,Chilton,44.030833333333,-88.158611111111,44.07841,-88.212132,seat,60026.9,1385504.8,31.50083634,51254.9,1188494.4,31.50083634
55017,WI,Chippewa County,Chippewa Falls,44.933333333333,-91.4,45.069092,-91.283505,seat,69523.5,1653478.0,11.62018286,45245.3,1097780.8,11.62018286
55019,WI,Clark County,Neillsville,44.561111111111,-90.595833333333,44.739346,-90.609953,seat,68129.6,1601083.0,19.66949617,46697.9,1093515.4,19.66949617
55021,WI,Columbia County,Portage,43.55,-89.466666666667,43.471882,-89.330472,seat,59956.1,1414652.9,23.582144,46319.4,1058949.3,23.582144
55023,WI,Crawford County,Prairie du Chien,43.05165,-91.141241666667,43.242768,-90.935185,seat,66095.5,1522067.4,9.956852287,39187.3,896240.9,9.956852287
55025,WI,Dane County,Madison,43.074722222222,-89.384166666667,43.067468,-89.417852,seat,58191.8,1364305.9,121.0091434,43788.9,1022214.9,121.0091434
55027,WI,Dodge County,Juneau,43.406388888889,-88.703333333333,43.429628,-88.701939,seat,58337.8,1358966.3,5.222375828,47354.3,1106373.5,5.222375828
55029,WI,Door County,Sturgeon Bay,44.833611111111,-87.377777777778,45.093417,-87.048683,seat,64212.1,1510362.3,3.457016152,56853.0,1320138.0,3.457016152
55031,WI,Douglas County,Superior,46.720555555556,-92.103888888889,46.463218,-91.892477,seat,79170.8,1875635.8,0.9173442129,49282.7,1200203.6,0.9173442129
55033,WI,Dunn County,Menomonie,44.879166666667,-91.918055555556,44.947751,-91.897645,seat,70497.5,1675651.6,4.22465855,43402.3,1054783.1,4.22465855
55035,WI,Eau Claire County,Eau Claire,44.814722222222,-91.492777777778,44.726355,-91.286414,seat,69038.7,1639397.5,7.33489798,44942.9,1090929.0,7.33489798
55037,WI,Florence County,Florence,45.9222,-88.2517,45.871828,-88.406988,seat,67876.8,1619002.3,12.41285374,62148.5,1421456.5,12.41285374
55039,WI,Fond du Lac County,Fond du Lac,43.775138888889,-88.444905555556,43.754722,-88.493284,seat,58201.2,1367876.0,5.172893498,48979.3,1143178.0,5.172893498
55041,WI,Forest County,Crandon,45.569844444444,-88.901238888889,45.666881,-88.773326,seat,70307.1,1621661.0,8.011808123,57575.3,1372988.5,8.011808123
55043,WI,Grant County,Lancaster,42.848611111111,-90.710555555556,42.870028,-90.694229,seat,63434.2,1449802.8,22.65193255,39508.1,920070.4,22.65193255
55045,WI,Green County,Monroe,42.59889,-89.64083,42.675522,-89.605074,seat,57232.0,1332426.3,18.7192904,42057.0,966270.3,18.7192904
55047,WI,Green Lake County,Green Lake,43.842777777778,-88.957777777778,43.780247,-88.97038,seat,60751.1,1410581.0,66.84777124,49828.0,1140506.8,66.84777124
55049,WI,Iowa County,Dodgeville,42.963333333333,-90.131111111111,43.001021,-90.133691,seat,61091.9,1431705.3,8.69467485,40299.8,949260.9,8.69467485
55051,WI,Iron County,Hurley,46.450277777778,-90.189722222222,46.32655,-90.261298,seat,75505.5,1780536.1,45.92922132,57781.5,1296758.9,45.92922132
55053,WI,Jackson County,Black River Falls,44.294722222222,-90.851666666667,44.32459,-90.79951,seat,65661.1,1559186.8,27.87652345,44509.9,1054266.4,27.87652345
55055,WI,Jefferson County,Jefferson,43.003055555556,-88.807777777778,43.013804,-88.773985,seat,56740.5,1305568.6,29.01915973,45934.3,1066057.9,29.01915973
55057,WI,Juneau County,Mauston,43.796944444444,-90.0775,43.932836,-90.113984,seat,62146.1,1470942.3,8.786737474,45197.8,1105251.3,8.786737474
55059,WI,Kenosha County,Kenosha,42.582222222222,-87.845555555556,42.587526,-87.879996,seat,52085.4,1220295.0,3.776632442,48450.8,1140828.3,3.776632442
55061,WI,Kewaunee County,Kewaunee,44.460277777778,-87.511111111111,44.605677,-87.448008,seat,62062.7,1442107.3,10.60709471,55706.0,1285688.9,10.60709471
55063,WI,La Crosse County,La Crosse,43.813333333333,-91.233055555556,43.908222,-91.111758,seat,66776.4,1580002.0,2.999938295,41384.6,1002796.1,2.999938295
55065,WI,Lafayette County,Darlington,42.683055555556,-90.1175,42.655578,-90.130292,seat,59699.2,1380104.8,20.16722853,40300.4,934475.5,20.16722853
55067,WI,Langlade County,Antigo,45.144166666667,-89.155,45.254863,-89.06707,seat,67387.4,1554649.8,46.09428722,54519.9,1295428.3,46.09428722
55069,WI,Lincoln County,Merrill,45.1825,-89.695555555556,45.333148,-89.73224,seat,67607.6,1589301.8,16.90184833,52370.4,1267422.9,16.90184833
55071,WI,Manitowoc County,Manitowoc,44.0990417,-87.6810199,44.156137,-87.577352,seat,59216.4,1391560.4,53.14478383,53379.2,1243005.3,53.14478383
55073,WI,Marathon County,Wausau,44.95,-89.633333333333,44.898036,-89.757823,seat,66477.7,1560494.8,39.6735213,51332.1,1240931.5,39.6735213
55075,WI,Marinette County,Marinette,45.1,-87.630555555556,45.346899,-87.991198,seat,65223.3,1537665.8,1.106905381,56956.5,1328454.4,1.106905381
55077,WI,Marquette County,Montello,43.791944444444,-89.329722222222,43.826053,-89.409095,seat,61520.3,1453500.5,26.03873219,47883.6,1097796.9,26.03873219
55078,WI,Menominee County,Keshena,44.8781,-88.6289,44.991304,-88.669251,seat,64765.6,1520449.6,35.91984642,55681.4,1271371.3,35.91984642
55079,WI,Milwaukee County,Milwaukee,43.05,-87.95,42.912643,-87.862312,seat,54015.7,1267595.1,0.0,48323.6,1168203.6,0.0
55081,WI,Monroe County,Sparta,43.943055555556,-90.811666666667,43.945175,-90.619969,seat,64897.8,1538885.1,5.702890786,42432.7,1035937.0,5.702890786
55083,WI,Oconto County,Oconto,44.887777777778,-87.870555555556,44.996575,-88.206516,seat,63644.4,1500902.6,23.3405909,55377.6,1291691.3,23.3405909
55085,WI,Oneida County,Rhinelander,45.639444444444,-89.412222222222,45.716176,-89.534533,seat,70638.8,1653938.0,9.972310452,55401.6,1332059.1,9.972310452
55087,WI,Outagamie County,Appleton,44.282222222222,-88.418333333333,44.418226,-88.464988,seat,60849.7,1433089.5,15.22834548,51522.7,1196876.9,15.22834548
55089,WI,Ozaukee County,Port Washington,43.393333333333,-87.881111111111,43.501807,-87.847551,seat,55744.9,1305662.4,32.66703278,50278.4,1211547.5,32.66703278
55091,WI,Pepin County,Durand,44.628611111111,-91.961666666667,44.627436,-91.83489,seat,70844.8,1665619.4,31.1915646,42012.4,999515.8,31.1915646
55093,WI,Pierce County,Ellsworth,44.7325,-92.48,44.725336,-92.426279,seat,73319.4,1712647.9,15.76578578,41607.5,988169.1,15.76578578
55095,WI,Polk County,Balsam Lake,45.425,-92.477777777778,45.462041,-92.447066,seat,75425.0,1772533.6,27.70971203,43778.9,1052883.6,27.70971203
55097,WI,Portage County,Stevens Point,44.523036,-89.560321,44.476246,-89.49807,seat,64200.0,1507429.8,51.78839514,49689.5,1177227.4,51.78839514
55099,WI,Price County,Phillips,45.691666666667,-90.401944444444,45.679072,-90.35965,seat,73038.6,1699492.8,37.47739166,53592.8,1273196.5,37.47739166
55101,WI,Racine County,Racine,42.726111111111,-87.805833333333,42.780392,-87.771599,seat,52995.6,1240540.0,5.305454792,48992.0,1163687.3,5.305454792
55103,WI,Richland County,Richland Center,43.337777777778,-90.384722222222,43.376199,-90.435693,seat,63463.4,1463361.0,2.757736157,43388.2,1006164.6,2.757736157
55105,WI,Rock County,Janesville,42.6854687,-89.0136316,42.66988,-89.075284,seat,55516.9,1302606.0,39.93674277,44568.4,1078797.5,39.93674277
55107,WI,Rusk County,Ladysmith,45.463888888889,-91.1,45.472734,-91.136745,seat,73630.7,1711988.6,12.89331143,49336.6,1176659.4,12.89331143
55109,WI,St. Croix County,Hudson,44.971944444444,-92.745,45.028959,-92.447284,seat,73112.2,1743340.6,5.673608456,40712.1,987940.3,5.673608456
55111,WI,Sauk County,Baraboo,43.468055555556,-89.741666666667,43.428001,-89.943318,seat,60953.5,1431454.8,6.000053356,44868.6,1035219.5,6.000053356
55113,WI,Sawyer County,Hayward,46.01,-91.480555555556,45.864999,-91.147063,seat,76137.3,1805027.0,26.83655492,50252.4,1170719.1,26.83655492
55115,WI,Shawano County,Shawano,44.776666666667,-88.601944444444,44.789641,-88.755813,seat,64214.9,1509266.6,21.39518894,55130.7,1260188.3,21.39518894
55117,WI,Sheboygan County,Sheboygan,43.75,-87.725,43.738713,-87.731531,seat,57555.1,1351758.8,69.60772162,51699.3,1205248.9,69.60772162
55119,WI,Taylor County,Medford,45.138055555556,-90.345277777778,45.211656,-90.504853,seat,69947.0,1633576.3,14.16239024,50116.1,1207852.1,14.16239024
55121,WI,Trempealeau County,Whitehall,44.366666666667,-91.316388888889,44.30305,-91.358867,seat,67953.1,1607456.5,22.95366538,43337.9,1031630.1,22.95366538
55123,WI,Vernon County,Viroqua,43.556666666667,-90.887777777778,43.599366,-90.821983,seat,66384.1,1518569.5,27.07472087,43090.4,969114.4,27.07472087
55125,WI,Vilas County,Eagle River,45.92,-89.250277777778,46.049848,-89.501254,seat,72683.9,1706404.9,41.52798776,57613.5,1369688.6,41.52798776
55127,WI,Walworth County,Elkhorn,42.672777777778,-88.540277777778,42.66811,-88.541731,seat,53859.6,1254451.1,23.75973157,45171.5,1097607.9,23.75973157
55129,WI,Washburn County,Shell Lake,45.733611111111,-91.9175,45.892489,-91.796422,seat,74240.4,1763076.4,21.89580983,47419.6,1117678.3,21.89580983
55131,WI,Washington County,West Bend,43.425,-88.183333333333,43.391156,-88.232917,seat,56392.6,1322309.5,5.297358265,49573.8,1145270.6,5.297358265
55133,WI,Waukesha County,Waukesha,43.011666666667,-88.231666666667,43.018368,-88.30424,seat,55001.9,1287337.8,11.69902996,47464.7,1147964.0,11.69902996
55135,WI,Waupaca County,Waupaca,44.355,-89.081666666667,44.478004,-88.967005,seat,62143.6,1462841.9,41.84581745,51613.3,1221347.0,41.84581745
55137,WI,Waushara County,Wautoma,44.071388888889,-89.289722222222,44.112823,-89.239786,seat,63015.3,1460629.1,76.37722772,49252.1,1178991.1,76.37722772
55139,WI,Winnebago County,Oshkosh,44.024166666667,-88.561111111111,44.085707,-88.668149,seat,59530.7,1399516.1,68.7647376,50203.7,1163303.4,68.7647376
55141,WI,Wood County,Wisconsin Rapids,44.394444444444,-89.832777777778,44.461413,-90.038825,seat,65154.9,1527983.8,15.34214689,48030.0,1147927.5,15.34214689
56001,WY,Albany County,Laramie,41.311111111111,-105.59361111111,41.665514,-105.721883,seat,109929.9,2726112.5,0.1674411084,28370.0,728787.9,0.1674411084
56003,WY,Big Horn County,Basin,44.378888888889,-108.04305555556,44.525117,-107.994848,seat,126766.2,3148002.0,13.77905663,49612.6,1248740.5,13.77905663
56005,WY,Campbell County,Gillette,44.282777777778,-105.50527777778,44.191999,-105.517014,seat,113154.2,2821137.8,6.786867972,40818.7,1040699.7,6.786867972
56007,WY,Carbon County,Rawlins,41.790277777778,-107.23416666667,41.70359,-106.933153,seat,115834.2,2884738.8,25.71041792,34274.3,887414.1,25.71041792
56009,WY,Converse County,Douglas,42.756111111111,-105.38444444444,42.984623,-105.524752,seat,114576.4,2854687.8,24.30609928,33016.5,857363.0,24.30609928
56011,WY,Crook County,Sundance,44.405277777778,-104.37222222222,44.589266,-104.567298,seat,109219.9,2720642.3,0.5046136187,38244.3,927844.0,0.5046136187
56013,WY,Fremont County,Lander,42.833055555556,-108.7325,43.054831,-108.608935,seat,125861.1,3083991.8,23.76316775,44301.2,1086667.0,23.76316775
56015,WY,Goshen County,Torrington,42.066666666667,-104.1825,42.089455,-104.35354,seat,108287.5,2625122.8,40.20939656,26727.6,627798.0,40.20939656
56017,WY,Hot Springs County,Thermopolis,43.645555555556,-108.21472222222,43.720209,-108.435076,seat,126704.0,3144272.8,2.334598903,45144.1,1146948.0,2.334598903
56019,WY,Johnson County,Buffalo,44.3475,-106.70111111111,44.044048,-106.588541,seat,117017.1,2931531.0,68.58793384,42408.4,1116931.5,68.58793384
56021,WY,Laramie County,Cheyenne,41.145555555556,-104.80194444444,41.29283,-104.660395,seat,107084.0,2645626.0,12.64808766,25524.1,648301.3,12.64808766
56023,WY,Lincoln County,Kemmerer,41.789444444444,-110.54638888889,42.229993,-110.682961,seat,127560.4,3196301.8,26.98613031,46000.5,1198977.0,26.98613031
56025,WY,Natrona County,Casper,42.834722222222,-106.325,42.977645,-106.768219,seat,117748.3,2936581.3,15.61949697,36188.4,939256.5,15.61949697
56027,WY,Niobrara County,Lusk,42.760555555556,-104.45277777778,43.062159,-104.468373,seat,112462.3,2655767.8,3.766180419,31086.4,732186.0,3.766180419
56029,WY,Park County,Cody,44.523333333333,-109.05722222222,44.492387,-109.593597,seat,129809.7,3220525.8,56.13532668,50723.1,1281991.8,56.13532668
56031,WY,Platte County,Wheatland,42.053888888889,-104.95944444444,42.131593,-104.953963,seat,111156.4,2760141.5,7.696867923,29596.5,762816.8,7.696867923
56033,WY,Sheridan County,Sheridan,44.796666666667,-106.95888888889,44.781369,-106.881211,seat,119066.7,2984485.5,14.6440621,44671.9,1173142.8,14.6440621
56035,WY,Sublette County,Pinedale,42.866111111111,-109.86472222222,42.767928,-109.91617,seat,128822.6,3217934.3,8.987667281,47262.7,1220609.5,8.987667281
56037,WY,Sweetwater County,Green River,41.514166666667,-109.465,41.660328,-108.875677,seat,123169.9,3084607.5,27.08702685,41610.0,1087283.0,27.08702685
56039,WY,Teton County,Jackson,43.475277777778,-110.76916666667,44.048662,-110.426087,seat,134523.2,3340989.8,26.4423989,52963.3,1343665.0,26.4423989
56041,WY,Uinta County,Evanston,41.263333333333,-110.96472222222,41.284726,-110.558947,seat,128060.1,3220751.8,11.23567333,46500.2,1223427.0,11.23567333
56043,WY,Washakie County,Worland,44.015386111111,-107.95663055556,43.878831,-107.669052,seat,124987.8,3076423.8,12.8890767,47597.4,1200354.5,12.8890767
56045,WY,Weston County,Newcastle,43.853055555556,-104.20944444444,43.846213,-104.57002,seat,110747.2,2721013.5,30.39559385,36940.0,851782.1,30.39559385
