fips,state,county,seat,lat,lon,int_lat,int_lon,point_source
01001,AL,Autauga County,Prattville,32.459135,-86.451305,32.532237,-86.64644,seat
01007,AL,Bibb County,Centreville,32.95,-87.134708,33.015893,-87.127148,seat
01011,AL,Bullock County,Union Springs,32.14,-85.712777777778,32.101759,-85.717261,seat
01013,AL,Butler County,Greenville,31.831273,-86.627567,31.751667,-86.681969,seat
01017,AL,Chambers County,LaFayette,32.898572,-85.400784,32.915504,-85.394032,seat
01025,AL,Clarke County,Grove Hill,31.706137,-87.774274,31.685521,-87.818624,seat
01031,AL,Coffee County,Elba,31.417263,-86.077442,31.402258,-85.989602,seat
01033,AL,Colbert County,Tuscumbia,34.730839,-87.702854,34.703112,-87.801457,seat
01035,AL,Conecuh County,Evergreen,31.435025,-86.954905,31.430926,-86.988722,seat
01037,AL,Coosa County,Rockford,32.888181,-86.219575,32.931445,-86.243482,seat
01039,AL,Covington County,Andalusia,31.309,-86.479,31.243987,-86.448721,seat
01041,AL,Crenshaw County,Luverne,31.7144,-86.2633,31.730311,-86.320038,seat
01043,AL,Cullman County,Cullman,34.1775,-86.8447,34.131923,-86.869267,seat
01055,AL,Etowah County,Gadsden,34.010147,-86.010356,34.047641,-86.034263,seat
01057,AL,Fayette County,Fayette,33.692068,-87.832358,33.716157,-87.764292,seat
01063,AL,Greene County,Eutaw,32.840555555556,-87.889166666667,32.844497,-87.9642,seat
01069,AL,Houston County,Dothan,31.227222222222,-85.407222222222,31.158183,-85.296411,seat
01079,AL,Lawrence County,Moulton,34.482307,-87.285621,34.529776,-87.321865,seat
01089,AL,Madison County,Huntsville,34.713611111111,-86.586111111111,34.764238,-86.55108,seat
01091,AL,Marengo County,Linden,32.301111111111,-87.792777777778,32.247591,-87.791091,seat
01097,AL,Mobile County,Mobile,30.727669444444,-88.052672222222,30.684572,-88.196568,seat
01105,AL,Perry County,Marion,32.632838,-87.317284,32.639005,-87.293827,seat
01107,AL,Pickens County,Carrollton,33.260858,-88.094452,33.2968,-88.096864,seat
01111,AL,Randolph County,Wedowee,33.308603,-85.485447,33.296461,-85.464064,seat
01117,AL,Shelby County,Columbiana,33.183545,-86.609365,33.266893,-86.661007,seat
01121,AL,Talladega County,Talladega,33.434728,-86.101299,33.369314,-86.17593,seat
01127,AL,Walker County,Jasper,33.842347,-87.277174,33.791558,-87.301094,seat
01131,AL,Wilcox County,Camden,31.998851,-87.295743,31.990082,-87.304935,seat
04001,AZ,Apache County,St. Johns,34.501944444444,-109.37166666667,35.385084,-109.490172,seat
04005,AZ,Coconino County,Flagstaff,35.199166666667,-111.63111111111,35.829692,-111.773728,seat
04007,AZ,Gila County,Globe,33.399722222222,-110.78166666667,33.789618,-110.81187,seat
04009,AZ,Graham County,Safford,32.823055555556,-109.71444444444,32.931828,-109.87831,seat
04012,AZ,La Paz County,Parker,34.15,-114.28888888889,33.72761,-114.038806,seat
04013,AZ,Maricopa County,Phoenix,33.448333333333,-112.07388888889,33.345176,-112.49893,seat
04015,AZ,Mohave County,Kingman,35.208333333333,-114.025,35.717705,-113.749689,seat
04021,AZ,Pinal County,Florence,33.038611111111,-111.38694444444,32.918521,-111.366339,seat
04023,AZ,Santa Cruz County,Nogales,31.353888888889,-110.93916666667,31.525733,-110.845228,seat
04025,AZ,Yavapai County,Prescott,34.5400242,-112.4685025,34.631071,-112.577225,seat
04027,AZ,Yuma County,Yuma,32.692222222222,-114.61527777778,32.773942,-113.910905,seat
05003,AR,Ashley County,Hamburg,33.2275,-91.798333333333,33.190835,-91.772267,seat
05005,AR,Baxter County,Mountain Home,36.336111111111,-92.382222222222,36.280268,-92.329949,seat
05015,AR,Carroll County,Eureka Springs,36.4031,-93.7383,36.33737,-93.540972,seat
05039,AR,Dallas County,Fordyce,33.814722222222,-92.414444444444,33.967823,-92.653999,seat
05043,AR,Drew County,Monticello,33.627222222222,-91.793888888889,33.587242,-91.722778,seat
05053,AR,Grant County,Sheridan,34.307041666667,-92.401263888889,34.285568,-92.422979,seat
05055,AR,Greene County,Paragould,36.056944444444,-90.503055555556,36.120607,-90.566346,seat
05057,AR,Hempstead County,Hope,33.667778,-93.592222,33.735953,-93.664355,seat
05059,AR,Hot Spring County,Malvern,34.363888888889,-92.810833333333,34.315177,-92.944147,seat
05065,AR,Izard County,Melbourne,36.059722222222,-91.894444444444,36.094879,-91.913625,seat
05067,AR,Jackson County,Newport,35.611944444444,-91.262222222222,35.596467,-91.223205,seat
05069,AR,Jefferson County,Pine Bluff,34.228444444444,-92.003194444444,34.277239,-91.929673,seat
05073,AR,Lafayette County,Lewisville,33.360555555556,-93.579444444444,33.240629,-93.611514,seat
05081,AR,Little River County,Ashdown,33.673333333333,-94.127222222222,33.701941,-94.236287,seat
05085,AR,Lonoke County,Lonoke,34.7842,-91.9008,34.755114,-91.894132,seat
05097,AR,Montgomery County,Mount Ida,34.5539,-93.6306,34.545656,-93.664153,seat
05101,AR,Newton County,Jasper,36.0086,-93.1856,35.910742,-93.215898,seat
05103,AR,Ouachita County,Camden,33.570833333333,-92.835,33.591168,-92.878413,seat
05107,AR,Phillips County,Helena-West Helena,34.529166666667,-90.59,34.423687,-90.855593,seat
05109,AR,Pike County,Murfreesboro,34.0664,-93.6892,34.158191,-93.658659,seat
05111,AR,Poinsett County,Harrisburg,35.5642,-90.7222,35.56887,-90.681104,seat
05117,AR,Prairie County,DeValls Bluff,34.784722222222,-91.460277777778,34.831116,-91.55362,seat
05123,AR,St. Francis County,Forrest City,35.01,-90.7875,35.022838,-90.751506,seat
05131,AR,Sebastian County,Greenwood,35.215555555556,-94.253333333333,35.196981,-94.274989,seat
05141,AR,Van Buren County,Clinton,35.586388888889,-92.457777777778,35.582953,-92.515976,seat
05143,AR,Washington County,Fayetteville,36.076388888889,-94.160833333333,35.978001,-94.217269,seat
05145,AR,White County,Searcy,35.246944444444,-91.733611111111,35.255118,-91.753034,seat
05149,AR,Yell County,Dardanelle,35.2225,-93.160277777778,34.997713,-93.408303,seat
06001,CA,Alameda County,Oakland,37.8,-122.25,37.647139,-121.912488,seat
06003,CA,Alpine County,Markleeville,38.695,-119.78027777778,38.621783,-119.798352,seat
06009,CA,Calaveras County,San Andreas,38.196111111111,-120.68055555556,38.191068,-120.554107,seat
06011,CA,Colusa County,Colusa,39.214444444444,-122.00944444444,39.177739,-122.237563,seat
06015,CA,Del Norte County,Crescent City,41.756111111111,-124.20166666667,41.749903,-123.980998,seat
06019,CA,Fresno County,Fresno,36.781666666667,-119.79222222222,36.761006,-119.655019,seat
06023,CA,Humboldt County,Eureka,40.801944444444,-124.16361111111,40.706655,-123.926176,seat
06027,CA,Inyo County,Independence,36.802777777778,-118.2,36.56216,-117.404209,seat
06029,CA,Kern County,Bakersfield,35.373333333333,-119.01888888889,35.346629,-118.729506,seat
06035,CA,Lassen County,Susanville,40.417222222222,-120.64611111111,40.715287,-120.621223,seat
06037,CA,Los Angeles County,Los Angeles,34.05223,-118.24368,34.196398,-118.261862,seat
06043,CA,Mariposa County,Mariposa,37.48722,-119.96833,37.574343,-119.911721,seat
06045,CA,Mendocino County,Ukiah,39.15,-123.2075,39.432388,-123.442881,seat
06047,CA,Merced County,Merced,37.302222222222,-120.48305555556,37.194806,-120.722802,seat
06049,CA,Modoc County,Alturas,41.487222222222,-120.5425,41.592918,-120.71837,seat
06051,CA,Mono County,Bridgeport,38.255833333333,-119.23138888889,37.915836,-118.875167,seat
06053,CA,Monterey County,Salinas,36.677777777778,-121.65555555556,36.240104,-121.315578,seat
06055,CA,Napa County,Napa,38.3,-122.3,38.5071,-122.325904,seat
06061,CA,Placer County,Auburn,38.898611111111,-121.07444444444,39.062032,-120.722718,seat
06065,CA,Riverside County,Riverside,33.982222222222,-117.3725,33.729828,-116.002239,seat
06067,CA,Sacramento County,Sacramento,38.575277777778,-121.48611111111,38.450136,-121.344329,seat
06073,CA,San Diego County,San Diego,32.715,-117.1625,33.023604,-116.776117,seat
06079,CA,San Luis Obispo County,San Luis Obispo,35.274166666667,-120.66305555556,35.388189,-120.448897,seat
06081,CA,San Mateo County,Redwood City,37.482777777778,-122.23611111111,37.414672,-122.371546,seat
06083,CA,Santa Barbara County,Santa Barbara,34.425833333333,-119.71416666667,34.536677,-120.038364,seat
06089,CA,Shasta County,Redding,40.586388888889,-122.39166666667,40.760514,-122.043556,seat
06091,CA,Sierra County,Downieville,39.5675,-120.81222222222,39.576925,-120.521993,seat
06105,CA,Trinity County,Weaverville,40.7367,-122.936,40.647858,-123.114666,seat
08009,CO,Baca County,Springfield,37.4067,-102.617,37.30978,-102.543741,seat
08014,CO,Broomfield County,(internal point),39.953593,-105.050787,39.953593,-105.050787,internal_point
08015,CO,Chaffee County,Salida,38.5314,-105.996,38.734599,-106.300025,seat
08017,CO,Cheyenne County,Cheyenne Wells,38.8211,-102.354,38.835646,-102.601791,seat
08019,CO,Clear Creek County,Georgetown,39.7125,-105.696,39.689403,-105.670783,seat
08021,CO,Conejos County,Conejos,37.0886,-106.02,37.213406,-106.176447,seat
08027,CO,Custer County,Westcliffe,38.1328,-105.466,38.101996,-105.373512,seat
08035,CO,Douglas County,Castle Rock,39.3722,-104.856,39.325414,-104.925987,seat
08037,CO,Eagle County,Eagle,39.650555555556,-106.82722222222,39.626992,-106.695169,seat
08047,CO,Gilpin County,Central City,39.802631,-105.516782,39.861156,-105.528878,seat
08051,CO,Gunnison County,Gunnison,38.544444444444,-106.92833333333,38.670499,-107.05688,seat
08055,CO,Huerfano County,Walsenburg,37.626666666667,-104.78388888889,37.687815,-104.959928,seat
08057,CO,Jackson County,Walden,40.7306,-106.282,40.663432,-106.329248,seat
08063,CO,Kit Carson County,Burlington,39.3042,-102.269,39.30534,-102.603023,seat
08067,CO,La Plata County,Durango,37.2753,-107.88,37.287367,-107.839718,seat
08069,CO,Larimer County,Fort Collins,40.566666666667,-105.08333333333,40.658093,-105.486764,seat
08071,CO,Las Animas County,Trinidad,37.166666666667,-104.5,37.318831,-104.04411,seat
08073,CO,Lincoln County,Hugo,39.1336,-103.468,38.99374,-103.507555,seat
08077,CO,Mesa County,Grand Junction,39.0667,-108.567,39.019524,-108.460571,seat
08079,CO,Mineral County,Creede,37.85,-106.92638888889,37.549067,-107.003236,seat
08081,CO,Moffat County,Craig,40.5169,-107.55,40.610864,-108.217154,seat
08083,CO,Montezuma County,Cortez,37.3492,-108.579,37.338025,-108.595786,seat
08085,CO,Montrose County,Montrose,38.4769,-107.866,38.407507,-108.266282,seat
08089,CO,Otero County,La Junta,37.9814,-103.548,37.88417,-103.72126,seat
08091,CO,Ouray County,Ouray,38.0233,-107.672,38.154731,-107.78848,seat
08093,CO,Park County,Fairplay,39.2244,-105.998,39.118914,-105.717648,seat
08095,CO,Phillips County,Holyoke,40.5819,-102.301,40.594712,-102.345105,seat
08099,CO,Prowers County,Lamar,38.0861,-102.619,37.958181,-102.392161,seat
08103,CO,Rio Blanco County,Meeker,40.03944,-107.91056,39.972622,-108.200716,seat
08105,CO,Rio Grande County,Del Norte,37.6789,-106.353,37.485853,-106.453128,seat
08119,CO,Teller County,Cripple Creek,38.747294,-105.179283,38.869976,-105.187365,seat
08121,CO,Washington County,Akron,40.16139,-103.21167,39.96579,-103.209744,seat
09140,CT,Naugatuck Valley Planning Region,(internal point),41.518931,-73.087906,41.518931,-73.087906,internal_point
09150,CT,Northeastern Connecticut Planning Region,(internal point),41.842375,-71.972655,41.842375,-71.972655,internal_point
09160,CT,Northwest Hills Planning Region,(internal point),41.854809,-73.221494,41.854809,-73.221494,internal_point
09170,CT,South Central Connecticut Planning Region,(internal point),41.290167,-72.837024,41.290167,-72.837024,internal_point
10003,DE,New Castle County,Wilmington,39.748333333333,-75.551388888889,39.575915,-75.644132,seat
12005,FL,Bay County,Panama City,30.174167,-85.664167,30.15914,-85.534395,seat
12011,FL,Broward County,Fort Lauderdale,26.135833333333,-80.141944444444,26.193535,-80.476683,seat
12013,FL,Calhoun County,Blountstown,30.443055555556,-85.045277777778,30.388801,-85.197915,seat
12015,FL,Charlotte County,Punta Gorda,26.915833333333,-82.047777777778,26.906396,-82.003657,seat
12019,FL,Clay County,Green Cove Springs,29.992777777778,-81.683888888889,29.986584,-81.865036,seat
12027,FL,DeSoto County,Arcadia,27.216666666667,-81.866666666667,27.190581,-81.806253,seat
12037,FL,Franklin County,Apalachicola,29.725277777778,-84.9925,29.677794,-84.815213,seat
12041,FL,Gilchrist County,Trenton,29.615,-82.817777777778,29.723456,-82.795801,seat
12043,FL,Glades County,Moore Haven,26.833333333333,-81.1,26.95481,-81.19082,seat
12053,FL,Hernando County,Brooksville,28.553611111111,-82.388611111111,28.555995,-82.525969,seat
12055,FL,Highlands County,Sebring,27.495555555556,-81.444444444444,27.34108,-81.342353,seat
12057,FL,Hillsborough County,Q49255,27.9475,-82.458611111111,27.893154,-82.379991,seat
12059,FL,Holmes County,Bonifay,30.783333333333,-85.683333333333,30.862007,-85.815939,seat
12071,FL,Lee County,Fort Myers,26.616666666667,-81.833333333333,26.563273,-81.984182,seat
12073,FL,Leon County,Tallahassee,30.438333333333,-84.280555555556,30.45931,-84.2778,seat
12075,FL,Levy County,Bronson,29.448888888889,-82.636388888889,29.271854,-82.831233,seat
12081,FL,Manatee County,Bradenton,27.483333333333,-82.583333333333,27.475556,-82.393144,seat
12087,FL,Monroe County,Key West,24.559722222222,-81.783611111111,25.58612,-81.022603,seat
12091,FL,Okaloosa County,Crestview,30.754166666667,-86.572777777778,30.614325,-86.59108,seat
12093,FL,Okeechobee County,Okeechobee,27.233333333333,-80.833333333333,27.385592,-80.887388,seat
12095,FL,Orange County,Orlando,28.533611111111,-81.386666666667,28.514391,-81.323284,seat
12099,FL,Palm Beach County,West Palm Beach,26.709722222222,-80.064166666667,26.649126,-80.448354,seat
12105,FL,Polk County,Bartow,27.8925,-81.839722222222,27.953685,-81.693493,seat
12111,FL,St. Lucie County,Fort Pierce,27.438888888889,-80.335555555556,27.379814,-80.443536,seat
12113,FL,Santa Rosa County,Milton,30.630277777778,-87.046388888889,30.675348,-87.018919,seat
12121,FL,Suwannee County,Live Oak,30.294444444444,-82.985833333333,30.189244,-82.992754,seat
12125,FL,Union County,Lake Butler,30.021666666667,-82.340833333333,30.05428,-82.366918,seat
12127,FL,Volusia County,DeLand,29.028947222222,-81.300447222222,29.057769,-81.161792,seat
12131,FL,Walton County,DeFuniak Springs,30.716666666667,-86.116666666667,30.571247,-86.162798,seat
13005,GA,Bacon County,Alma,31.541666666667,-82.466666666667,31.55021,-82.451433,seat
13017,GA,Ben Hill County,Fitzgerald,31.7156,-83.2564,31.740772,-83.147197,seat
13023,GA,Bleckley County,Cochran,32.3867,-83.3506,32.435403,-83.331717,seat
13025,GA,Brantley County,Nahunta,31.204444444444,-81.982222222222,31.197334,-81.982978,seat
13031,GA,Bulloch County,Statesboro,32.448611111111,-81.781388888889,32.394481,-81.741618,seat
13045,GA,Carroll County,Carrollton,33.5808,-85.0767,33.582237,-85.080527,seat
13051,GA,Chatham County,Savannah,32.050833333333,-81.103888888889,31.980404,-81.085184,seat
13055,GA,Chattooga County,Summerville,34.4797,-85.3481,34.474178,-85.345289,seat
13059,GA,Clarke County,Athens,33.955277777778,-83.383055555556,33.952185,-83.367152,seat
13061,GA,Clay County,Fort Gaines,31.6142,-85.0483,31.619831,-84.992583,seat
13073,GA,Columbia County,Appling,33.5458,-82.3158,33.552075,-82.249608,seat
13075,GA,Cook County,Adel,31.138333333333,-83.425833333333,31.152516,-83.429445,seat
13085,GA,Dawson County,Dawsonville,34.416666666667,-84.116666666667,34.442608,-84.173261,seat
13093,GA,Dooly County,Vienna,32.1,-83.8,32.151995,-83.807167,seat
13109,GA,Evans County,Claxton,32.1608,-81.9086,32.153083,-81.890153,seat
13115,GA,Floyd County,Rome,34.26,-85.185,34.26369,-85.213685,seat
13125,GA,Glascock County,Gibson,33.2328,-82.5953,33.227491,-82.606913,seat
13127,GA,Glynn County,Brunswick,31.158888888889,-81.489166666667,31.21271,-81.49645,seat
13151,GA,Henry County,McDonough,33.445,-84.149166666667,33.452947,-84.154021,seat
13163,GA,Jefferson County,Louisville,33.0042,-82.4047,33.058176,-82.420004,seat
13169,GA,Jones County,Gray,33.0086,-83.5342,33.021664,-83.562196,seat
13173,GA,Lanier County,Lakeland,31.0392,-83.0703,31.038197,-83.063164,seat
13177,GA,Lee County,Leesburg,31.732777777778,-84.170833333333,31.818419,-84.146681,seat
13181,GA,Lincoln County,Lincolnton,33.7944,-82.4764,33.792151,-82.448299,seat
13183,GA,Long County,Ludowici,31.707991888889,-81.742335694444,31.749563,-81.74287,seat
13187,GA,Lumpkin County,Dahlonega,34.5325,-83.985,34.56814,-83.998925,seat
13197,GA,Marion County,Buena Vista,32.3183,-84.5161,32.359312,-84.528735,seat
13201,GA,Miller County,Colquitt,31.1731,-84.7286,31.162931,-84.730398,seat
13209,GA,Montgomery County,Mount Vernon,32.1814,-82.5939,32.172108,-82.533349,seat
13213,GA,Murray County,Chatsworth,34.7722,-84.7789,34.797097,-84.73799,seat
13215,GA,Muscogee County,Columbus,32.492222222222,-84.940277777778,32.510197,-84.874946,seat
13223,GA,Paulding County,Dallas,33.9186,-84.8408,33.92103,-84.867169,seat
13233,GA,Polk County,Cedartown,34.015277777778,-85.253888888889,33.996015,-85.188338,seat
13237,GA,Putnam County,Eatonton,33.326388888889,-83.387777777778,33.32106,-83.37179,seat
13245,GA,Richmond County,Augusta,33.47,-81.975,33.361486,-82.074998,seat
13257,GA,Stephens County,Toccoa,34.5747,-83.32,34.553582,-83.290588,seat
13265,GA,Taliaferro County,Crawfordville,33.5547,-82.8983,33.559319,-82.875272,seat
13275,GA,Thomas County,Thomasville,30.8364,-83.9783,30.864619,-83.919815,seat
13285,GA,Troup County,LaGrange,33.03929,-85.03133,33.034482,-85.02836,seat
13287,GA,Turner County,Ashburn,31.7044,-83.6539,31.7248,-83.620319,seat
13291,GA,Union County,Blairsville,34.875555555556,-83.956666666667,34.833333,-83.989257,seat
13293,GA,Upson County,Thomaston,32.9,-84.333333333333,32.881837,-84.292283,seat
13319,GA,Wilkinson County,Irwinton,32.8119,-83.1767,32.804266,-83.175512,seat
16003,ID,Adams County,Council,44.73,-116.43611111111,44.877004,-116.461624,seat
16005,ID,Bannock County,Pocatello,42.862222222222,-112.45055555556,42.692921,-112.228982,seat
16009,ID,Benewah County,St. Maries,47.316,-116.57,47.218451,-116.633541,seat
16015,ID,Boise County,Idaho City,43.828611111111,-115.83222222222,43.987275,-115.71511,seat
16021,ID,Boundary County,Bonners Ferry,48.692222222222,-116.3175,48.773131,-116.524668,seat
16023,ID,Butte County,Arco,43.63444,-113.30111,43.685101,-113.177631,seat
16025,ID,Camas County,Fairfield,43.3461,-114.791,43.502552,-114.772135,seat
16027,ID,Canyon County,Caldwell,43.658333333333,-116.68027777778,43.625796,-116.709058,seat
16033,ID,Clark County,Dubois,44.1739,-112.232,44.290218,-112.354613,seat
16035,ID,Clearwater County,Orofino,46.485555555556,-116.25888888889,46.67257,-115.6535,seat
16037,ID,Custer County,Challis,44.5042,-114.228,44.273351,-114.252267,seat
16039,ID,Elmore County,Mountain Home,43.136944444444,-115.69444444444,43.394698,-115.471205,seat
16041,ID,Franklin County,Preston,42.0953,-111.875,42.173609,-111.822965,seat
16049,ID,Idaho County,Grangeville,45.926388888889,-116.12138888889,45.849644,-115.467337,seat
16051,ID,Jefferson County,Rigby,43.6739,-111.916,43.796965,-112.318588,seat
16053,ID,Jerome County,Jerome,42.7247,-114.518,42.691395,-114.262086,seat
16055,ID,Kootenai County,Coeur d'Alene,47.692777777778,-116.78,47.675957,-116.695919,seat
16057,ID,Latah County,Moscow,46.731666666667,-116.99722222222,46.81892,-116.730974,seat
16059,ID,Lemhi County,Salmon,45.1781,-113.903,44.928506,-113.887042,seat
16067,ID,Minidoka County,Rupert,42.6181,-113.674,42.857211,-113.63984,seat
16075,ID,Payette County,Payette,44.0753,-116.93,44.00243,-116.750238,seat
17003,IL,Alexander County,Cairo,37.013055555556,-89.180277777778,37.183658,-89.349516,seat
17005,IL,Bond County,Greenville,38.8833,-89.4,38.885924,-89.436592,seat
17009,IL,Brown County,Mount Sterling,39.9853531,-90.7641145,39.962069,-90.750309,seat
17019,IL,Champaign County,Urbana,40.109722222222,-88.204166666667,40.138985,-88.196975,seat
17021,IL,Christian County,Taylorville,39.540833333333,-89.288055555556,39.545524,-89.279593,seat
17023,IL,Clark County,Marshall,39.3983665,-87.6899736,39.332334,-87.791683,seat
17031,IL,Cook County,Chicago,41.881944444444,-87.627777777778,41.894294,-87.645455,seat
17033,IL,Crawford County,Robinson,39.0061,-87.7389,39.002787,-87.760619,seat
17039,IL,De Witt County,Clinton,40.1522,-88.9592,40.181499,-88.901853,seat
17041,IL,Douglas County,Tuscola,39.797777777778,-88.281666666667,39.766078,-88.222866,seat
17049,IL,Effingham County,Effingham,39.1208,-88.5458,39.047945,-88.592849,seat
17059,IL,Gallatin County,Shawneetown,37.7157866,-88.1865056,37.768677,-88.227964,seat
17065,IL,Hamilton County,McLeansboro,38.0901838,-88.5386768,38.085227,-88.539009,seat
17067,IL,Hancock County,Carthage,40.4144,-91.1333,40.401318,-91.168801,seat
17073,IL,Henry County,Cambridge,41.303333333333,-90.193333333333,41.350021,-90.130838,seat
17083,IL,Jersey County,Jerseyville,39.120833333333,-90.3275,39.080195,-90.361385,seat
17085,IL,Jo Daviess County,Galena,42.4167,-90.4333,42.362391,-90.21147,seat
17089,IL,Kane County,Geneva,41.89,-88.31,41.939594,-88.42804,seat
17103,IL,Lee County,Dixon,41.8461,-89.485,41.747447,-89.299362,seat
17105,IL,Livingston County,Pontiac,40.88,-88.6303,40.894376,-88.552852,seat
17121,IL,Marion County,Salem,38.6269929,-88.9456158,38.648236,-88.920362,seat
17125,IL,Mason County,Havana,40.2969,-90.06,40.236993,-89.913575,seat
17133,IL,Monroe County,Waterloo,38.3353,-90.1528,38.277983,-90.179078,seat
17137,IL,Morgan County,Jacksonville,39.7319,-90.2344,39.717657,-90.204993,seat
17155,IL,Putnam County,Hennepin,41.2567,-89.33,41.198961,-89.298347,seat
17157,IL,Randolph County,Chester,37.91389,-89.82306,38.056515,-89.82121,seat
17159,IL,Richland County,Olney,38.7284239,-88.0838849,38.712187,-88.085452,seat
17167,IL,Sangamon County,Springfield,39.7975,-89.645,39.756886,-89.662435,seat
17187,IL,Warren County,Monmouth,40.914089,-90.6423406,40.850441,-90.620223,seat
17189,IL,Washington County,Nashville,38.3541876,-89.3770174,38.35314,-89.417187,seat
17193,IL,White County,Carmi,38.088333333333,-88.168055555556,38.087326,-88.178623,seat
17195,IL,Whiteside County,Morrison,41.8076413,-89.9617047,41.750673,-89.911005,seat
17197,IL,Will County,Joliet,41.52519,-88.0834,41.448474,-87.978456,seat
17199,IL,Williamson County,Marion,37.73028,-88.93,37.730353,-88.930018,seat
17201,IL,Winnebago County,Rockford,42.27113,-89.094,42.337396,-89.161205,seat
17203,IL,Woodford County,Eureka,40.7156,-89.2753,40.789787,-89.210587,seat
18001,IN,Adams County,Decatur,40.8294,-84.9292,40.74573,-84.936134,seat
18007,IN,Benton County,Fowler,40.6183,-87.3192,40.600939,-87.314786,seat
18011,IN,Boone County,Lebanon,40.0522,-86.4717,40.050892,-86.469014,seat
18013,IN,Brown County,Nashville,39.208333333333,-86.25,39.195113,-86.230121,seat
18015,IN,Carroll County,Delphi,40.5875,-86.6717,40.58498,-86.565141,seat
18019,IN,Clark County,Jeffersonville,38.2956,-85.7314,38.476217,-85.711122,seat
18031,IN,Decatur County,Greensburg,39.340277777778,-85.483611111111,39.30598,-85.499831,seat
18035,IN,Delaware County,Muncie,40.193333333333,-85.388055555556,40.227543,-85.399262,seat
18045,IN,Fountain County,Covington,40.140555555556,-87.393055555556,40.121237,-87.234872,seat
18053,IN,Grant County,Marion,40.5492,-85.6647,40.515758,-85.654946,seat
18059,IN,Hancock County,Greenfield,39.7914,-85.7714,39.822529,-85.77315,seat
18067,IN,Howard County,Kokomo,40.482222222222,-86.131666666667,40.483537,-86.114118,seat
18071,IN,Jackson County,Brownstown,38.8797,-86.0461,38.911957,-86.042516,seat
18079,IN,Jennings County,Vernon,38.982778,-85.611389,38.996229,-85.628103,seat
18083,IN,Knox County,Vincennes,38.678333333333,-87.516111111111,38.688381,-87.420358,seat
18099,IN,Marshall County,Plymouth,41.3439,-86.3125,41.325003,-86.269036,seat
18111,IN,Newton County,Kentland,40.7697,-87.4461,40.962399,-87.402172,seat
18117,IN,Orange County,Paoli,38.5578,-86.4692,38.547381,-86.489257,seat
18119,IN,Owen County,Spencer,39.2869,-86.7642,39.317339,-86.838845,seat
18121,IN,Parke County,Rockville,39.765277777778,-87.228888888889,39.77425,-87.19695,seat
18125,IN,Pike County,Petersburg,38.4917,-87.2803,38.397961,-87.232547,seat
18127,IN,Porter County,Valparaiso,41.476111111111,-87.056944444444,41.509914,-87.071313,seat
18131,IN,Pulaski County,Winamac,41.05,-86.6,41.045272,-86.692538,seat
18133,IN,Putnam County,Greencastle,39.6422,-86.8561,39.665548,-86.853373,seat
18135,IN,Randolph County,Winchester,40.1731,-84.9775,40.164079,-85.00579,seat
18147,IN,Spencer County,Rockport,37.8836,-87.0531,38.009697,-87.010375,seat
18151,IN,Steuben County,Angola,41.63694,-85.00083,41.643467,-85.002405,seat
18155,IN,Switzerland County,Vevay,38.7458,-85.0711,38.825854,-85.029681,seat
18157,IN,Tippecanoe County,Lafayette,40.4172,-86.8786,40.389133,-86.893554,seat
18161,IN,Union County,Liberty,39.6358,-84.9289,39.623094,-84.925145,seat
18163,IN,Vanderburgh County,Evansville,37.974722222222,-87.555833333333,38.02007,-87.586166,seat
18175,IN,Washington County,Salem,38.604166666667,-86.098888888889,38.600613,-86.104751,seat
18183,IN,Whitley County,Columbia City,41.1586,-85.4878,41.136426,-85.501892,seat
19005,IA,Allamakee County,Waukon,43.268888888889,-91.479166666667,43.274964,-91.382751,seat
19017,IA,Bremer County,Waverly,42.726666666667,-92.475277777778,42.780895,-92.327356,seat
19019,IA,Buchanan County,Independence,42.470277777778,-91.893888888889,42.470328,-91.838666,seat
19021,IA,Buena Vista County,Storm Lake,42.643611111111,-95.201944444444,42.741522,-95.141432,seat
19025,IA,Calhoun County,Rockwell City,42.395833333333,-94.633055555556,42.386061,-94.643602,seat
19027,IA,Carroll County,Carroll,42.069444444444,-94.866388888889,42.039502,-94.86765,seat
19049,IA,Dallas County,Adel,41.616666666667,-94.021666666667,41.68532,-94.040706,seat
19053,IA,Decatur County,Leon,40.74,-93.746388888889,40.736379,-93.78458,seat
19055,IA,Delaware County,Manchester,42.486111111111,-91.457222222222,42.473014,-91.366767,seat
19063,IA,Emmet County,Estherville,43.404444444444,-94.833611111111,43.377984,-94.66937,seat
19065,IA,Fayette County,West Union,42.961944444444,-91.81,42.864122,-91.840376,seat
19071,IA,Fremont County,Sidney,40.747222222222,-95.646944444444,40.74259,-95.599182,seat
19077,IA,Guthrie County,Guthrie Center,41.679722222222,-94.500833333333,41.683573,-94.501272,seat
19081,IA,Hancock County,Garner,43.098055555556,-93.604166666667,43.075411,-93.743697,seat
19083,IA,Hardin County,Eldora,42.360277777778,-93.101388888889,42.390208,-93.241669,seat
19085,IA,Harrison County,Logan,41.644722222222,-95.79,41.688584,-95.827149,seat
19089,IA,Howard County,Cresco,43.374444444444,-92.115,43.365312,-92.321908,seat
19101,IA,Jefferson County,Fairfield,41.007222222222,-91.965833333333,41.006376,-91.966628,seat
19103,IA,Johnson County,Iowa City,41.655833333333,-91.525,41.670668,-91.590529,seat
19105,IA,Jones County,Anamosa,42.108888888889,-91.281388888889,42.125118,-91.116914,seat
19109,IA,Kossuth County,Algona,43.070277777778,-94.229722222222,43.212356,-94.213965,seat
19117,IA,Lucas County,Chariton,41.016111111111,-93.3075,41.033344,-93.331467,seat
19119,IA,Lyon County,Rock Rapids,43.428055555556,-96.168611111111,43.38358,-96.207201,seat
19131,IA,Mitchell County,Osage,43.284722222222,-92.812222222222,43.348564,-92.784466,seat
19137,IA,Montgomery County,Red Oak,41.011666666667,-95.227222222222,41.021735,-95.15779,seat
19139,IA,Muscatine County,Muscatine,41.424444444444,-91.043333333333,41.483776,-91.118699,seat
19153,IA,Polk County,Des Moines,41.590833333333,-93.620833333333,41.684816,-93.568971,seat
19167,IA,Sioux County,Orange City,43.005555555556,-96.058888888889,43.082646,-96.17801,seat
19171,IA,Tama County,Toledo,41.993333333333,-92.579166666667,42.074848,-92.529411,seat
19173,IA,Taylor County,Bedford,40.668333333333,-94.721111111111,40.737949,-94.697108,seat
19175,IA,Union County,Creston,41.059166666667,-94.364444444444,41.02855,-94.245091,seat
19179,IA,Wapello County,Ottumwa,41.013055555556,-92.414722222222,41.031275,-92.409466,seat
19187,IA,Webster County,Fort Dodge,42.506666666667,-94.180277777778,42.433579,-94.175831,seat
19195,IA,Worth County,Northwood,43.445833333333,-93.219166666667,43.373491,-93.248533,seat
20007,KS,Barber County,Medicine Lodge,37.284444444444,-98.581111111111,37.222906,-98.685052,seat
20009,KS,Barton County,Great Bend,38.3644,-98.7647,38.481239,-98.767837,seat
20011,KS,Bourbon County,Fort Scott,37.835277777778,-94.701944444444,37.8561,-94.850928,seat
20013,KS,Brown County,Hiawatha,39.849167,-95.515833,39.825931,-95.569905,seat
20015,KS,Butler County,El Dorado,37.8211,-96.8583,37.773649,-96.83884,seat
20017,KS,Chase County,Cottonwood Falls,38.3681,-96.5431,38.299475,-96.594029,seat
20023,KS,Cheyenne County,St. Francis,39.7714,-101.801,39.789901,-101.727317,seat
20029,KS,Cloud County,Concordia,39.5692,-97.6583,39.487329,-97.64139,seat
20033,KS,Comanche County,Coldwater,37.2694,-99.3261,37.181442,-99.251293,seat
20035,KS,Cowley County,Winfield,37.2478,-96.9806,37.234507,-96.837247,seat
20037,KS,Crawford County,Girard,37.5103,-94.8442,37.505821,-94.853897,seat
20057,KS,Ford County,Dodge City,37.759722222222,-100.01833333333,37.688416,-99.884748,seat
20059,KS,Franklin County,Ottawa,38.6119,-95.2664,38.558019,-95.278962,seat
20061,KS,Geary County,Junction City,39.0275,-96.8403,39.002139,-96.7681,seat
20071,KS,Greeley County,Tribune,38.4703,-101.754,38.480404,-101.80597,seat
20077,KS,Harper County,Anthony,37.15389,-98.02917,37.188184,-98.06659,seat
20079,KS,Harvey County,Newton,38.0442,-97.3475,38.050144,-97.436706,seat
20087,KS,Jefferson County,Oskaloosa,39.2158,-95.3139,39.239644,-95.375314,seat
20093,KS,Kearny County,Lakin,37.940277777778,-101.25861111111,37.994461,-101.308136,seat
20095,KS,Kingman County,Kingman,37.6469,-98.1139,37.552951,-98.144529,seat
20103,KS,Leavenworth County,Leavenworth,39.3111,-94.9225,39.189511,-95.038977,seat
20105,KS,Lincoln County,Lincoln Center,39.0417,-98.1467,39.04728,-98.214284,seat
20107,KS,Linn County,Linnville,38.224722222222,-94.797222222222,38.216549,-94.844932,seat
20109,KS,Logan County,Oakley,39.1281,-100.854,38.91327,-101.157402,seat
20117,KS,Marshall County,Marysville,39.84444,-96.6425,39.782709,-96.521243,seat
20119,KS,Meade County,Meade,37.28583,-100.33917,37.243886,-100.360094,seat
20129,KS,Morton County,Elkhart,37.0031,-101.898,37.185249,-101.809516,seat
20135,KS,Ness County,Ness City,38.4522,-99.9061,38.480437,-99.908745,seat
20147,KS,Phillips County,Phillipsburg,39.7553,-99.3222,39.784506,-99.34215,seat
20153,KS,Rawlins County,Atwood,39.8089,-101.041,39.786198,-101.076738,seat
20155,KS,Reno County,Hutchinson,38.0656,-97.9236,37.948185,-98.078346,seat
20171,KS,Scott County,Scott City,38.4797,-100.908,38.481877,-100.90636,seat
20175,KS,Seward County,Liberal,37.0433,-100.928,37.18096,-100.855257,seat
20185,KS,Stafford County,St. John,38.0011,-98.7611,38.03563,-98.719889,seat
20187,KS,Stanton County,Johnson City,37.570555555556,-101.75111111111,37.565932,-101.789383,seat
20195,KS,Trego County,WaKeeney,39.024444444444,-99.881944444444,38.921302,-99.865423,seat
20197,KS,Wabaunsee County,Alma,39.01556,-96.28889,38.955154,-96.201262,seat
20207,KS,Woodson County,Yates Center,37.88,-95.7344,37.888193,-95.758469,seat
21013,KY,Bell County,Pineville,36.7631,-83.6994,36.728928,-83.680718,seat
21053,KY,Clinton County,Albany,36.69306,-85.13528,36.727258,-85.136098,seat
21055,KY,Crittenden County,Marion,37.3325,-88.07889,37.358149,-88.10501,seat
21061,KY,Edmonson County,Brownsville,37.1911,-86.2611,37.227514,-86.218015,seat
21063,KY,Elliott County,Sandy Hook,38.0925,-83.1239,38.116883,-83.096116,seat
21069,KY,Fleming County,Flemingsburg,38.4206,-83.7375,38.367848,-83.699205,seat
21071,KY,Floyd County,Prestonsburg,37.6678,-82.7589,37.552456,-82.739724,seat
21093,KY,Hardin County,Elizabethtown,37.7,-85.866666666667,37.695836,-85.963183,seat
21097,KY,Harrison County,Cynthiana,38.3883,-84.2969,38.444578,-84.334131,seat
21099,KY,Hart County,Munfordville,37.2767,-85.8978,37.305827,-85.878443,seat
21105,KY,Hickman County,Clinton,36.6669,-88.9942,36.675896,-88.972084,seat
21109,KY,Jackson County,McKee,37.43028,-83.99333,37.403458,-84.020576,seat
21137,KY,Lincoln County,Stanford,37.5322,-84.6603,37.457174,-84.658335,seat
21139,KY,Livingston County,Smithland,37.1394,-88.4028,37.209517,-88.363426,seat
21141,KY,Logan County,Russellville,36.8425,-86.892777777778,36.859607,-86.881288,seat
21147,KY,McCreary County,Whitley City,36.7244,-84.4703,36.731136,-84.491052,seat
21149,KY,McLean County,Calhoun,37.5386,-87.2594,37.526707,-87.265597,seat
21153,KY,Magoffin County,Salyersville,37.748055555556,-83.063055555556,37.698983,-83.069721,seat
21155,KY,Marion County,Lebanon,37.5706,-85.2564,37.552604,-85.268959,seat
21159,KY,Martin County,Inez,37.8664,-82.5392,37.796774,-82.506623,seat
21161,KY,Mason County,Maysville,38.643888888889,-83.775833333333,38.594137,-83.828125,seat
21163,KY,Meade County,Brandenburg,37.9928,-86.1747,37.967476,-86.200863,seat
21169,KY,Metcalfe County,Edmonton,36.9803,-85.6203,36.99243,-85.633456,seat
21193,KY,Perry County,Hazard,37.2486,-83.195,37.241282,-83.217772,seat
21197,KY,Powell County,Stanton,37.8475,-83.8592,37.809567,-83.831235,seat
21215,KY,Spencer County,Taylorsville,38.0347,-85.3439,38.025313,-85.317312,seat
21219,KY,Todd County,Elkton,36.8089,-87.1564,36.840338,-87.183642,seat
21227,KY,Warren County,Bowling Green,36.981666666667,-86.444444444444,36.995634,-86.423579,seat
21239,KY,Woodford County,Versailles,38.0547,-84.7308,38.043103,-84.748855,seat
22009,LA,Avoyelles Parish,Marksville,31.12639,-92.06583,31.088503,-91.983275,seat
22011,LA,Beauregard Parish,DeRidder,30.851388888889,-93.290277777778,30.645018,-93.340253,seat
22021,LA,Caldwell Parish,Columbia,32.1042,-92.0769,32.101219,-92.114231,seat
22023,LA,Cameron Parish,Cameron,29.795833333333,-93.320833333333,29.871812,-93.164948,seat
22031,LA,De Soto Parish,Mansfield,32.03278,-93.70222,32.059248,-93.740797,seat
22033,LA,East Baton Rouge Parish,Baton Rouge,30.4475,-91.178611111111,30.54393,-91.093131,seat
22037,LA,East Feliciana Parish,Clinton,30.86574,-91.01566,30.839784,-91.043434,seat
22039,LA,Evangeline Parish,Ville Platte,30.6892,-92.2775,30.720693,-92.404086,seat
22045,LA,Iberia Parish,New Iberia,30.0036,-91.8183,29.606013,-91.842706,seat
22049,LA,Jackson Parish,Jonesboro,32.241111111111,-92.715833333333,32.30429,-92.5617,seat
22053,LA,Jefferson Davis Parish,Jennings,30.2222,-92.6569,30.269529,-92.816221,seat
22057,LA,Lafourche Parish,Thibodaux,29.7922,-90.82,29.491992,-90.394849,seat
22059,LA,LaSalle Parish,Jena,31.683333333333,-92.133333333333,31.680083,-92.161596,seat
22073,LA,Ouachita Parish,Monroe,32.5094,-92.1183,32.480932,-92.151581,seat
22077,LA,Pointe Coupee Parish,New Roads,30.6964,-91.4389,30.708319,-91.604621,seat
22079,LA,Rapides Parish,Alexandria,31.31125,-92.445194444444,31.193204,-92.535953,seat
22081,LA,Red River Parish,Coushatta,32.0231,-93.3417,32.101213,-93.34905,seat
22085,LA,Sabine Parish,Many,31.5675,-93.4775,31.560402,-93.559579,seat
22087,LA,St. Bernard Parish,Chalmette,29.9456,-89.9617,29.91811,-89.263494,seat
22089,LA,St. Charles Parish,Hahnville,29.9669,-90.41,29.905722,-90.357855,seat
22091,LA,St. Helena Parish,Greensburg,30.8281,-90.6692,30.822539,-90.708307,seat
22101,LA,St. Mary Parish,Franklin,29.7917,-91.5083,29.629349,-91.463804,seat
22103,LA,St. Tammany Parish,Covington,30.4789,-90.1042,30.410022,-89.951962,seat
22111,LA,Union Parish,Farmerville,32.77347,-92.4057,32.829349,-92.37565,seat
22113,LA,Vermilion Parish,Abbeville,29.9725,-92.129166666667,29.806638,-92.321394,seat
22119,LA,Webster Parish,Minden,32.615416666667,-93.286833333333,32.732152,-93.339825,seat
23001,ME,Androscoggin County,Auburn,44.089166666667,-70.241388888889,44.167681,-70.207435,seat
23003,ME,Aroostook County,Houlton,46.133333333333,-67.839444444444,46.709193,-68.612409,seat
23007,ME,Franklin County,Farmington,44.665555555556,-70.146944444444,44.976724,-70.414935,seat
23013,ME,Knox County,Rockland,44.109444444444,-69.114722222222,44.042045,-69.038514,seat
23015,ME,Lincoln County,Wiscasset,44.002808,-69.665864,43.994781,-69.513624,seat
23019,ME,Penobscot County,Bangor,44.803055555556,-68.7675,45.409284,-68.666616,seat
23029,ME,Washington County,Machias,44.683333333333,-67.466666666667,44.967009,-67.609354,seat
23031,ME,York County,Alfred,43.4825,-70.718611111111,43.426019,-70.668425,seat
24009,MD,Calvert County,Prince Frederick,38.548611111111,-76.588611111111,38.522719,-76.529762,seat
24011,MD,Caroline County,Denton,38.883888888889,-75.826666666667,38.871531,-75.831662,seat
24013,MD,Carroll County,Westminster,39.576666666667,-77.0,39.563328,-77.01533,seat
24023,MD,Garrett County,Oakland,39.41048,-79.40438,39.547299,-79.274619,seat
24031,MD,Montgomery County,Rockville,39.084,-77.15276,39.137381,-77.203063,seat
24037,MD,St. Mary's County,Leonardtown,38.295277777778,-76.638055555556,38.223077,-76.534487,seat
24045,MD,Wicomico County,Salisbury,38.361111111111,-75.6,38.36737,-75.632083,seat
24510,MD,Baltimore city,(internal point),39.300032,-76.610476,39.300032,-76.610476,internal_point
25001,MA,Barnstable County,Barnstable,41.7,-70.3,41.706123,-70.164823,seat
25003,MA,Berkshire County,Pittsfield,42.45,-73.25,42.371493,-73.217928,seat
25013,MA,Hampden County,Springfield,42.112411,-72.547455,42.136198,-72.635648,seat
25015,MA,Hampshire County,Northampton,42.325,-72.641666666667,42.339459,-72.663694,seat
25025,MA,Suffolk County,Boston,42.360277777778,-71.057777777778,42.338551,-71.018253,seat
25027,MA,Worcester County,Worcester,42.271388888889,-71.798888888889,42.311693,-71.940282,seat
26001,MI,Alcona County,Harrisville,44.656388888889,-83.294722222222,44.657509,-83.29458,seat
26003,MI,Alger County,Munising,46.411111111111,-86.647777777778,46.521736,-86.657119,seat
26009,MI,Antrim County,Bellaire,44.973611111111,-85.205833333333,45.005455,-85.175639,seat
26013,MI,Baraga County,L'Anse,46.756666666667,-88.453333333333,46.695859,-88.36181,seat
26015,MI,Barry County,Hastings,42.645833333333,-85.290833333333,42.582811,-85.31455,seat
26017,MI,Bay County,Bay City,43.59505,-83.888639,43.699711,-83.978701,seat
26019,MI,Benzie County,Beulah,44.629444444444,-86.095833333333,44.636844,-86.231999,seat
26023,MI,Branch County,Coldwater,41.94,-85.0,41.918455,-85.066885,seat
26027,MI,Cass County,Cassopolis,41.911666666667,-86.01,41.917243,-86.000142,seat
26031,MI,Cheboygan County,Cheboygan,45.646944444444,-84.474444444444,45.476022,-84.495431,seat
26033,MI,Chippewa County,Sault Ste. Marie,46.496944444444,-84.345555555556,46.321819,-84.52063,seat
26039,MI,Crawford County,Grayling,44.661388888889,-84.714722222222,44.680175,-84.611343,seat
26041,MI,Delta County,Escanaba,45.745833333333,-87.064166666667,45.805229,-86.901938,seat
26047,MI,Emmet County,Petoskey,45.373333333333,-84.955277777778,45.590094,-84.986822,seat
26049,MI,Genesee County,Flint,43.018888888889,-83.693333333333,43.021077,-83.706372,seat
26055,MI,Grand Traverse County,Traverse City,44.768055555556,-85.622222222222,44.718688,-85.553848,seat
26057,MI,Gratiot County,Ithaca,43.291666666667,-84.6075,43.292326,-84.60469,seat
26065,MI,Ingham County,Mason,42.579166666667,-84.443611111111,42.603534,-84.373811,seat
26069,MI,Iosco County,Tawas City,44.269444444444,-83.514722222222,44.386912,-83.380141,seat
26071,MI,Iron County,Crystal Falls,46.098055555556,-88.333888888889,46.170254,-88.540526,seat
26073,MI,Isabella County,Mount Pleasant,43.597777777778,-84.7675,43.645233,-84.839424,seat
26077,MI,Kalamazoo County,Kalamazoo,42.29,-85.59,42.246266,-85.532854,seat
26083,MI,Keweenaw County,Eagle River,47.413888888889,-88.295833333333,47.367297,-88.351332,seat
26087,MI,Lapeer County,Lapeer,43.051388888889,-83.318888888889,43.088633,-83.224325,seat
26091,MI,Lenawee County,Adrian,41.8975,-84.037222222222,41.896022,-84.074356,seat
26093,MI,Livingston County,Howell,42.607222222222,-83.929444444444,42.602532,-83.911718,seat
26095,MI,Luce County,Newberry,46.355,-85.509444444444,46.510988,-85.517552,seat
26099,MI,Macomb County,Mount Clemens,42.597222222222,-82.878055555556,42.671553,-82.911456,seat
26105,MI,Mason County,Ludington,43.955277777778,-86.4525,43.957196,-86.442937,seat
26107,MI,Mecosta County,Big Rapids,43.69888889,-85.48111111,43.635295,-85.332751,seat
26113,MI,Missaukee County,Lake City,44.335277777778,-85.215,44.325424,-85.085471,seat
26117,MI,Montcalm County,Stanton,43.2925,-85.081388888889,43.312782,-85.149468,seat
26121,MI,Muskegon County,Muskegon,43.234166666667,-86.248333333333,43.428739,-86.420908,seat
26129,MI,Ogemaw County,West Branch,44.275555555556,-84.235277777778,44.33328,-84.128073,seat
26131,MI,Ontonagon County,Ontonagon,46.871111111111,-89.314166666667,46.835325,-89.276912,seat
26141,MI,Presque Isle County,Rogers City,45.421388888889,-83.818333333333,45.252397,-83.432283,seat
26151,MI,Sanilac County,Sandusky,43.420277777778,-82.829722222222,43.449155,-82.642815,seat
27005,MN,Becker County,Detroit Lakes,46.817222222222,-95.845277777778,46.937629,-95.741757,seat
27021,MN,Cass County,Walker,47.101388888889,-94.587222222222,46.951745,-94.333705,seat
27025,MN,Chisago County,Center City,45.395,-92.817222222222,45.505444,-92.903849,seat
27027,MN,Clay County,Moorhead,46.873888888889,-96.767222222222,46.898377,-96.494901,seat
27029,MN,Clearwater County,Bagley,47.521666666667,-95.398333333333,47.575873,-95.371117,seat
27031,MN,Cook County,Grand Marais,47.749211111111,-90.3331,47.758556,-90.344319,seat
27039,MN,Dodge County,Mantorville,44.067222222222,-92.7575,44.020706,-92.869353,seat
27061,MN,Itasca County,Grand Rapids,47.237222222222,-93.530277777778,47.490817,-93.611102,seat
27065,MN,Kanabec County,Mora,45.876944444444,-93.293888888889,45.94776,-93.297788,seat
27069,MN,Kittson County,Hallock,48.774444444444,-96.946388888889,48.77604,-96.780349,seat
27073,MN,Lac qui Parle County,Madison,45.009722222222,-96.195833333333,44.999826,-96.176851,seat
27077,MN,Lake of the Woods County,Baudette,48.7125,-94.595,48.7681,-94.904633,seat
27089,MN,Marshall County,Warren,48.196666666667,-96.772777777778,48.362728,-96.357761,seat
27091,MN,Martin County,Fairmont,43.652222222222,-94.461111111111,43.677173,-94.547096,seat
27093,MN,Meeker County,Litchfield,45.127222222222,-94.528055555556,45.123155,-94.527346,seat
27099,MN,Mower County,Austin,43.6666,-92.974861111111,43.666249,-92.759514,seat
27103,MN,Nicollet County,St. Peter,44.325833333333,-93.955833333333,44.35882,-94.245684,seat
27105,MN,Nobles County,Worthington,43.62,-95.596388888889,43.677686,-95.763132,seat
27107,MN,Norman County,Ada,47.299722222222,-96.515277777778,47.329453,-96.463776,seat
27113,MN,Pennington County,Thief River Falls,48.116944444444,-96.181666666667,48.069247,-96.037725,seat
27119,MN,Polk County,Crookston,47.774166666667,-96.608055555556,47.774254,-96.400027,seat
27121,MN,Pope County,Glenwood,45.650277777778,-95.389722222222,45.589623,-95.446705,seat
27123,MN,Ramsey County,Saint Paul,44.944166666667,-93.093611111111,45.015204,-93.099965,seat
27129,MN,Renville County,Olivia,44.776388888889,-94.989722222222,44.723697,-94.955617,seat
27137,MN,St. Louis County,Duluth,46.784444444444,-92.105277777778,47.578635,-92.514585,seat
27139,MN,Scott County,Shakopee,44.798055555556,-93.526944444444,44.651811,-93.533733,seat
27141,MN,Sherburne County,Elk River,45.317222222222,-93.581111111111,45.453166,-93.769164,seat
27143,MN,Sibley County,Gaylord,44.553055555556,-94.220277777778,44.575734,-94.230123,seat
27145,MN,Stearns County,St. Cloud,45.553888888889,-94.170277777778,45.555235,-94.610482,seat
27147,MN,Steele County,Owatonna,44.084288888889,-93.226,44.015261,-93.220453,seat
27153,MN,Todd County,Long Prairie,45.974722222222,-94.865555555556,46.066569,-94.900576,seat
27155,MN,Traverse County,Wheaton,45.804444444444,-96.499166666667,45.769935,-96.474832,seat
27157,MN,Wabasha County,Wabasha,44.37944444,-92.03555556,44.289634,-92.233454,seat
27169,MN,Winona County,Winona,44.047888888889,-91.640438888889,43.981353,-91.777044,seat
27171,MN,Wright County,Buffalo,45.171944444444,-93.874722222222,45.175091,-93.966396,seat
27173,MN,Yellow Medicine County,Granite Falls,44.81,-95.545555555556,44.715736,-95.862756,seat
28009,MS,Benton County,Ashland,34.8325,-89.1792,34.809593,-89.200213,seat
28011,MS,Bolivar County,Rosedale,33.8536,-91.0269,33.799139,-90.88412,seat
28013,MS,Calhoun County,Pittsboro,33.9386,-89.3386,33.936634,-89.337114,seat
28015,MS,Carroll County,Vaiden,33.3317,-89.7469,33.440795,-89.918887,seat
28023,MS,Clarke County,Quitman,32.0431,-88.7208,32.045374,-88.687976,seat
28025,MS,Clay County,West Point,33.6061,-88.6525,33.65967,-88.782468,seat
28029,MS,Copiah County,Hazlehurst,31.865,-90.3914,31.866915,-90.448758,seat
28033,MS,DeSoto County,Hernando,34.8308,-89.9936,34.874922,-89.991211,seat
28041,MS,Greene County,Leakesville,31.1539,-88.5558,31.212845,-88.634811,seat
28045,MS,Hancock County,Bay St. Louis,30.314722222222,-89.344166666667,30.391641,-89.482791,seat
28055,MS,Issaquena County,Mayersville,32.901111111111,-91.050555555556,32.755539,-91.003535,seat
28057,MS,Itawamba County,Fulton,34.2661,-88.4014,34.281075,-88.363127,seat
28059,MS,Jackson County,Pascagoula,30.364694444444,-88.558611111111,30.456005,-88.625101,seat
28063,MS,Jefferson County,Fayette,31.7111,-91.0622,31.733633,-91.043878,seat
28067,MS,Jones County,Ellisville,31.6011,-89.2022,31.616601,-89.168532,seat
28075,MS,Lauderdale County,Meridian,32.364305555556,-88.703666666667,32.403998,-88.660449,seat
28077,MS,Lawrence County,Monticello,31.5542,-90.11,31.550009,-90.10753,seat
28079,MS,Leake County,Carthage,32.7414,-89.535,32.76063,-89.52225,seat
28089,MS,Madison County,Canton,32.6119,-90.0317,32.63437,-90.03416,seat
28099,MS,Neshoba County,Philadelphia,32.7742,-89.1128,32.752518,-89.119274,seat
28109,MS,Pearl River County,Poplarville,30.840555555556,-89.533888888889,30.774793,-89.586904,seat
28111,MS,Perry County,New Augusta,31.2042,-89.0319,31.169307,-88.988755,seat
28115,MS,Pontotoc County,Pontotoc,34.2486,-89.0067,34.227081,-89.037239,seat
28117,MS,Prentiss County,Booneville,34.6611,-88.5614,34.620566,-88.522184,seat
28119,MS,Quitman County,Marks,34.25472,-90.27278,34.252833,-90.290171,seat
28129,MS,Smith County,Raleigh,32.033055555556,-89.522777777778,32.019029,-89.494876,seat
28133,MS,Sunflower County,Indianola,33.452777777778,-90.650833333333,33.605529,-90.59509,seat
28147,MS,Walthall County,Tylertown,31.1161,-90.1428,31.164492,-90.103431,seat
28149,MS,Warren County,Vicksburg,32.3525,-90.8775,32.356095,-90.852384,seat
28151,MS,Washington County,Greenville,33.399444444444,-91.051944444444,33.273174,-90.944446,seat
28159,MS,Winston County,Louisville,33.1231,-89.0561,33.078724,-89.037391,seat
29003,MO,Andrew County,Savannah,39.9411,-94.8308,39.988863,-94.803551,seat
29007,MO,Audrain County,Mexico,39.165833333333,-91.884722222222,39.214481,-91.843418,seat
29015,MO,Benton County,Warsaw,38.245277777778,-93.377222222222,38.301036,-93.287942,seat
29017,MO,Bollinger County,Marble Hill,37.30472,-89.97611,37.318427,-90.024645,seat
29021,MO,Buchanan County,St. Joseph,39.768611111111,-94.846638888889,39.660369,-94.808173,seat
29023,MO,Butler County,Poplar Bluff,36.759722222222,-90.402777777778,36.71518,-90.40313,seat
29025,MO,Caldwell County,Kingston,39.6431,-94.0383,39.658998,-93.979179,seat
29031,MO,Cape Girardeau County,Jackson,37.38,-89.658055555556,37.384141,-89.685658,seat
29033,MO,Carroll County,Carrollton,39.3589,-93.4956,39.427375,-93.500227,seat
29039,MO,Cedar County,Stockton,37.6967,-93.7953,37.733655,-93.850014,seat
29045,MO,Clark County,Kahoka,40.4167,-91.7167,40.407275,-91.729472,seat
29053,MO,Cooper County,Boonville,38.965,-92.7417,38.847093,-92.810069,seat
29057,MO,Dade County,Greenfield,37.4153,-93.8428,37.43235,-93.854878,seat
29069,MO,Dunklin County,Kennett,36.238055555556,-90.051666666667,36.153025,-90.062254,seat
29075,MO,Gentry County,Albany,40.24806,-94.33056,40.208127,-94.405321,seat
29077,MO,Greene County,Springfield,37.195,-93.286111111111,37.258196,-93.340641,seat
29079,MO,Grundy County,Trenton,40.0783,-93.6114,40.112541,-93.565054,seat
29091,MO,Howell County,West Plains,36.737222222222,-91.865,36.774369,-91.887368,seat
29095,MO,Jackson County,Kansas City,39.05,-94.583333333333,39.005364,-94.343211,seat
29097,MO,Jasper County,Carthage,37.167777777778,-94.315,37.205197,-94.337259,seat
29105,MO,Laclede County,Lebanon,37.678333333333,-92.661666666667,37.659698,-92.594843,seat
29121,MO,Macon County,Macon,39.74056,-92.47056,39.829795,-92.56434,seat
29131,MO,Miller County,Tuscumbia,38.2353,-92.4597,38.21668,-92.429876,seat
29145,MO,Newton County,Neosho,36.855555555556,-94.376388888889,36.908371,-94.335034,seat
29149,MO,Oregon County,Alton,36.69389,-91.39889,36.68531,-91.401827,seat
29151,MO,Osage County,Linn,38.4831,-91.8469,38.464253,-91.859504,seat
29161,MO,Phelps County,Rolla,37.948888888889,-91.763055555556,37.866326,-91.790349,seat
29167,MO,Polk County,Bolivar,37.616666666667,-93.416666666667,37.616761,-93.400817,seat
29173,MO,Ralls County,New London,39.5853,-91.3992,39.553455,-91.524787,seat
29181,MO,Ripley County,Doniphan,36.6222,-90.8222,36.65017,-90.874834,seat
29187,MO,St. Francois County,Farmington,37.781944444444,-90.422222222222,37.810707,-90.473868,seat
29189,MO,St. Louis County,Clayton,38.645277777778,-90.331944444444,38.640688,-90.446073,seat
29197,MO,Schuyler County,Lancaster,40.5242,-92.5292,40.469361,-92.519016,seat
29203,MO,Shannon County,Eminence,37.148333333333,-91.358888888889,37.152498,-91.391328,seat
29209,MO,Stone County,Galena,36.8056,-93.4672,36.745822,-93.457842,seat
29219,MO,Warren County,Warrenton,38.8158,-91.1403,38.761902,-91.159306,seat
29229,MO,Wright County,Hartville,37.2503,-92.5119,37.267633,-92.479989,seat
30003,MT,Big Horn County,Hardin,45.7319,-107.613,45.407868,-107.518162,seat
30005,MT,Blaine County,Chinook,48.583333333333,-109.23333333333,48.428282,-108.967648,seat
30007,MT,Broadwater County,Townsend,46.320277777778,-111.51777777778,46.329849,-111.497873,seat
30011,MT,Carter County,Ekalaka,45.889166666667,-104.54972222222,45.516825,-104.515324,seat
30013,MT,Cascade County,Great Falls,47.503611111111,-111.28638888889,47.316575,-111.350262,seat
30017,MT,Custer County,Miles City,46.40833,-105.84,46.261414,-105.550352,seat
30019,MT,Daniels County,Scobey,48.790833333333,-105.42,48.794429,-105.541739,seat
30023,MT,Deer Lodge County,Anaconda,46.127777777778,-112.95833333333,46.094672,-113.141624,seat
30025,MT,Fallon County,Baker,46.364722222222,-104.275,46.318184,-104.405718,seat
30027,MT,Fergus County,Lewistown,47.064722222222,-109.43,47.221816,-109.232956,seat
30029,MT,Flathead County,Kalispell,48.2,-114.31666666667,48.295422,-114.052059,seat
30031,MT,Gallatin County,Bozeman,45.679444444444,-111.03722222222,45.518054,-111.163921,seat
30035,MT,Glacier County,Cut Bank,48.634722222222,-112.33111111111,48.705671,-112.990502,seat
30037,MT,Golden Valley County,Ryegate,46.298888888889,-109.25555555556,46.380624,-109.174586,seat
30039,MT,Granite County,Philipsburg,46.333055555556,-113.29666666667,46.395955,-113.427356,seat
30041,MT,Hill County,Havre,48.545277777778,-109.6775,48.631959,-110.106321,seat
30043,MT,Jefferson County,Boulder,46.236388888889,-112.12194444444,46.124232,-112.059428,seat
30047,MT,Lake County,Polson,47.6881,-114.157,47.642901,-114.083687,seat
30055,MT,McCone County,Circle,47.416944444444,-105.58861111111,47.629628,-105.757222,seat
30057,MT,Madison County,Virginia City,45.2942,-111.941,45.32529,-111.913791,seat
30061,MT,Mineral County,Superior,47.193333333333,-114.89027777778,47.129687,-115.085385,seat
30063,MT,Missoula County,Missoula,46.8625,-114.01166666667,47.027263,-113.892691,seat
30069,MT,Petroleum County,Winnett,47.0044,-108.351,47.141917,-108.226575,seat
30075,MT,Powder River County,Broadus,45.442777777778,-105.40916666667,45.408926,-105.555344,seat
30079,MT,Prairie County,Terry,46.79,-105.31333333333,46.812388,-105.503938,seat
30085,MT,Roosevelt County,Wolf Point,48.091388888889,-105.6425,48.282747,-104.99517,seat
30087,MT,Rosebud County,Forsyth,46.2667,-106.678,46.173206,-106.666792,seat
30095,MT,Stillwater County,Columbus,45.6383,-109.252,45.658545,-109.381576,seat
30097,MT,Sweet Grass County,Big Timber,45.833333333333,-109.95027777778,45.811292,-109.944796,seat
30099,MT,Teton County,Choteau,47.816666666667,-112.18333333333,47.819035,-112.281725,seat
30101,MT,Toole County,Shelby,48.507222222222,-111.86027777778,48.645125,-111.733472,seat
30105,MT,Valley County,Glasgow,48.195,-106.63611111111,48.34985,-106.670424,seat
30109,MT,Wibaux County,Wibaux,46.986944444444,-104.18972222222,46.962966,-104.274518,seat
31003,NE,Antelope County,Neligh,42.13,-98.029166666667,42.183225,-98.058037,seat
31007,NE,Banner County,Harrisburg,41.554444444444,-103.74027777778,41.53975,-103.726263,seat
31013,NE,Box Butte County,Alliance,42.101388888889,-102.87027777778,42.21038,-103.081779,seat
31015,NE,Boyd County,Butte,42.911666666667,-98.846944444444,42.894448,-98.773022,seat
31031,NE,Cherry County,Valentine,42.873611111111,-100.55027777778,42.571323,-101.047653,seat
31033,NE,Cheyenne County,Sidney,41.1394,-102.978,41.214236,-103.011929,seat
31037,NE,Colfax County,Schuyler,41.448888888889,-97.060277777778,41.57496,-97.088945,seat
31045,NE,Dawes County,Chadron,42.8275,-103.00305555556,42.713038,-103.135436,seat
31049,NE,Deuel County,Chappell,41.094166666667,-102.46888888889,41.111903,-102.332609,seat
31051,NE,Dixon County,Ponca,42.563888888889,-96.710555555556,42.485086,-96.855784,seat
31053,NE,Dodge County,Fremont,41.439722222222,-96.49,41.577008,-96.645852,seat
31059,NE,Fillmore County,Geneva,40.526388888889,-97.601944444444,40.52504,-97.596705,seat
31067,NE,Gage County,Beatrice,40.268333333333,-96.743055555556,40.255234,-96.683453,seat
31073,NE,Gosper County,Elwood,40.588611111111,-99.860555555556,40.509095,-99.823206,seat
31075,NE,Grant County,Hyannis,42.000833333333,-101.76527777778,41.913957,-101.755965,seat
31077,NE,Greeley County,Greeley Center,41.548055555556,-98.530833333333,41.567563,-98.530567,seat
31081,NE,Hamilton County,Aurora,40.8667,-98.0036,40.872817,-98.022329,seat
31085,NE,Hayes County,Hayes Center,40.511388888889,-101.02055555556,40.537234,-101.047963,seat
31091,NE,Hooker County,Mullen,42.0425,-101.04555555556,41.920317,-101.117324,seat
31097,NE,Johnson County,Tecumseh,40.37,-96.191666666667,40.394955,-96.265264,seat
31101,NE,Keith County,Ogallala,41.128888888889,-101.71944444444,41.194245,-101.644449,seat
31105,NE,Kimball County,Kimball,41.233611111111,-103.65944444444,41.199274,-103.703153,seat
31109,NE,Lancaster County,Lincoln,40.809166666667,-96.678055555556,40.783547,-96.688658,seat
31113,NE,Logan County,Stapleton,41.48,-100.51277777778,41.542155,-100.443665,seat
31115,NE,Loup County,Taylor,41.769444444444,-99.380555555556,41.90279,-99.509276,seat
31125,NE,Nance County,Fullerton,41.363055555556,-97.970833333333,41.402385,-97.991408,seat
31129,NE,Nuckolls County,Nelson,40.2019,-98.0667,40.176492,-98.046842,seat
31135,NE,Perkins County,Grant,40.844444444444,-101.72611111111,40.857646,-101.627468,seat
31137,NE,Phelps County,Holdrege,40.436388888889,-99.382222222222,40.516365,-99.406557,seat
31143,NE,Polk County,Osceola,41.178055555556,-97.548611111111,41.187925,-97.570663,seat
31145,NE,Red Willow County,McCook,40.205277777778,-100.62611111111,40.16942,-100.468576,seat
31149,NE,Rock County,Bassett,42.583888888889,-99.537222222222,42.394749,-99.420851,seat
31153,NE,Sarpy County,Papillion,41.155833333333,-96.040833333333,41.115064,-96.109125,seat
31167,NE,Stanton County,Stanton,41.95,-97.2231,41.905045,-97.177109,seat
31173,NE,Thurston County,Pender,42.111666666667,-96.710555555556,42.154061,-96.533943,seat
32001,NV,Churchill County,Fallon,39.4728,-118.779,39.53771,-118.264166,seat
32003,NV,Clark County,Las Vegas,36.167222222222,-115.14861111111,36.21413,-115.014398,seat
32007,NV,Elko County,Elko,40.832472222222,-115.76316666667,41.141133,-115.351424,seat
32011,NV,Eureka County,Eureka,39.5117,-115.962,39.977788,-116.272208,seat
32013,NV,Humboldt County,Winnemucca,40.968333333333,-117.72666666667,41.407914,-118.127591,seat
32017,NV,Lincoln County,Pioche,37.941388888889,-114.44888888889,37.634605,-114.863037,seat
32023,NV,Nye County,Tonopah,38.067222222222,-117.23,37.965864,-116.459011,seat
32027,NV,Pershing County,Lovelock,40.18,-118.47666666667,40.439639,-118.409477,seat
32029,NV,Storey County,Virginia City,39.310277777778,-119.64944444444,39.438385,-119.524646,seat
32033,NV,White Pine County,Ely,39.253333333333,-114.87722222222,39.418176,-114.900565,seat
33003,NH,Carroll County,Ossipee,43.684722222222,-71.117222222222,43.867774,-71.20156,seat
33009,NH,Grafton County,Haverhill,44.034166666667,-72.063888888889,43.926439,-71.842424,seat
33015,NH,Rockingham County,Brentwood,42.978611111111,-71.072777777778,42.988664,-71.09908,seat
33019,NH,Sullivan County,Newport,43.365277777778,-72.173333333333,43.361188,-72.222084,seat
34001,NJ,Atlantic County,Mays Landing,39.456111111111,-74.726944444444,39.469355,-74.633759,seat
34013,NJ,Essex County,Newark,40.735555555556,-74.172222222222,40.7874,-74.246292,seat
34021,NJ,Mercer County,Trenton,40.220277777778,-74.765833333333,40.282503,-74.703724,seat
34025,NJ,Monmouth County,Freehold,40.262862,-74.277344,40.287048,-74.152446,seat
34035,NJ,Somerset County,Somerville,40.5698,-74.6077,40.565527,-74.619938,seat
34037,NJ,Sussex County,Newton,41.0527,-74.7548,41.137461,-74.691914,seat
35001,NM,Bernalillo County,Albuquerque,35.084444444444,-106.65027777778,35.053628,-106.66908,seat
35003,NM,Catron County,Reserve,33.7086,-108.761,33.901621,-108.391928,seat
35005,NM,Chaves County,Roswell,33.394166666667,-104.52277777778,33.361604,-104.469837,seat
35006,NM,Cibola County,Grants,35.155277777778,-107.84222222222,34.928272,-107.99268,seat
35009,NM,Curry County,Clovis,34.405472222222,-103.20508333333,34.572984,-103.346055,seat
35011,NM,De Baca County,Fort Sumner,34.471666666667,-104.24527777778,34.359273,-104.368696,seat
35013,NM,Doña Ana County,Las Cruces,32.314027777778,-106.77980555556,32.349919,-106.834968,seat
35015,NM,Eddy County,Carlsbad,32.42575,-104.23761111111,32.457835,-104.306434,seat
35023,NM,Hidalgo County,Lordsburg,32.346944444444,-108.70722222222,31.898052,-108.751929,seat
35027,NM,Lincoln County,Carrizozo,33.643888888889,-105.8775,33.740841,-105.449805,seat
35028,NM,Los Alamos County,Los Alamos,35.891111111111,-106.29777777778,35.870047,-106.307968,seat
35029,NM,Luna County,Deming,32.261111111111,-107.75583333333,32.184523,-107.747191,seat
35031,NM,McKinley County,Gallup,35.523611111111,-108.73416666667,35.584062,-108.253294,seat
35033,NM,Mora County,Mora,35.974166666667,-105.33,35.982841,-104.921898,seat
35035,NM,Otero County,Alamogordo,32.904638888889,-105.94183333333,32.615599,-105.751308,seat
35037,NM,Quay County,Tucumcari,35.169444444444,-103.72555555556,35.107018,-103.548071,seat
35039,NM,Rio Arriba County,Tierra Amarilla,36.700277777778,-106.54972222222,36.509669,-106.693983,seat
35051,NM,Sierra County,Truth or Consequences,33.133611111111,-107.25277777778,33.119468,-107.188161,seat
35053,NM,Socorro County,Socorro,34.061666666667,-106.89944444444,33.991658,-106.939136,seat
35059,NM,Union County,Clayton,36.450777777778,-103.18475,36.488085,-103.475723,seat
36003,NY,Allegany County,Belmont,42.2257,-78.0319,42.247853,-78.026153,seat
36007,NY,Broome County,Binghamton,42.098888888889,-75.910833333333,42.161977,-75.830283,seat
36009,NY,Cattaraugus County,Little Valley,42.2494,-78.7997,42.239099,-78.662332,seat
36013,NY,Chautauqua County,Mayville,42.25139,-79.5,42.304216,-79.407595,seat
36025,NY,Delaware County,Delhi,42.2789,-74.9164,42.193986,-74.966728,seat
36027,NY,Dutchess County,Poughkeepsie,41.705277777778,-73.930555555556,41.754825,-73.740014,seat
36031,NY,Essex County,Elizabethtown,44.2164,-73.5906,44.109601,-73.778431,seat
36033,NY,Franklin County,Malone,44.8506,-74.2892,44.594376,-74.31067,seat
36035,NY,Fulton County,Johnstown,43.0072,-74.3722,43.115609,-74.423678,seat
36037,NY,Genesee County,Batavia,42.998611111111,-78.184166666667,43.00091,-78.192778,seat
36039,NY,Greene County,Catskill,42.2167,-73.8667,42.28697,-74.149542,seat
36041,NY,Hamilton County,Lake Pleasant,43.4709016,-74.4126461,43.657879,-74.502456,seat
36045,NY,Jefferson County,Watertown,43.9756,-75.9064,43.996389,-76.052968,seat
36049,NY,Lewis County,Lowville,43.7867,-75.4878,43.782706,-75.444132,seat
36067,NY,Onondaga County,Syracuse,43.046899,-76.144423,43.006516,-76.196134,seat
36069,NY,Ontario County,Canandaigua,42.8861,-77.2817,42.856357,-77.303497,seat
36075,NY,Oswego County,Oswego,43.454722222222,-76.506666666667,43.461443,-76.209262,seat
36077,NY,Otsego County,Cooperstown,42.697222222222,-74.926944444444,42.629776,-75.028841,seat
36081,NY,Queens County,(internal point),40.654658,-73.841209,40.654658,-73.841209,internal_point
36089,NY,St. Lawrence County,Canton,44.5975,-75.1711,44.488112,-75.074311,seat
36091,NY,Saratoga County,Ballston Spa,43.0072,-73.8511,43.106135,-73.855387,seat
36093,NY,Schenectady County,Schenectady,42.804166666667,-73.929166666667,42.817552,-74.043559,seat
36097,NY,Schuyler County,Watkins Glen,42.3811,-76.8711,42.419776,-76.938603,seat
36103,NY,Suffolk County,Riverhead,40.9675,-72.7025,40.943554,-72.692218,seat
36105,NY,Sullivan County,Monticello,41.6536,-74.6906,41.719993,-74.771577,seat
36113,NY,Warren County,Queensbury,43.359444444444,-73.656944444444,43.555105,-73.838139,seat
36119,NY,Westchester County,White Plains,41.0325,-73.766666666667,41.152686,-73.745753,seat
37007,NC,Anson County,Wadesboro,34.966666666667,-80.066666666667,34.974972,-80.109763,seat
37009,NC,Ashe County,Jefferson,36.42,-81.4689,36.443469,-81.499334,seat
37013,NC,Beaufort County,Washington,35.553611111111,-77.051944444444,35.482313,-76.842014,seat
37015,NC,Bertie County,Windsor,35.998055555556,-76.948888888889,36.059043,-76.962364,seat
37017,NC,Bladen County,Elizabethtown,34.6256,-78.6122,34.591938,-78.539489,seat
37021,NC,Buncombe County,Asheville,35.595555555556,-82.551944444444,35.609371,-82.530423,seat
37027,NC,Caldwell County,Lenoir,35.908333333333,-81.53,35.966396,-81.51254,seat
37029,NC,Camden County,Camden,36.328611111111,-76.171944444444,36.342344,-76.162488,seat
37041,NC,Chowan County,Edenton,36.060833333333,-76.608333333333,36.128979,-76.602752,seat
37049,NC,Craven County,New Bern,35.108333333333,-77.044444444444,35.116829,-77.08132,seat
37061,NC,Duplin County,Kenansville,34.962222222222,-77.965555555556,34.934403,-77.933543,seat
37071,NC,Gaston County,Gastonia,35.255277777778,-81.180277777778,35.293344,-81.177256,seat
37079,NC,Greene County,Snow Hill,35.45,-77.6667,35.481959,-77.681688,seat
37081,NC,Guilford County,Martinsville,36.1327,-79.8423,36.079065,-79.788665,seat
37097,NC,Iredell County,Statesville,35.786666666667,-80.878611111111,35.806251,-80.874524,seat
37105,NC,Lee County,Sanford,35.4758,-79.1756,35.476336,-79.172117,seat
37121,NC,Mitchell County,Bakersville,36.0139,-82.1558,36.013102,-82.163554,seat
37127,NC,Nash County,Nashville,35.969444444444,-77.961388888889,35.965945,-77.987555,seat
37129,NC,New Hanover County,Wilmington,34.223333333333,-77.912222222222,34.183445,-77.864204,seat
37131,NC,Northampton County,Jackson,36.390277777778,-77.422222222222,36.421774,-77.398352,seat
37133,NC,Onslow County,Jacksonville,34.759722222222,-77.409722222222,34.763109,-77.499469,seat
37135,NC,Orange County,Hillsborough,36.070555555556,-79.104166666667,36.062525,-79.120033,seat
37137,NC,Pamlico County,Bayboro,35.1442,-76.7708,35.147575,-76.665268,seat
37159,NC,Rowan County,Salisbury,35.668333333333,-80.478611111111,35.641355,-80.521721,seat
37161,NC,Rutherford County,Rutherfordton,35.366388888889,-81.958888888889,35.402747,-81.919582,seat
37165,NC,Scotland County,Laurinburg,34.764722222222,-79.470277777778,34.840023,-79.477337,seat
37171,NC,Surry County,Dobson,36.3917,-80.7211,36.415416,-80.686463,seat
37173,NC,Swain County,Bryson City,35.4269,-83.4478,35.568849,-83.465614,seat
37177,NC,Tyrrell County,Columbia,35.917777777778,-76.249722222222,35.87042,-76.165345,seat
37179,NC,Union County,Monroe,34.988888888889,-80.549722222222,34.99182,-80.530426,seat
37181,NC,Vance County,Henderson,36.3258743,-78.4155472,36.365481,-78.405434,seat
37183,NC,Wake County,Raleigh,35.78,-78.64,35.789846,-78.650624,seat
38005,ND,Benson County,Minnewaukan,48.066666666667,-99.25,48.071743,-99.351152,seat
38009,ND,Bottineau County,Bottineau,48.833333333333,-100.45,48.794412,-100.831257,seat
38011,ND,Bowman County,Bowman,46.181666666667,-103.40027777778,46.110144,-103.505943,seat
38013,ND,Burke County,Bowbells,48.8038,-102.2462,48.786453,-102.520087,seat
38019,ND,Cavalier County,Langdon,48.761666666667,-98.371666666667,48.768439,-98.46379,seat
38021,ND,Dickey County,Ellendale,46.003055555556,-98.523055555556,46.107756,-98.496518,seat
38023,ND,Divide County,Crosby,48.9125,-103.29472222222,48.814754,-103.509326,seat
38025,ND,Dunn County,Manning,47.229166666667,-102.76916666667,47.354557,-102.612322,seat
38027,ND,Eddy County,New Rockford,47.680555555556,-99.136111111111,47.723436,-98.900474,seat
38037,ND,Grant County,Carson,46.420833333333,-101.56694444444,46.357827,-101.639049,seat
38039,ND,Griggs County,Cooperstown,47.445,-98.123333333333,47.456334,-98.232286,seat
38041,ND,Hettinger County,Mott,46.373611111111,-102.325,46.435704,-102.454238,seat
38043,ND,Kidder County,Steele,46.856066,-99.916606,46.938273,-99.731198,seat
38049,ND,McHenry County,Towner,48.345277777778,-100.40611111111,48.233842,-100.633267,seat
38057,ND,Mercer County,Stanton,47.319444444444,-101.3825,47.307147,-101.833328,seat
38059,ND,Morton County,Mandan,46.828888888889,-100.89111111111,46.710029,-101.310041,seat
38061,ND,Mountrail County,Stanley,48.314722222222,-102.38833333333,48.210073,-102.364895,seat
38063,ND,Nelson County,Lakota,48.041666666667,-98.344444444444,47.918667,-98.204428,seat
38073,ND,Ransom County,Lisbon,46.439166666667,-97.683611111111,46.449276,-97.647554,seat
38075,ND,Renville County,Mohall,48.765,-101.51111111111,48.712781,-101.658152,seat
38079,ND,Rolette County,Rolla,48.859722222222,-99.615277777778,48.768271,-99.840463,seat
38083,ND,Sheridan County,McClusky,47.484166666667,-100.44222222222,47.581359,-100.330986,seat
38085,ND,Sioux County,Fort Yates,46.085,-100.63027777778,46.110618,-101.061284,seat
38089,ND,Stark County,Dickinson,46.883611111111,-102.78888888889,46.817031,-102.662026,seat
38093,ND,Stutsman County,Jamestown,46.910555555556,-98.708444444444,46.972223,-98.956123,seat
38097,ND,Traill County,Hillsboro,47.40387,-97.06203,47.446271,-97.164636,seat
38101,ND,Ward County,Minot,48.2325,-101.29627777778,48.216686,-101.540537,seat
38105,ND,Williams County,Williston,48.156388888889,-103.62805555556,48.355765,-103.501333,seat
39009,OH,Athens County,Athens,39.329166666667,-82.101111111111,39.332755,-82.045885,seat
39011,OH,Auglaize County,Wapakoneta,40.569167,-84.194167,40.561309,-84.224018,seat
39013,OH,Belmont County,St. Clairsville,40.0794,-80.9014,40.017682,-80.967727,seat
39019,OH,Carroll County,Carrollton,40.578611111111,-81.086666666667,40.579884,-81.090787,seat
39027,OH,Clinton County,Wilmington,39.4458,-83.8292,39.416681,-83.804583,seat
39039,OH,Defiance County,Defiance,41.2819,-84.3628,41.321679,-84.486433,seat
39049,OH,Franklin County,Columbus,39.962222222222,-83.000555555556,39.969875,-83.009086,seat
39061,OH,Hamilton County,Cincinnati,39.1,-84.5125,39.196927,-84.544187,seat
39073,OH,Hocking County,Logan,39.5392,-82.4061,39.490342,-82.483447,seat
39075,OH,Holmes County,Millersburg,40.55472,-81.91778,40.565597,-81.930001,seat
39085,OH,Lake County,Painesville,41.722777777778,-81.249722222222,41.778142,-81.19733,seat
39089,OH,Licking County,Newark,40.063014,-82.416779,40.091505,-82.483435,seat
39095,OH,Lucas County,Toledo,41.652777777778,-83.537777777778,41.682321,-83.468903,seat
39103,OH,Medina County,Medina,41.13583,-81.86389,41.116174,-81.899764,seat
39113,OH,Montgomery County,Dayton,39.766666666667,-84.2,39.753736,-84.290591,seat
39121,OH,Noble County,Caldwell,39.7475,-81.516111111111,39.767232,-81.452493,seat
39137,OH,Putnam County,Ottawa,41.0208,-84.0414,41.024533,-84.129879,seat
39139,OH,Richland County,Mansfield,40.754856,-82.522855,40.774159,-82.542781,seat
39141,OH,Ross County,Chillicothe,39.336388888889,-82.983888888889,39.323895,-83.059538,seat
39143,OH,Sandusky County,Fremont,41.3489,-83.1172,41.355319,-83.142776,seat
39145,OH,Scioto County,Portsmouth,38.743055555556,-82.965555555556,38.814889,-82.998675,seat
39159,OH,Union County,Marysville,40.233888888889,-83.366388888889,40.295901,-83.367042,seat
39175,OH,Wyandot County,Upper Sandusky,40.8275,-83.281388888889,40.839782,-83.313681,seat
40001,OK,Adair County,Stilwell,35.815277777778,-94.631388888889,35.898043,-94.651026,seat
40011,OK,Blaine County,Watonga,35.849166666667,-98.411666666667,35.877795,-98.429031,seat
40019,OK,Carter County,Ardmore,34.181111111111,-97.129444444444,34.251848,-97.287927,seat
40023,OK,Choctaw County,Hugo,34.009444444444,-95.514722222222,34.027699,-95.554079,seat
40025,OK,Cimarron County,Boise City,36.73,-102.51138888889,36.74839,-102.517698,seat
40029,OK,Coal County,Coalgate,34.533611111111,-96.218611111111,34.582861,-96.288039,seat
40033,OK,Cotton County,Walters,34.359805555556,-98.307833333333,34.290676,-98.373438,seat
40035,OK,Craig County,Vinita,36.641111111111,-95.156666666667,36.76389,-95.201553,seat
40037,OK,Creek County,Sapulpa,36.003611111111,-96.104722222222,35.907398,-96.380177,seat
40041,OK,Delaware County,Jay,36.423888888889,-94.797777777778,36.393437,-94.808189,seat
40047,OK,Garfield County,Enid,36.39675,-97.879138888889,36.378132,-97.788741,seat
40051,OK,Grady County,Chickasha,35.038333333333,-97.946111111111,35.021058,-97.88689,seat
40057,OK,Harmon County,Hollis,34.686388888889,-99.916944444444,34.745971,-99.844194,seat
40065,OK,Jackson County,Altus,34.643888888889,-99.326666666667,34.594006,-99.412235,seat
40069,OK,Johnston County,Tishomingo,34.235555555556,-96.6775,34.313455,-96.654254,seat
40077,OK,Latimer County,Wilburton,34.918333333333,-95.310555555556,34.875137,-95.272262,seat
40083,OK,Logan County,Guthrie,35.856388888889,-97.435833333333,35.914277,-97.450952,seat
40097,OK,Mayes County,Pryor Creek,36.299722222222,-95.313888888889,36.303804,-95.235638,seat
40101,OK,Muskogee County,Muskogee,35.7466,-95.368,35.617551,-95.383911,seat
40107,OK,Okfuskee County,Okemah,35.431111111111,-96.305555555556,35.466804,-96.327762,seat
40109,OK,Oklahoma County,Oklahoma City,35.482222222222,-97.535277777778,35.554611,-97.409401,seat
40119,OK,Payne County,Stillwater,36.113444444444,-97.058638888889,36.079225,-96.975255,seat
40123,OK,Pontotoc County,Ada,34.763611111111,-96.668333333333,34.721421,-96.691804,seat
40125,OK,Pottawatomie County,Shawnee,35.3425,-96.933888888889,35.211391,-96.957004,seat
40129,OK,Roger Mills County,Cheyenne,35.6125,-99.673888888889,35.708554,-99.741572,seat
40147,OK,Washington County,Bartlesville,36.747222222222,-95.959444444444,36.704403,-95.906253,seat
40149,OK,Washita County,New Cordell,35.297236111111,-98.981586111111,35.290068,-98.992195,seat
40151,OK,Woods County,Alva,36.805833333333,-98.667777777778,36.726984,-98.863649,seat
40153,OK,Woodward County,Woodward,36.433055555556,-99.397777777778,36.425619,-99.273661,seat
41001,OR,Baker County,Baker City,44.775,-117.83444444444,44.703427,-117.691933,seat
41003,OR,Benton County,Corvallis,44.570780555556,-123.27599722222,44.493882,-123.424664,seat
41007,OR,Clatsop County,Astoria,46.183333333333,-123.83472222222,46.024509,-123.705037,seat
41011,OR,Coos County,Coquille,43.179444444444,-124.1875,43.18591,-124.094133,seat
41013,OR,Crook County,Prineville,44.303888888889,-120.84611111111,44.163054,-120.371585,seat
41015,OR,Curry County,Gold Beach,42.402222222222,-124.41527777778,42.466439,-124.210929,seat
41017,OR,Deschutes County,Bend,44.056388888889,-121.30805555556,43.915118,-121.225575,seat
41019,OR,Douglas County,Roseburg,43.218055555556,-123.35611111111,43.286328,-123.154476,seat
41023,OR,Grant County,Canyon City,44.390833333333,-118.94888888889,44.496326,-119.014057,seat
41029,OR,Jackson County,Medford,42.33194,-122.86167,42.411621,-122.675611,seat
41031,OR,Jefferson County,Madras,44.630555555556,-121.12916666667,44.645151,-121.178632,seat
41035,OR,Klamath County,Klamath Falls,42.223333333333,-121.7775,42.683761,-121.646168,seat
41037,OR,Lake County,Lakeview,42.188888888889,-120.34583333333,42.788401,-120.38979,seat
41039,OR,Lane County,Eugene,44.052222222222,-123.0925,43.928334,-122.897581,seat
41047,OR,Marion County,Salem,44.94,-123.03888888889,44.900898,-122.57626,seat
41049,OR,Morrow County,Heppner,45.356111111111,-119.55277777778,45.425496,-119.602311,seat
41055,OR,Sherman County,Moro,45.485,-120.73222222222,45.399216,-120.678512,seat
41057,OR,Tillamook County,Tillamook,45.455277777778,-123.8425,45.45589,-123.759299,seat
41059,OR,Umatilla County,Pendleton,45.669722222222,-118.79138888889,45.5912,-118.73388,seat
41061,OR,Union County,La Grande,45.327222222222,-118.09333333333,45.304081,-117.999149,seat
41063,OR,Wallowa County,Enterprise,45.424166666667,-117.27694444444,45.593753,-117.18558,seat
41065,OR,Wasco County,The Dalles,45.601111111111,-121.18277777778,45.164536,-121.165069,seat
41069,OR,Wheeler County,Fossil,44.998055555556,-120.21611111111,44.736415,-120.026861,seat
42001,PA,Adams County,Gettysburg,39.8283,-77.2322,39.869471,-77.21773,seat
42005,PA,Armstrong County,Kittanning,40.82,-79.5214,40.81238,-79.464129,seat
42015,PA,Bradford County,Towanda,41.7703,-76.4467,41.791504,-76.502123,seat
42021,PA,Cambria County,Ebensburg,40.4864,-78.7256,40.510209,-78.710488,seat
42027,PA,Centre County,Bellefonte,40.914722222222,-77.774722222222,40.909322,-77.847667,seat
42035,PA,Clinton County,Lock Haven,41.137777777778,-77.450833333333,41.239508,-77.629009,seat
42045,PA,Delaware County,Media,39.918888888889,-75.389166666667,39.916685,-75.398818,seat
42053,PA,Forest County,Tionesta,41.495,-79.4558,41.513304,-79.249705,seat
42057,PA,Fulton County,McConnellsburg,39.9325,-77.99583,39.91075,-78.122617,seat
42069,PA,Lackawanna County,Scranton,41.408969,-75.6624122,41.436636,-75.608768,seat
42071,PA,Lancaster County,Lancaster,40.039722222222,-76.304444444444,40.041992,-76.250198,seat
42085,PA,Mercer County,Mercer,41.226388888889,-80.2375,41.300014,-80.252786,seat
42089,PA,Monroe County,Stroudsburg,40.9858,-75.1953,41.05624,-75.329065,seat
42093,PA,Montour County,Danville,40.9617,-76.6119,41.029284,-76.665225,seat
42095,PA,Northampton County,Easton,40.688333333333,-75.216388888889,40.752791,-75.307447,seat
42099,PA,Perry County,Bloomfield,40.4183,-77.1883,40.39778,-77.266328,seat
42105,PA,Potter County,Coudersport,41.7739,-78.0186,41.748587,-77.894436,seat
42107,PA,Schuylkill County,Pottsville,40.685,-76.2028,40.703682,-76.217788,seat
42109,PA,Snyder County,Middleburg,40.788055555556,-77.043333333333,40.755412,-77.07302,seat
42111,PA,Somerset County,Somerset,40.0069,-79.0814,39.981297,-79.028486,seat
42117,PA,Tioga County,Wellsboro,41.746666666667,-77.301666666667,41.766858,-77.257288,seat
42125,PA,Washington County,Washington,40.175,-80.2506,40.200005,-80.252132,seat
42129,PA,Westmoreland County,Greensburg,40.297777777778,-79.542222222222,40.311068,-79.466688,seat
44001,RI,Bristol County,Bristol,41.684166666667,-71.268611111111,41.70684,-71.286687,seat
44005,RI,Newport County,Newport,41.491666666667,-71.311944444444,41.501045,-71.283063,seat
45005,SC,Allendale County,Allendale,33.008888888889,-81.308611111111,32.979757,-81.363265,seat
45007,SC,Anderson County,Anderson,34.503333333333,-82.650277777778,34.521235,-82.638603,seat
45009,SC,Bamberg County,Bamberg,33.298333333333,-81.031944444444,33.203021,-81.053161,seat
45015,SC,Berkeley County,Moncks Corner,33.19632,-80.01429,33.2077,-79.953655,seat
45017,SC,Calhoun County,St. Matthews,33.664722222222,-80.778888888889,33.67478,-80.780347,seat
45019,SC,Charleston County,Charleston,32.783333333333,-79.931944444444,32.800458,-79.94248,seat
45021,SC,Cherokee County,Gaffney,35.071944444444,-81.653055555556,35.049796,-81.607647,seat
45027,SC,Clarendon County,Manning,33.693997222222,-80.215408333333,33.664682,-80.217889,seat
45031,SC,Darlington County,Darlington,34.301388888889,-79.868611111111,34.332185,-79.962115,seat
45033,SC,Dillon County,Dillon,34.417777777778,-79.368055555556,34.390209,-79.375294,seat
45035,SC,Dorchester County,St. George,33.186,-80.57565,33.082186,-80.404697,seat
45043,SC,Georgetown County,Georgetown,33.3675,-79.293888888889,33.417531,-79.296333,seat
45047,SC,Greenwood County,Greenwood,34.189722222222,-82.154722222222,34.155796,-82.127876,seat
45051,SC,Horry County,Conway,33.838055555556,-79.056111111111,33.909269,-78.976675,seat
45053,SC,Jasper County,Ridgeland,32.48074,-80.98039,32.43059,-81.021627,seat
45073,SC,Oconee County,Walhalla,34.767222222222,-83.064444444444,34.748766,-83.06154,seat
45079,SC,Richland County,Columbia,34.000555555556,-81.044166666667,34.029095,-80.898037,seat
45081,SC,Saluda County,Saluda,34.003055555556,-81.771666666667,34.005278,-81.727903,seat
45087,SC,Union County,Union,34.717222222222,-81.625,34.690397,-81.615896,seat
46009,SD,Bon Homme County,Tyndall,42.991666666667,-97.863611111111,42.985799,-97.884199,seat
46017,SD,Buffalo County,Gann Valley,44.033333333333,-98.9875,44.044306,-99.203998,seat
46025,SD,Clark County,Clark,44.879444444444,-97.734166666667,44.855211,-97.724912,seat
46035,SD,Davison County,Mitchell,43.713888888889,-98.026388888889,43.680439,-98.155868,seat
46039,SD,Deuel County,Clear Lake,44.755277777778,-96.685,44.75629,-96.690239,seat
46041,SD,Dewey County,Timber Lake,45.428611111111,-101.07472222222,45.148049,-100.837953,seat
46047,SD,Fall River County,Hot Springs,43.431666666667,-103.47416666667,43.221619,-103.512609,seat
46049,SD,Faulk County,Faulkton,45.033333333333,-99.128055555556,45.065476,-99.153564,seat
46051,SD,Grant County,Milbank,45.218611111111,-96.633611111111,45.172637,-96.772261,seat
46057,SD,Hamlin County,Hayti,44.6575,-97.204444444444,44.680619,-97.178598,seat
46065,SD,Hughes County,Pierre,44.368361111111,-100.35113888889,44.384452,-99.975684,seat
46069,SD,Hyde County,Highmore,44.518611111111,-99.441111111111,44.537174,-99.472736,seat
46071,SD,Jackson County,Kadoka,43.835277777778,-101.51222222222,43.677506,-101.626323,seat
46075,SD,Jones County,Murdo,43.888055555556,-100.71111111111,43.951991,-100.686138,seat
46081,SD,Lawrence County,Deadwood,44.376666666667,-103.72916666667,44.348514,-103.806362,seat
46089,SD,McPherson County,Leola,45.721111111111,-98.938611111111,45.784249,-99.211421,seat
46097,SD,Miner County,Howard,44.010555555556,-97.526388888889,44.021541,-97.608122,seat
46101,SD,Moody County,Flandreau,44.047777777778,-96.596388888889,44.012429,-96.676054,seat
46103,SD,Pennington County,Rapid City,44.081055555556,-103.22866666667,44.002349,-102.823801,seat
46105,SD,Perkins County,Bison,45.523888888889,-102.46472222222,45.483387,-102.467995,seat
46107,SD,Potter County,Gettysburg,45.011944444444,-99.955277777778,45.052713,-99.962003,seat
46111,SD,Sanborn County,Woonsocket,44.052777777778,-98.273611111111,44.018942,-98.091709,seat
46115,SD,Spink County,Redfield,44.875277777778,-98.517777777778,44.923772,-98.339615,seat
46121,SD,Todd County,Winner,43.373888888889,-99.857777777778,43.208794,-100.707664,seat
46125,SD,Turner County,Parker,43.397222222222,-97.137222222222,43.30867,-97.150185,seat
46135,SD,Yankton County,Yankton,42.871305555556,-97.396694444444,43.006603,-97.388361,seat
47005,TN,Benton County,Camden,36.046344,-88.085944,36.070948,-88.071232,seat
47015,TN,Cannon County,Woodbury,35.823611111111,-86.070277777778,35.808394,-86.062404,seat
47021,TN,Cheatham County,Ashland City,36.267954,-87.054877,36.255169,-87.100808,seat
47033,TN,Crockett County,Alamo,35.784166666667,-89.115833333333,35.818795,-89.132494,seat
47047,TN,Fayette County,Somerville,35.2437,-89.35007,35.196993,-89.413803,seat
47057,TN,Grainger County,Rutledge,36.28,-83.518055555556,36.277509,-83.509546,seat
47061,TN,Grundy County,Altamont,35.433954,-85.732428,35.393352,-85.710374,seat
47065,TN,Hamilton County,Chattanooga,35.045555555556,-85.267222222222,35.163472,-85.201843,seat
47079,TN,Henry County,Paris,36.301111111111,-88.313888888889,36.325295,-88.300288,seat
47093,TN,Knox County,Knoxville,35.961666666667,-83.923333333333,35.992726,-83.937721,seat
47095,TN,Lake County,Tiptonville,36.3775,-89.476111111111,36.333905,-89.485536,seat
47097,TN,Lauderdale County,Ripley,35.743055555556,-89.533888888889,35.762951,-89.627732,seat
47099,TN,Lawrence County,Lawrenceburg,35.243611111111,-87.334444444444,35.220476,-87.396546,seat
47101,TN,Lewis County,Hohenwald,35.547222222222,-87.551388888889,35.523244,-87.496983,seat
47105,TN,Loudon County,Loudon,35.733888888889,-84.349444444444,35.735085,-84.314085,seat
47109,TN,McNairy County,Selmer,35.172222222222,-88.593055555556,35.175375,-88.56374,seat
47117,TN,Marshall County,Lewisburg,35.449166666667,-86.793055555556,35.468329,-86.765868,seat
47121,TN,Meigs County,Decatur,35.518888888889,-84.793333333333,35.512203,-84.816102,seat
47127,TN,Moore County,Lynchburg,35.284166666667,-86.3575,35.288888,-86.358684,seat
47151,TN,Scott County,Huntsville,36.4108,-84.495,36.430592,-84.504091,seat
47159,TN,Smith County,Carthage,36.25496,-85.949211,36.256645,-85.941915,seat
47161,TN,Stewart County,Dover,36.482222222222,-87.844722222222,36.458464,-87.811889,seat
47163,TN,Sullivan County,Blountville,36.533312,-82.326474,36.509681,-82.301336,seat
47165,TN,Sumner County,Gallatin,36.381388888889,-86.451388888889,36.472423,-86.458405,seat
47179,TN,Washington County,Jonesborough,36.294166666667,-82.4725,36.295665,-82.495037,seat
47185,TN,White County,Sparta,35.932222222222,-85.469722222222,35.927049,-85.455785,seat
48001,TX,Anderson County,Palestine,31.758055555556,-95.638611111111,31.841261,-95.661727,seat
48003,TX,Andrews County,Andrews,32.316666666667,-102.55,32.312258,-102.640206,seat
48005,TX,Angelina County,Lufkin,31.3369,-94.7303,31.251896,-94.611134,seat
48017,TX,Bailey County,Muleshoe,34.229166666667,-102.72838888889,34.067521,-102.830345,seat
48019,TX,Bandera County,Bandera,29.725,-99.075,29.756389,-99.248285,seat
48023,TX,Baylor County,Seymour,33.5917,-99.2608,33.618802,-99.208189,seat
48025,TX,Bee County,Beeville,28.405277777778,-97.750555555556,28.416077,-97.742586,seat
48027,TX,Bell County,Belton,31.0589,-97.4633,31.04275,-97.481268,seat
48029,TX,Bexar County,San Antonio,29.425,-98.493888888889,29.448671,-98.520147,seat
48031,TX,Blanco County,Johnson City,30.2764,-98.4081,30.266203,-98.399332,seat
48033,TX,Borden County,Gail,32.770277777778,-101.44527777778,32.73859,-101.439199,seat
48039,TX,Brazoria County,Angleton,29.166111111111,-95.427777777778,29.167817,-95.434647,seat
48047,TX,Brooks County,Falfurrias,27.224416666667,-98.145194444444,27.034994,-98.215276,seat
48049,TX,Brown County,Brownwood,31.708055555556,-98.9825,31.764137,-98.998456,seat
48051,TX,Burleson County,Caldwell,30.52833,-96.70028,30.493487,-96.622091,seat
48053,TX,Burnet County,Burnet,30.758888888889,-98.226388888889,30.78963,-98.201187,seat
48055,TX,Caldwell County,Lockhart,29.8819,-97.6761,29.832399,-97.628141,seat
48061,TX,Cameron County,Brownsville,25.930277777778,-97.484444444444,26.102923,-97.478958,seat
48065,TX,Carson County,Panhandle,35.3475,-101.382,35.405496,-101.355356,seat
48079,TX,Cochran County,Morton,33.725,-102.759,33.60844,-102.830449,seat
48081,TX,Coke County,Robert Lee,31.894805555556,-100.48563888889,31.87711,-100.635231,seat
48087,TX,Collingsworth County,Wellington,34.8547,-100.214,34.963358,-100.272135,seat
48089,TX,Colorado County,Columbus,29.702777777778,-96.557055555556,29.596296,-96.508935,seat
48091,TX,Comal County,New Braunfels,29.7,-98.116666666667,29.812377,-98.258129,seat
48097,TX,Cooke County,Gainesville,33.6303,-97.1403,33.639196,-97.210343,seat
48099,TX,Coryell County,Gatesville,31.4367,-97.7353,31.391177,-97.798022,seat
48109,TX,Culberson County,Van Horn,31.044166666667,-104.8325,31.445908,-104.526945,seat
48111,TX,Dallam County,Dalhart,36.060833333333,-102.51861111111,36.28637,-102.59402,seat
48113,TX,Dallas County,Dallas,32.779166666667,-96.808888888889,32.766987,-96.778424,seat
48115,TX,Dawson County,Lamesa,32.734444444444,-101.95805555556,32.742528,-101.948771,seat
48117,TX,Deaf Smith County,Hereford,34.8219,-102.399,34.940766,-102.607564,seat
48125,TX,Dickens County,Dickens,33.6214,-100.835,33.615363,-100.787617,seat
48133,TX,Eastland County,Eastland,32.398611111111,-98.821111111111,32.324645,-98.83656,seat
48135,TX,Ector County,Odessa,31.863333333333,-102.36555555556,31.865301,-102.542507,seat
48141,TX,El Paso County,El Paso,31.759166666667,-106.48861111111,31.766456,-106.24152,seat
48143,TX,Erath County,Stephenville,32.2206958,-98.2022633,32.236669,-98.220545,seat
48145,TX,Falls County,Marlin,31.30778,-96.89278,31.25193,-96.934127,seat
48151,TX,Fisher County,Roby,32.7447,-100.381,32.740473,-100.40312,seat
48153,TX,Floyd County,Floydada,33.983888888889,-101.33722222222,34.07373,-101.303274,seat
48155,TX,Foard County,Crowell,33.9858,-99.7244,33.963306,-99.816828,seat
48157,TX,Fort Bend County,Richmond,29.5808,-95.7631,29.526602,-95.771015,seat
48159,TX,Franklin County,Mount Vernon,33.1819,-95.2242,33.175846,-95.219066,seat
48163,TX,Frio County,Pearsall,28.8914,-99.095,28.869383,-99.109005,seat
48177,TX,Gonzales County,Gonzales,29.5089,-97.4478,29.461912,-97.49192,seat
48181,TX,Grayson County,Sherman,33.6411,-96.61,33.624548,-96.675777,seat
48187,TX,Guadalupe County,Seguin,29.574444444444,-97.965277777778,29.582671,-97.948995,seat
48191,TX,Hall County,Memphis,34.72667,-100.54139,34.453189,-100.576343,seat
48193,TX,Hamilton County,Hamilton,31.7033,-98.1203,31.707342,-98.111756,seat
48205,TX,Hartley County,Channing,35.683611111111,-102.33194444444,35.840244,-102.610047,seat
48207,TX,Haskell County,Haskell,33.1603,-99.7344,33.175964,-99.730774,seat
48215,TX,Hidalgo County,Edinburg,26.3042,-98.1639,26.396384,-98.18099,seat
48217,TX,Hill County,Hillsboro,32.0094,-97.1244,31.982681,-97.130668,seat
48219,TX,Hockley County,Levelland,33.584722222222,-102.37222222222,33.605932,-102.343398,seat
48221,TX,Hood County,Granbury,32.441944444444,-97.781388888889,32.430149,-97.831677,seat
48225,TX,Houston County,Crockett,31.3169,-95.4583,31.323036,-95.4216,seat
48233,TX,Hutchinson County,Stinnett,35.8261,-101.444,35.837047,-101.362746,seat
48235,TX,Irion County,Mertzon,31.25972,-100.82056,31.303424,-100.981304,seat
48239,TX,Jackson County,Edna,28.9767,-96.6467,28.959802,-96.58908,seat
48241,TX,Jasper County,Jasper,30.922222222222,-93.998888888889,30.752932,-94.022294,seat
48243,TX,Jeff Davis County,Fort Davis,30.578361111111,-103.89219444444,30.625357,-104.191873,seat
48245,TX,Jefferson County,Beaumont,30.08,-94.126666666667,29.854,-94.149331,seat
48249,TX,Jim Wells County,Alice,27.75056,-98.07028,27.733516,-98.090814,seat
48261,TX,Kenedy County,Sarita,27.221666666667,-97.789166666667,26.890213,-97.591143,seat
48267,TX,Kimble County,Junction,30.4897,-99.7714,30.479472,-99.746396,seat
48269,TX,King County,Guthrie,33.6206,-100.323,33.614268,-100.245345,seat
48277,TX,Lamar County,Paris,33.662508,-95.547692,33.667263,-95.570348,seat
48283,TX,La Salle County,Cotulla,28.4342,-99.2364,28.351098,-99.096774,seat
48291,TX,Liberty County,Liberty,30.0575,-94.7967,30.158508,-94.844061,seat
48293,TX,Limestone County,Springfield,31.65961,-96.48276,31.547543,-96.593623,seat
48301,TX,Loving County,Mentone,31.707444444444,-103.59888888889,31.844936,-103.561229,seat
48305,TX,Lynn County,Tahoka,33.163888888889,-101.795,33.178412,-101.818493,seat
48311,TX,McMullen County,Tilden,28.4598553,-98.5486767,28.384922,-98.578853,seat
48313,TX,Madison County,Madisonville,30.95083,-95.9125,30.966878,-95.930372,seat
48315,TX,Marion County,Jefferson,32.7611,-94.3494,32.798182,-94.356853,seat
48317,TX,Martin County,Stanton,32.1308,-101.792,32.30983,-101.961836,seat
48319,TX,Mason County,Mason,30.74778,-99.23167,30.703916,-99.237302,seat
48321,TX,Matagorda County,Bay City,28.9808,-95.9644,28.77476,-96.001532,seat
48323,TX,Maverick County,Eagle Pass,28.7106,-100.489,28.729787,-100.316678,seat
48333,TX,Mills County,Goldthwaite,31.453138888889,-98.569805555556,31.494888,-98.594623,seat
48335,TX,Mitchell County,Colorado City,32.3961,-100.862,32.304117,-100.924392,seat
48339,TX,Montgomery County,Conroe,30.3161,-95.4589,30.298801,-95.50295,seat
48357,TX,Ochiltree County,Perryton,36.393611111111,-100.79694444444,36.278744,-100.815864,seat
48365,TX,Panola County,Carthage,32.151944444444,-94.337222222222,32.163978,-94.305156,seat
48371,TX,Pecos County,Fort Stockton,30.891388888889,-102.885,30.773298,-102.718153,seat
48379,TX,Rains County,Emory,32.8767,-95.7664,32.870457,-95.795613,seat
48381,TX,Randall County,Canyon,34.979444444444,-101.92583333333,34.962529,-101.895547,seat
48383,TX,Reagan County,Big Lake,31.193888888889,-101.45888888889,31.375191,-101.514395,seat
48385,TX,Real County,Leakey,29.7253,-99.7614,29.830097,-99.812549,seat
48387,TX,Red River County,Clarksville,33.6111,-95.0525,33.619625,-95.048429,seat
48389,TX,Reeves County,Pecos,31.4156,-103.5,31.308366,-103.712706,seat
48393,TX,Roberts County,Miami,35.69278,-100.63889,35.838596,-100.836682,seat
48395,TX,Robertson County,Franklin,31.0261,-96.4861,31.025481,-96.514941,seat
48397,TX,Rockwall County,Rockwall,32.92,-96.459722222222,32.899886,-96.41205,seat
48399,TX,Runnels County,Ballinger,31.733333333333,-99.95,31.845119,-99.982715,seat
48401,TX,Rusk County,Henderson,32.1539,-94.8028,32.109423,-94.756382,seat
48403,TX,Sabine County,Hemphill,31.3425,-93.855,31.3433,-93.851913,seat
48405,TX,San Augustine County,San Augustine,31.5311,-94.1108,31.382449,-94.16318,seat
48407,TX,San Jacinto County,Coldspring,30.5881,-95.1333,30.574388,-95.163136,seat
48409,TX,San Patricio County,Sinton,28.0347,-97.5089,28.011794,-97.517157,seat
48415,TX,Scurry County,Snyder,32.715555555556,-100.91444444444,32.744353,-100.913346,seat
48421,TX,Sherman County,Stratford,36.3361,-102.071,36.278593,-101.899265,seat
48433,TX,Stonewall County,Aspermont,33.13917,-100.22806,33.17958,-100.253807,seat
48435,TX,Sutton County,Sonora,30.5681,-100.644,30.522185,-100.513359,seat
48437,TX,Swisher County,Tulia,34.5358,-101.759,34.526319,-101.743865,seat
48439,TX,Tarrant County,Fort Worth,32.756388888889,-97.3325,32.772119,-97.291224,seat
48441,TX,Taylor County,Abilene,32.446388888889,-99.745555555556,32.297126,-99.89043,seat
48443,TX,Terrell County,Sanderson,30.1411,-102.396,30.232343,-102.072513,seat
48453,TX,Travis County,Austin,30.3,-97.733333333333,30.239513,-97.69127,seat
48465,TX,Val Verde County,Del Rio,29.370833333333,-100.89583333333,29.875285,-101.143324,seat
48473,TX,Waller County,Hempstead,30.0914,-96.0814,30.01359,-95.982149,seat
48479,TX,Webb County,Laredo,27.506111111111,-99.507222222222,27.760799,-99.340752,seat
48485,TX,Wichita County,Wichita Falls,33.896944444444,-98.515,33.988212,-98.70801,seat
48487,TX,Wilbarger County,Vernon,34.1511,-99.2906,34.08492,-99.24244,seat
48497,TX,Wise County,Decatur,33.233333333333,-97.583333333333,33.219095,-97.653997,seat
48501,TX,Yoakum County,Plains,33.1903,-102.827,33.162339,-102.832241,seat
48503,TX,Young County,Graham,33.1008,-98.5792,33.158778,-98.67839,seat
48505,TX,Zapata County,Zapata,26.9061,-99.27,26.996981,-99.182603,seat
48507,TX,Zavala County,Crystal City,28.6844,-99.8278,28.864652,-99.75983,seat
49001,UT,Beaver County,Beaver,38.2764,-112.639,38.357535,-113.238948,seat
49007,UT,Carbon County,Price,39.6,-110.80666666667,39.673284,-110.588484,seat
49011,UT,Davis County,Farmington,40.986666666667,-111.89916666667,41.037559,-112.201943,seat
49021,UT,Iron County,Parowan,37.841111111111,-112.83111111111,37.909304,-113.30674,seat
49025,UT,Kane County,Kanab,37.035555555556,-112.53111111111,37.275089,-111.815329,seat
49027,UT,Millard County,Fillmore,38.967777777778,-112.33083333333,38.956744,-113.133092,seat
49031,UT,Piute County,Junction,38.236388888889,-112.22305555556,38.335881,-112.129375,seat
49033,UT,Rich County,Randolph,41.664444444444,-111.18333333333,41.627598,-111.240227,seat
49037,UT,San Juan County,Monticello,37.869166666667,-109.34194444444,37.602633,-109.791574,seat
49039,UT,Sanpete County,Manti,39.264722222222,-111.63888888889,39.373426,-111.576933,seat
49045,UT,Tooele County,Tooele,40.530555555556,-112.29861111111,40.467753,-113.123979,seat
49047,UT,Uintah County,Vernal,40.4547,-109.536,40.125887,-109.517748,seat
49051,UT,Wasatch County,Heber City,40.506666666667,-111.41222222222,40.334884,-111.161568,seat
49053,UT,Washington County,St. George,37.095277777778,-113.57805555556,37.262531,-113.4878,seat
50003,VT,Bennington County,Manchester,43.1653655,-73.0676568,43.035328,-73.111496,seat
50009,VT,Essex County,Guildhall,44.5475675,-71.6283358,44.724021,-71.732736,seat
50013,VT,Grand Isle County,North Hero,44.831666666667,-73.273888888889,44.801787,-73.300759,seat
50015,VT,Lamoille County,Hyde Park,44.6245275,-72.5647598,44.611192,-72.632659,seat
50023,VT,Washington County,Montpelier,44.2658586,-72.5717415,44.274969,-72.609444,seat
50025,VT,Windham County,Newfane,42.983333333333,-72.658333333333,42.995304,-72.721877,seat
50027,VT,Windsor County,Woodstock,43.624166666667,-72.518333333333,43.572448,-72.598813,seat
51001,VA,Accomack County,Accomac,37.718611111111,-75.667222222222,37.765944,-75.757807,seat
51003,VA,Albemarle County,Charlottesville,38.0299,-78.479,38.024184,-78.553506,seat
51011,VA,Appomattox County,Appomattox,37.3589,-78.8264,37.370725,-78.81094,seat
51025,VA,Brunswick County,Lawrenceville,36.7583,-77.8506,36.764204,-77.861483,seat
51027,VA,Buchanan County,Grundy,37.2785,-82.1,37.26812,-82.038151,seat
51073,VA,Gloucester County,Gloucester Courthouse,37.4128,-76.5242,37.403541,-76.523505,seat
51075,VA,Goochland County,Goochland,37.6844,-77.8853,37.718814,-77.917626,seat
51083,VA,Halifax County,Halifax,36.76597,-78.92834,36.766461,-78.939614,seat
51089,VA,Henry County,Martinsville,36.686143,-79.869171,36.620612,-79.980662,seat
51091,VA,Highland County,Monterey,38.4119,-79.5806,38.366243,-79.564472,seat
51105,VA,Lee County,Jonesville,36.6881,-83.1164,36.701721,-83.130112,seat
51125,VA,Nelson County,Lovingston,37.76,-78.8708,37.789079,-78.88344,seat
51137,VA,Orange County,Orange,38.2458,-78.1097,38.249326,-78.011092,seat
51139,VA,Page County,Luray,38.6642,-78.4544,38.623209,-78.491872,seat
51147,VA,Prince Edward County,Farmville,37.3021,-78.39194,37.224881,-78.432957,seat
51155,VA,Pulaski County,Pulaski,37.05,-80.7722,37.063385,-80.713444,seat
51159,VA,Richmond County,Warsaw,37.9575,-76.7583,37.942894,-76.730561,seat
51167,VA,Russell County,Lebanon,36.9008,-82.0769,36.93342,-82.095934,seat
51169,VA,Scott County,Gate City,36.6383,-82.5806,36.712776,-82.613624,seat
51183,VA,Sussex County,Sussex,37.9153,-77.2792,36.926645,-77.259732,seat
51185,VA,Tazewell County,Tazewell,37.11484,-81.51955,37.125395,-81.562924,seat
51195,VA,Wise County,Wise,36.9781,-82.5769,36.974561,-82.62156,seat
51580,VA,Covington city,(internal point),37.78106,-79.985434,37.78106,-79.985434,internal_point
51590,VA,Danville city,(internal point),36.583334,-79.408071,36.583334,-79.408071,internal_point
51610,VA,Falls Church city,(internal point),38.884722,-77.175603,38.884722,-77.175603,internal_point
51620,VA,Franklin city,(internal point),36.684014,-76.941396,36.684014,-76.941396,internal_point
51630,VA,Fredericksburg city,(internal point),38.299272,-77.486658,38.299272,-77.486658,internal_point
51670,VA,Hopewell city,(internal point),37.29101,-77.298944,37.29101,-77.298944,internal_point
51680,VA,Lynchburg city,(internal point),37.399016,-79.195458,37.399016,-79.195458,internal_point
51683,VA,Manassas city,(internal point),38.746808,-77.482633,38.746808,-77.482633,internal_point
51710,VA,Norfolk city,(internal point),36.923015,-76.244641,36.923015,-76.244641,internal_point
51770,VA,Roanoke city,(internal point),37.278458,-79.958174,37.278458,-79.958174,internal_point
51790,VA,Staunton city,(internal point),38.157978,-79.061876,38.157978,-79.061876,internal_point
51840,VA,Winchester city,(internal point),39.173869,-78.176356,39.173869,-78.176356,internal_point
53001,WA,Adams County,Ritzville,47.1264,-118.377,47.011238,-118.512861,seat
53007,WA,Chelan County,Wenatchee,47.423333333333,-120.32527777778,47.860974,-120.619041,seat
53009,WA,Clallam County,Port Angeles,48.1131,-123.441,48.110903,-123.88986,seat
53011,WA,Clark County,Vancouver,45.631111111111,-122.67166666667,45.77173,-122.485953,seat
53013,WA,Columbia County,Dayton,46.319722222222,-117.97777777778,46.29285,-117.911634,seat
53015,WA,Cowlitz County,Kelso,46.1419,-122.906,46.196785,-122.67846,seat
53017,WA,Douglas County,Waterville,47.6478,-120.073,47.741763,-119.694622,seat
53021,WA,Franklin County,Pasco,46.238611111111,-119.10861111111,46.537502,-118.903891,seat
53025,WA,Grant County,Ephrata,47.316944444444,-119.54805555556,47.213633,-119.467788,seat
53029,WA,Island County,Coupeville,48.2183,-122.684,48.158554,-122.670649,seat
53035,WA,Kitsap County,Port Orchard,47.531666666667,-122.63833333333,47.639595,-122.649634,seat
53037,WA,Kittitas County,Ellensburg,46.997064,-120.545119,47.124441,-120.676709,seat
53041,WA,Lewis County,Chehalis,46.66,-122.963,46.580071,-122.377444,seat
53045,WA,Mason County,Shelton,47.213611111111,-123.10611111111,47.350832,-123.173103,seat
53047,WA,Okanogan County,Okanogan,48.366666666667,-119.58111111111,48.548453,-119.742235,seat
53049,WA,Pacific County,South Bend,46.663611111111,-123.80111111111,46.556587,-123.782419,seat
53059,WA,Skamania County,Stevenson,45.696111111111,-121.88833333333,46.024785,-121.953232,seat
53065,WA,Stevens County,Colville,48.545,-117.90083333333,48.388728,-117.854455,seat
53073,WA,Whatcom County,Bellingham,48.754388888889,-122.47883333333,48.842653,-121.836432,seat
54003,WV,Berkeley County,Martinsburg,39.456388888889,-77.967777777778,39.447938,-78.037754,seat
54005,WV,Boone County,Madison,38.061944444444,-81.818333333333,38.022814,-81.713538,seat
54007,WV,Braxton County,Sutton,38.664444444444,-80.710277777778,38.69933,-80.73166,seat
54011,WV,Cabell County,Huntington,38.420833333333,-82.423611111111,38.419578,-82.243397,seat
54027,WV,Hampshire County,Romney,39.345,-78.756944444444,39.312139,-78.611989,seat
54029,WV,Hancock County,New Cumberland,40.499166666667,-80.608055555556,40.516958,-80.570164,seat
54049,WV,Marion County,Fairmont,39.481388888889,-80.143333333333,39.505839,-80.243402,seat
54053,WV,Mason County,Point Pleasant,38.857527,-82.128571,38.770914,-82.029007,seat
54067,WV,Nicholas County,Summersville,38.2843332,-80.8415469,38.291432,-80.797515,seat
54075,WV,Pocahontas County,Marlinton,38.2247,-80.0947,38.332606,-80.010121,seat
54081,WV,Raleigh County,Beckley,37.779722222222,-81.183055555556,37.762469,-81.264672,seat
54085,WV,Ritchie County,Harrisville,39.21,-81.0508,39.177112,-81.066317,seat
54093,WV,Tucker County,Parsons,39.095833333333,-79.679444444444,39.111175,-79.559968,seat
54097,WV,Upshur County,Buckhannon,38.9892,-80.2242,38.90253,-80.231606,seat
55013,WI,Burnett County,Siren,45.7722,-92.3575,45.866897,-92.37573,seat
55035,WI,Eau Claire County,Eau Claire,44.814722222222,-91.492777777778,44.726355,-91.286414,seat
55037,WI,Florence County,Florence,45.9222,-88.2517,45.871828,-88.406988,seat
55043,WI,Grant County,Lancaster,42.848611111111,-90.710555555556,42.870028,-90.694229,seat
55047,WI,Green Lake County,Green Lake,43.842777777778,-88.957777777778,43.780247,-88.97038,seat
55049,WI,Iowa County,Dodgeville,42.963333333333,-90.131111111111,43.001021,-90.133691,seat
55051,WI,Iron County,Hurley,46.450277777778,-90.189722222222,46.32655,-90.261298,seat
55053,WI,Jackson County,Black River Falls,44.294722222222,-90.851666666667,44.32459,-90.79951,seat
55059,WI,Kenosha County,Kenosha,42.582222222222,-87.845555555556,42.587526,-87.879996,seat
55061,WI,Kewaunee County,Kewaunee,44.460277777778,-87.511111111111,44.605677,-87.448008,seat
55063,WI,La Crosse County,La Crosse,43.813333333333,-91.233055555556,43.908222,-91.111758,seat
55069,WI,Lincoln County,Merrill,45.1825,-89.695555555556,45.333148,-89.73224,seat
55075,WI,Marinette County,Marinette,45.1,-87.630555555556,45.346899,-87.991198,seat
55079,WI,Milwaukee County,Milwaukee,43.05,-87.95,42.912643,-87.862312,seat
55085,WI,Oneida County,Rhinelander,45.639444444444,-89.412222222222,45.716176,-89.534533,seat
55087,WI,Outagamie County,Appleton,44.282222222222,-88.418333333333,44.418226,-88.464988,seat
55089,WI,Ozaukee County,Port Washington,43.393333333333,-87.881111111111,43.501807,-87.847551,seat
55093,WI,Pierce County,Ellsworth,44.7325,-92.48,44.725336,-92.426279,seat
55099,WI,Price County,Phillips,45.691666666667,-90.401944444444,45.679072,-90.35965,seat
55105,WI,Rock County,Janesville,42.6854687,-89.0136316,42.66988,-89.075284,seat
55107,WI,Rusk County,Ladysmith,45.463888888889,-91.1,45.472734,-91.136745,seat
55111,WI,Sauk County,Baraboo,43.468055555556,-89.741666666667,43.428001,-89.943318,seat
55113,WI,Sawyer County,Hayward,46.01,-91.480555555556,45.864999,-91.147063,seat
55115,WI,Shawano County,Shawano,44.776666666667,-88.601944444444,44.789641,-88.755813,seat
55117,WI,Sheboygan County,Sheboygan,43.75,-87.725,43.738713,-87.731531,seat
55121,WI,Trempealeau County,Whitehall,44.366666666667,-91.316388888889,44.30305,-91.358867,seat
55127,WI,Walworth County,Elkhorn,42.672777777778,-88.540277777778,42.66811,-88.541731,seat
55141,WI,Wood County,Wisconsin Rapids,44.394444444444,-89.832777777778,44.461413,-90.038825,seat
56001,WY,Albany County,Laramie,41.311111111111,-105.59361111111,41.665514,-105.721883,seat
56005,WY,Campbell County,Gillette,44.282777777778,-105.50527777778,44.191999,-105.517014,seat
56007,WY,Carbon County,Rawlins,41.790277777778,-107.23416666667,41.70359,-106.933153,seat
56011,WY,Crook County,Sundance,44.405277777778,-104.37222222222,44.589266,-104.567298,seat
56013,WY,Fremont County,Lander,42.833055555556,-108.7325,43.054831,-108.608935,seat
56019,WY,Johnson County,Buffalo,44.3475,-106.70111111111,44.044048,-106.588541,seat
56023,WY,Lincoln County,Kemmerer,41.789444444444,-110.54638888889,42.229993,-110.682961,seat
56025,WY,Natrona County,Casper,42.834722222222,-106.325,42.977645,-106.768219,seat
56027,WY,Niobrara County,Lusk,42.760555555556,-104.45277777778,43.062159,-104.468373,seat
56029,WY,Park County,Cody,44.523333333333,-109.05722222222,44.492387,-109.593597,seat
56031,WY,Platte County,Wheatland,42.053888888889,-104.95944444444,42.131593,-104.953963,seat
56033,WY,Sheridan County,Sheridan,44.796666666667,-106.95888888889,44.781369,-106.881211,seat
56037,WY,Sweetwater County,Green River,41.514166666667,-109.465,41.660328,-108.875677,seat
56039,WY,Teton County,Jackson,43.475277777778,-110.76916666667,44.048662,-110.426087,seat
56043,WY,Washakie County,Worland,44.015386111111,-107.95663055556,43.878831,-107.669052,seat
56045,WY,Weston County,Newcastle,43.853055555556,-104.20944444444,43.846213,-104.57002,seat
